subject	lo	hi	n_total	n_gp	frac_gp
100610	25	7	54	0	0.0
100610	4	29	2124	0	0.0
100610	2	12	349	2	0.0057306590257879654
100610	6	53	92	0	0.0
100610	6	16	4088	92	0.022504892367906065
100610	41	3	203	0	0.0
100610	5	48	1855	93	0.05013477088948787
100610	2	8	55	4	0.07272727272727272
100610	3	36	153	0	0.0
100610	19	7	1589	0	0.0
100610	44	1	174	2	0.011494252873563218
100610	9	2	3283	1	0.0003045994517209869
100610	5	30	3242	13	0.004009870450339297
100610	48	8	563	0	0.0
100610	1	34	405	6	0.014814814814814815
100610	31	7	112	0	0.0
100610	4	14	3	0	0.0
100610	14	2	10	5	0.5
100610	5	51	81	14	0.1728395061728395
100610	34	5	311	2	0.006430868167202572
100610	28	2	70	1	0.014285714285714285
100610	21	5	1298	5	0.003852080123266564
100610	20	5	16916	242	0.014305982501773468
100610	5	14	466	0	0.0
100610	51	1	76	70	0.9210526315789473
100610	49	8	17	0	0.0
100610	15	2	120	105	0.875
100610	7	32	728	0	0.0
100610	35	5	265	2	0.007547169811320755
100610	29	2	15758	2433	0.15439776621398654
100610	6	32	13	0	0.0
100610	8	18	32	1	0.03125
100610	7	16	148	1	0.006756756756756757
100610	30	7	1421	0	0.0
100610	45	1	2603	67	0.025739531310026893
100610	2	36	142	15	0.1056338028169014
100610	8	25	138	0	0.0
100610	3	12	14	0	0.0
100610	3	8	62	0	0.0
100610	4	30	329	0	0.0
100610	18	7	20	0	0.0
100610	24	7	948	0	0.0
100610	8	27	73	0	0.0
100610	1	8	52	0	0.0
100610	5	29	7	0	0.0
100610	40	3	39	0	0.0
100610	1	10	846	23	0.027186761229314422
100610	7	53	9	0	0.0
100610	7	29	135	0	0.0
100610	47	1	9	0	0.0
100610	37	5	46	2	0.043478260869565216
100610	2	34	298	20	0.06711409395973154
100610	42	3	17	0	0.0
100610	1	12	24	0	0.0
100610	5	53	54	10	0.18518518518518517
100610	4	32	17	0	0.0
100610	26	7	275	0	0.0
100610	5	16	2181	2	0.0009170105456212746
100610	7	51	39	1	0.02564102564102564
100610	6	48	16688	1075	0.06441754554170662
100610	3	10	75	0	0.0
100610	23	5	50	0	0.0
100610	7	14	48	0	0.0
100610	6	30	21225	3487	0.1642873969375736
100610	16	2	55	8	0.14545454545454545
100610	8	46	1	0	0.0
100610	2	10	5401	3	0.0005554526939455656
100610	36	5	283	4	0.014134275618374558
100610	27	7	15	0	0.0
100610	6	29	2231	235	0.105333930972658
100610	46	1	78	3	0.038461538461538464
100610	5	32	227	6	0.02643171806167401
100610	22	5	2747	15	0.005460502366217692
100610	33	7	349	0	0.0
100610	6	14	4049	12	0.0029636947394418374
100610	4	16	34	0	0.0
100610	1	36	142	0	0.0
100610	43	3	23	0	0.0
100610	7	48	29	0	0.0
100610	6	51	390	3	0.007692307692307693
100610	4	8	116	0	0.0
100610	37	7	27	0	0.0
100610	4	12	15	0	0.0
100610	7	34	326	0	0.0
100610	2	51	4	4	1.0
100610	9	4	31	0	0.0
100610	6	10	82	70	0.8536585365853658
100610	13	2	327	10	0.03058103975535168
100610	26	5	1445	14	0.009688581314878892
100610	42	1	374	8	0.0213903743315508
100610	3	30	166	0	0.0
100610	23	7	36	0	0.0
100610	1	32	55	0	0.0
100610	3	34	323	0	0.0
100610	27	5	6	0	0.0
100610	53	3	6	0	0.0
100610	8	23	213	0	0.0
100610	3	51	3	0	0.0
100610	5	8	370	67	0.1810810810810811
100610	46	3	31	0	0.0
100610	33	5	1296	28	0.021604938271604937
100610	3	14	3	0	0.0
100610	4	36	139	0	0.0
100610	7	10	3	2	0.6666666666666666
100610	1	16	2	2	1.0
100610	3	29	534	0	0.0
100610	6	34	330	12	0.03636363636363636
100610	36	7	1126	0	0.0
100610	52	3	2	0	0.0
100610	22	7	1322	5	0.0037821482602118004
100610	43	1	416	27	0.06490384615384616
100610	2	30	639	37	0.057902973395931145
100610	5	10	66	45	0.6818181818181818
100610	44	3	18	0	0.0
100610	2	32	8	0	0.0
100610	8	21	2050	0	0.0
100610	41	1	2077	90	0.043331728454501686
100610	6	36	228	2	0.008771929824561403
100610	20	7	11237	6	0.0005339503426181365
100610	7	8	4803	3	0.0006246096189881324
100610	25	5	60	0	0.0
100610	19	5	1250	3	0.0024
100610	50	3	3	0	0.0
100610	31	5	51	0	0.0
100610	1	29	2753	0	0.0
100610	3	16	4	0	0.0
100610	4	34	725	0	0.0
100610	8	6	1144	104	0.09090909090909091
100610	38	2	13	2	0.15384615384615385
100610	4	10	117	1	0.008547008547008548
100610	40	1	36	0	0.0
100610	1	30	33	0	0.0
100610	8	40	151	0	0.0
100610	11	2	1862	25	0.01342642320085929
100610	24	5	290	1	0.0034482758620689655
100610	8	38	227	2	0.00881057268722467
100610	49	6	1823	76	0.041689522764673616
100610	21	7	780	0	0.0
100610	35	7	237	0	0.0
100610	2	53	2	0	0.0
100610	3	32	33	0	0.0
100610	45	3	143	0	0.0
100610	39	2	5614	5	0.0008906305664410402
100610	18	5	676	0	0.0
100610	7	15	56	5	0.08928571428571429
100610	9	6	4	1	0.25
100610	6	31	7	1	0.14285714285714285
100610	1	9	146	0	0.0
100610	22	3	816	0	0.0
100610	4	33	203	0	0.0
100610	7	50	21	0	0.0
100610	8	26	223	0	0.0
100610	27	1	188	2	0.010638297872340425
100610	1	13	246	0	0.0
100610	17	8	3	0	0.0
100610	3	11	73	0	0.0
100610	52	7	18	5	0.2777777777777778
100610	5	52	2529	175	0.06919731119019375
100610	5	17	23	0	0.0
100610	33	1	355	3	0.008450704225352112
100610	43	5	1	1	1.0
100610	6	28	436	33	0.07568807339449542
100610	6	15	3698	21	0.005678745267712277
100610	16	8	99	0	0.0
100610	2	35	81	8	0.09876543209876543
100610	23	3	428	0	0.0
100610	1	37	5951	17	0.0028566627457570154
100610	26	1	18	0	0.0
100610	7	28	319	0	0.0
100610	6	50	1569	1	0.0006373486297004461
100610	3	35	670	0	0.0
100610	2	54	11	0	0.0
100610	37	3	416	0	0.0
100610	7	49	6	0	0.0
100610	4	50	2	0	0.0
100610	28	8	441	0	0.0
100610	1	35	145	0	0.0
100610	39	6	180	9	0.05
100610	9	3	14	0	0.0
100610	28	4	175	0	0.0
100610	21	3	1638	0	0.0
100610	6	17	134	2	0.014925373134328358
100610	18	1	1	1	1.0
100610	4	15	18	0	0.0
100610	6	52	5046	0	0.0
100610	5	49	811	50	0.06165228113440197
100610	24	1	184	1	0.005434782608695652
100610	11	6	13	1	0.07692307692307693
100610	14	8	37	0	0.0
100610	45	7	1	1	1.0
100610	54	5	3	0	0.0
100610	40	5	1337	0	0.0
100610	29	8	307	0	0.0
100610	5	28	375	1	0.0026666666666666666
100610	25	1	1761	31	0.017603634298693924
100610	3	13	36	0	0.0
100610	19	1	14320	137	0.009567039106145252
100610	38	6	2980	67	0.02248322147651007
100610	31	1	1258	0	0.0
100610	8	19	553	0	0.0
100610	20	3	2425	0	0.0
100610	1	11	806	0	0.0
100610	4	31	24	0	0.0
100610	8	24	1351	0	0.0
100610	2	37	2754	64	0.023238925199709513
100610	15	8	69	2	0.028985507246376812
100610	44	7	2	0	0.0
100610	7	17	1	1	1.0
100610	2	33	303	23	0.07590759075907591
100610	8	20	5891	5	0.0008487523340689187
100610	40	7	155	0	0.0
100610	5	15	782	71	0.0907928388746803
100610	11	4	168	0	0.0
100610	5	50	383	21	0.05483028720626632
100610	6	37	2	0	0.0
100610	5	11	1	1	1.0
100610	39	4	1223	0	0.0
100610	39	8	91	0	0.0
100610	6	33	745	50	0.06711409395973154
100610	18	3	1	0	0.0
100610	1	15	40	35	0.875
100610	24	3	94	0	0.0
100610	11	8	11	0	0.0
100610	21	1	4773	21	0.0043997485857950975
100610	27	3	129	0	0.0
100610	4	35	30	0	0.0
100610	19	3	12102	3	0.00024789291026276647
100610	38	4	8	0	0.0
100610	2	50	12	1	0.08333333333333333
100610	10	8	1	0	0.0
100610	25	3	1632	0	0.0
100610	3	33	237	0	0.0
100610	20	1	688	5	0.007267441860465116
100610	31	3	832	0	0.0
100610	45	5	1	0	0.0
100610	43	7	8	0	0.0
100610	44	5	63	47	0.746031746031746
100610	1	28	31	0	0.0
100610	4	13	66	0	0.0
100610	3	15	1	0	0.0
100610	4	43	7	0	0.0
100610	7	11	3	0	0.0
100610	23	1	143	0	0.0
100610	6	35	576	45	0.078125
100610	22	1	753	3	0.00398406374501992
100610	26	3	44	0	0.0
100610	3	28	89	0	0.0
100610	2	31	203	0	0.0
100610	8	22	1857	1	0.0005385029617662897
100610	4	37	257	0	0.0
100610	6	54	6928	13	0.0018764434180138568
100610	6	41	3	0	0.0
100610	22	4	2382	0	0.0
100610	36	8	63	2	0.031746031746031744
100610	42	2	1047	25	0.02387774594078319
100610	4	20	951	0	0.0
100610	4	5	106	0	0.0
100610	6	7	619	63	0.10177705977382875
100610	26	6	1132	10	0.0088339222614841
100610	43	2	2008	13	0.006474103585657371
100610	37	8	6	0	0.0
100610	2	45	2540	3	0.0011811023622047244
100610	2	3	442	10	0.02262443438914027
100610	6	20	9012	112	0.012427873945849977
100610	23	4	1598	0	0.0
100610	2	19	5739	13	0.0022652029970378113
100610	27	6	173	1	0.005780346820809248
100610	7	39	9	0	0.0
100610	2	24	341	8	0.02346041055718475
100610	35	8	96	0	0.0
100610	2	1	3573	331	0.09263923873495662
100610	5	39	17	0	0.0
100610	4	7	71	0	0.0
100610	18	6	1354	48	0.03545051698670606
100610	6	22	7669	930	0.12126744034424305
100610	39	1	4707	18	0.0038240917782026767
100610	2	26	3	0	0.0
100610	6	5	3407	474	0.1391253302025242
100610	21	4	3571	0	0.0
100610	38	1	59	2	0.03389830508474576
100610	25	6	204	2	0.00980392156862745
100610	8	54	1	0	0.0
100610	34	8	144	0	0.0
100610	40	2	20	0	0.0
100610	19	6	459	20	0.04357298474945534
100610	24	6	568	49	0.08626760563380281
100610	2	47	8665	6	0.0006924408540103866
100610	5	7	2833	176	0.06212495587716202
100610	41	2	13209	873	0.06609130138541904
100610	1	3	2137	33	0.01544220870379036
100610	7	1	39	1	0.02564102564102564
100610	30	8	4007	0	0.0
100610	44	2	328	12	0.036585365853658534
100610	4	45	5	0	0.0
100610	4	41	1515	0	0.0
100610	4	3	1804	0	0.0
100610	31	8	47	0	0.0
100610	39	3	271	0	0.0
100610	6	47	3	0	0.0
100610	6	43	2	0	0.0
100610	21	6	7606	460	0.06047856955035498
100610	8	50	9	0	0.0
100610	4	19	3835	0	0.0
100610	24	4	538	0	0.0
100610	2	5	213	135	0.6338028169014085
100610	5	3	162	0	0.0
100610	38	3	33	0	0.0
100610	46	2	170	7	0.041176470588235294
100610	27	4	1544	0	0.0
100610	4	26	32	0	0.0
100610	4	1	746	12	0.0160857908847185
100610	32	8	8	0	0.0
100610	6	3	66	4	0.06060606060606061
100610	25	4	838	0	0.0
100610	2	7	15	2	0.13333333333333333
100610	2	20	52	0	0.0
100610	8	33	793	0	0.0
100610	6	1	266	134	0.5037593984962406
100610	3	7	91	0	0.0
100610	1	5	147	59	0.4013605442176871
100610	23	6	679	46	0.06774668630338733
100610	2	22	2196	86	0.039162112932604735
100610	4	47	3	0	0.0
100610	6	40	908	8	0.00881057268722467
100610	2	25	1055	8	0.007582938388625593
100610	2	18	2	2	1.0
100610	5	38	2245	16	0.0071269487750556795
100610	4	40	86	0	0.0
100610	42	4	13	0	0.0
100610	8	52	2	0	0.0
100610	2	27	698	12	0.017191977077363897
100610	2	6	530	337	0.6358490566037736
100610	38	7	598	1	0.0016722408026755853
100610	23	2	349	24	0.06876790830945559
100610	4	6	221	17	0.07692307692307693
100610	21	2	7577	1257	0.16589679292596013
100610	46	6	7	0	0.0
100610	44	6	6	5	0.8333333333333334
100610	53	8	2	0	0.0
100610	46	4	15	0	0.0
102311	2	12	78	0	0.0
102311	1	34	151	5	0.033112582781456956
102311	2	8	34	0	0.0
100610	4	44	5	0	0.0
100610	8	51	8	4	0.5
102311	31	7	165	0	0.0
100610	4	2	925	110	0.11891891891891893
102311	25	7	2	0	0.0
102311	19	7	502	0	0.0
102311	3	36	126	0	0.0
102311	48	4	3	0	0.0
102311	4	29	2600	0	0.0
102311	5	48	2406	160	0.06650041562759768
102311	41	3	93	0	0.0
102311	50	1	16	6	0.375
102311	6	53	142	2	0.014084507042253521
102311	4	14	2	0	0.0
102311	4	51	1	1	1.0
102311	9	2	2286	45	0.01968503937007874
102311	15	2	2	0	0.0
102311	35	5	16	0	0.0
102311	44	1	298	89	0.2986577181208054
102311	5	30	2547	5	0.0019630938358853552
102311	34	5	21	0	0.0
102311	14	2	5	1	0.2
102311	7	32	36	0	0.0
102311	48	8	367	0	0.0
102311	29	2	12622	2418	0.19157027412454444
102311	20	5	3989	104	0.026071697167209827
102311	21	5	45	0	0.0
102311	6	16	4629	100	0.02160293799956794
102311	28	2	11	0	0.0
102311	7	16	43	0	0.0
102311	2	36	144	21	0.14583333333333334
102311	5	51	297	175	0.5892255892255892
102311	45	1	2727	418	0.1532819948661533
102311	18	7	5	0	0.0
102311	49	8	11	0	0.0
102311	4	30	222	0	0.0
102311	5	14	301	0	0.0
102311	30	7	424	0	0.0
102311	51	1	1	1	1.0
102311	5	29	7	0	0.0
102311	7	53	14	0	0.0
102311	8	25	5	0	0.0
102311	8	18	8	0	0.0
102311	1	10	645	78	0.12093023255813953
102311	3	8	6	0	0.0
102311	8	27	23	0	0.0
102311	1	8	9	0	0.0
102311	1	12	23	6	0.2608695652173913
102311	5	16	904	5	0.0055309734513274336
102311	2	34	231	28	0.12121212121212122
102311	7	29	21	0	0.0
102311	3	10	25	0	0.0
102311	47	1	572	62	0.10839160839160839
102311	24	7	728	0	0.0
102311	5	53	88	17	0.19318181818181818
102311	42	3	15	0	0.0
102311	26	7	167	0	0.0
102311	3	12	3	0	0.0
102311	6	48	9923	787	0.0793106923309483
102311	7	51	24	0	0.0
102311	6	30	22395	2388	0.10663094440723375
102311	7	14	10	0	0.0
102311	23	5	7	0	0.0
102311	36	5	7	0	0.0
102311	16	2	26	4	0.15384615384615385
102311	46	1	78	5	0.0641025641025641
102311	37	5	1	0	0.0
102311	43	3	41	0	0.0
102311	7	48	33	0	0.0
102311	6	29	344	30	0.0872093023255814
102311	5	32	1	1	1.0
102311	22	5	3054	9	0.0029469548133595285
102311	4	16	9	0	0.0
102311	6	14	3880	15	0.003865979381443299
102311	6	51	308	0	0.0
102311	1	36	125	3	0.024
102311	2	10	3512	23	0.006548974943052392
102311	3	34	89	0	0.0
102311	7	34	66	0	0.0
102311	27	7	5	0	0.0
102311	4	8	36	0	0.0
102311	9	4	1	0	0.0
102311	37	7	68	0	0.0
102311	33	7	135	0	0.0
102311	23	7	18	0	0.0
102311	3	48	1	0	0.0
102311	3	30	28	0	0.0
102311	2	51	1	1	1.0
102311	42	1	418	58	0.13875598086124402
102311	3	14	1	0	0.0
102311	3	51	5	0	0.0
102311	33	5	7	0	0.0
102311	26	5	3225	95	0.02945736434108527
102311	13	2	270	21	0.07777777777777778
102311	2	30	531	54	0.1016949152542373
102311	8	23	97	0	0.0
102311	4	36	61	0	0.0
102311	46	3	30	0	0.0
102311	7	10	3	0	0.0
102311	20	7	2595	0	0.0
102311	36	7	627	0	0.0
102311	3	29	194	0	0.0
102311	5	8	51	8	0.1568627450980392
102311	7	8	1316	0	0.0
102311	6	34	26	4	0.15384615384615385
102311	8	6	273	37	0.13553113553113552
102311	43	1	2002	402	0.2007992007992008
102311	22	7	1084	0	0.0
102311	4	34	271	0	0.0
102311	6	36	14	0	0.0
102311	1	29	1324	0	0.0
102311	38	2	6	2	0.3333333333333333
102311	18	5	171	18	0.10526315789473684
102311	31	5	1	0	0.0
102311	19	5	14	0	0.0
102311	50	3	3	0	0.0
102311	41	1	2815	144	0.05115452930728242
102311	3	16	2	0	0.0
102311	5	10	1	1	1.0
102311	11	2	2926	183	0.06254272043745727
102311	44	3	32	0	0.0
102311	2	32	1	0	0.0
102311	8	21	364	0	0.0
102311	39	2	3865	32	0.008279430789133247
102311	24	5	428	15	0.035046728971962614
102311	9	6	1	0	0.0
102311	52	7	87	0	0.0
102311	1	30	37	1	0.02702702702702703
102311	8	38	50	0	0.0
102311	2	53	16	0	0.0
102311	8	40	52	0	0.0
102311	21	7	172	0	0.0
102311	35	7	86	0	0.0
102311	4	33	247	0	0.0
102311	45	3	143	0	0.0
102311	7	50	14	0	0.0
102311	7	15	67	1	0.014925373134328358
102311	6	31	3	0	0.0
102311	4	10	5	0	0.0
102311	49	6	1095	22	0.02009132420091324
102311	5	17	26	2	0.07692307692307693
102311	1	9	238	2	0.008403361344537815
102311	2	35	52	1	0.019230769230769232
102311	8	26	175	0	0.0
102311	3	11	40	0	0.0
102311	7	28	46	0	0.0
102311	5	52	2673	517	0.1934156378600823
102311	17	8	1	0	0.0
102311	33	1	401	16	0.0399002493765586
102311	27	1	484	8	0.01652892561983471
102311	3	35	331	1	0.0030211480362537764
102311	22	3	240	0	0.0
102311	6	28	1282	142	0.11076443057722309
102311	16	8	16	0	0.0
102311	1	13	43	1	0.023255813953488372
102311	7	49	13	0	0.0
102311	1	37	6957	88	0.012649130372286906
102311	37	3	318	0	0.0
102311	4	15	3	0	0.0
102311	6	15	4117	29	0.007043964051493806
102311	23	3	2945	0	0.0
102311	4	50	2	0	0.0
102311	6	17	76	3	0.039473684210526314
102311	45	7	1	0	0.0
102311	6	50	1005	11	0.010945273631840797
102311	6	52	2953	11	0.0037250253979004403
102311	28	4	10	0	0.0
102311	14	8	9	0	0.0
102311	1	35	143	2	0.013986013986013986
102311	3	13	2	0	0.0
102311	11	6	6	1	0.16666666666666666
102311	5	49	963	178	0.18483904465212878
102311	28	8	471	0	0.0
102311	21	3	1684	1	0.0005938242280285036
102311	2	54	11	1	0.09090909090909091
102311	5	28	775	2	0.0025806451612903226
102311	39	6	3	0	0.0
102311	9	3	13	0	0.0
102311	54	5	963	80	0.08307372793354102
102311	40	5	5020	17	0.003386454183266932
102311	24	1	18	0	0.0
102311	8	45	1	1	1.0
102311	31	1	408	1	0.0024509803921568627
102311	2	37	2117	5	0.0023618327822390174
102311	1	11	450	5	0.011111111111111112
102311	6	33	35	6	0.17142857142857143
102311	4	31	23	0	0.0
102311	8	24	2520	0	0.0
102311	15	8	33	0	0.0
102311	25	1	3289	140	0.042566129522651264
102311	38	6	1748	8	0.004576659038901602
102311	8	19	38	0	0.0
102311	7	17	2	0	0.0
102311	20	3	689	0	0.0
102311	44	7	4	0	0.0
102311	5	50	1086	264	0.2430939226519337
102311	29	8	297	0	0.0
102311	19	1	14756	612	0.041474654377880185
102311	39	4	176	0	0.0
102311	5	15	1296	409	0.31558641975308643
102311	2	33	358	48	0.1340782122905028
102311	40	7	6	0	0.0
102311	11	4	19	0	0.0
102311	24	3	22	0	0.0
102311	6	37	1	0	0.0
102311	8	20	780	0	0.0
102311	5	11	1	0	0.0
102311	18	3	1	0	0.0
102311	11	8	1	0	0.0
102311	39	8	13	0	0.0
102311	21	1	2911	90	0.03091721058055651
102311	4	35	39	0	0.0
102311	45	5	2	2	1.0
102311	20	1	116	4	0.034482758620689655
102311	2	52	1	0	0.0
102311	25	3	175	0	0.0
102311	2	50	28	0	0.0
102311	38	4	2	0	0.0
102311	31	3	1314	0	0.0
102311	3	33	484	0	0.0
102311	22	1	316	1	0.0031645569620253164
102311	27	3	114	0	0.0
102311	8	41	25	0	0.0
102311	6	35	25	1	0.04
102311	3	28	1	0	0.0
102311	43	7	6	0	0.0
102311	4	13	3	0	0.0
102311	19	3	14387	2	0.00013901438798915688
102311	4	37	29	0	0.0
102311	2	31	43	0	0.0
102311	36	8	18	0	0.0
102311	23	1	667	6	0.008995502248875561
102311	6	54	9654	135	0.013983840894965818
102311	27	6	4	0	0.0
102311	8	9	2	0	0.0
102311	4	43	46	0	0.0
102311	6	7	223	3	0.013452914798206279
102311	22	4	1254	0	0.0
102311	26	6	1338	88	0.06576980568011959
102311	8	22	3120	0	0.0
102311	3	15	4	0	0.0
102311	42	2	491	15	0.03054989816700611
102311	2	45	2386	15	0.006286672254819782
102311	43	2	1805	33	0.018282548476454295
102311	37	8	3	0	0.0
102311	18	6	978	46	0.04703476482617587
102311	2	3	147	24	0.16326530612244897
102311	4	5	2	0	0.0
102311	4	20	330	0	0.0
102311	21	4	3490	0	0.0
102311	2	19	5464	132	0.024158125915080528
102311	6	20	1525	187	0.12262295081967213
102311	35	8	21	0	0.0
102311	6	22	10098	1886	0.18676965735789267
102311	2	1	3850	949	0.2464935064935065
102311	2	24	65	2	0.03076923076923077
102311	23	4	4501	0	0.0
102311	7	39	7	0	0.0
102311	6	5	3241	1078	0.3326133909287257
102311	39	1	5402	28	0.00518326545723806
102311	1	3	1011	51	0.050445103857566766
102311	34	8	22	0	0.0
102311	24	6	501	92	0.18363273453093812
102311	8	54	9	0	0.0
102311	5	7	710	9	0.01267605633802817
102311	40	2	1	0	0.0
102311	25	6	1	0	0.0
102311	4	7	11	0	0.0
102311	19	6	18	0	0.0
102311	6	43	3	0	0.0
102311	38	1	3	0	0.0
102311	4	41	564	0	0.0
102311	41	2	9005	1571	0.17445863409217102
102311	2	47	8705	282	0.03239517518667433
102311	24	4	105	0	0.0
102311	39	3	120	0	0.0
102311	7	1	22	0	0.0
102311	25	4	383	0	0.0
102311	8	50	14	0	0.0
102311	38	3	14	0	0.0
102311	4	3	1402	0	0.0
102311	4	45	21	0	0.0
102311	2	5	1	1	1.0
102311	30	8	3473	0	0.0
102311	21	6	411	53	0.12895377128953772
102311	2	22	1622	97	0.059802712700369916
102311	44	2	563	26	0.046181172291296625
102311	4	19	7539	0	0.0
102311	6	1	7	4	0.5714285714285714
102311	2	20	59	8	0.13559322033898305
102311	8	33	59	0	0.0
102311	4	26	1	0	0.0
102311	27	4	499	0	0.0
102311	2	7	14	0	0.0
102311	6	3	6	0	0.0
102311	1	5	10	2	0.2
102311	23	6	75	13	0.17333333333333334
102311	3	7	57	0	0.0
102311	4	1	248	12	0.04838709677419355
102311	46	2	265	16	0.06037735849056604
102311	4	47	16	0	0.0
102311	8	52	14	0	0.0
102311	4	6	12	1	0.08333333333333333
102311	38	7	209	2	0.009569377990430622
102311	5	38	2720	46	0.016911764705882352
102311	44	6	3	1	0.3333333333333333
102311	2	27	2007	112	0.05580468360737419
102311	4	40	4	0	0.0
102311	42	4	1	0	0.0
102311	6	40	2617	63	0.02407336645013374
102311	2	25	1333	49	0.03675918979744936
102311	46	6	4	0	0.0
102311	4	2	515	65	0.1262135922330097
102311	4	44	10	0	0.0
102311	21	2	5538	899	0.1623329721921271
102311	23	2	1952	411	0.21055327868852458
102311	8	51	5	0	0.0
102311	2	6	31	14	0.45161290322580644
102311	46	4	3	0	0.0
102311	53	8	5	1	0.2
102816	1	34	52	0	0.0
102816	2	8	16	0	0.0
102816	2	12	283	5	0.0176678445229682
102816	25	7	6	0	0.0
102816	31	7	23	0	0.0
102816	4	29	1530	0	0.0
102816	5	48	4443	424	0.09543101507990097
102816	41	3	134	0	0.0
102816	6	53	77	1	0.012987012987012988
102816	9	2	5442	22	0.00404263138552003
102816	3	36	126	0	0.0
102816	48	8	450	0	0.0
102816	5	30	3065	1	0.0003262642740619902
102816	6	16	6722	128	0.019041951800059506
102816	48	4	3	0	0.0
102816	19	7	1187	0	0.0
102816	44	1	279	14	0.05017921146953405
102816	50	1	1	0	0.0
102816	4	14	8	0	0.0
102816	7	32	53	0	0.0
102816	34	5	318	7	0.0220125786163522
102816	5	51	483	134	0.2774327122153209
102816	6	32	19	0	0.0
102816	15	2	25	24	0.96
102816	21	5	872	6	0.006880733944954129
102816	35	5	116	4	0.034482758620689655
102816	5	14	577	5	0.008665511265164644
102816	28	2	22	0	0.0
102816	14	2	12	2	0.16666666666666666
102816	49	8	30	0	0.0
102816	51	1	69	69	1.0
102816	45	1	2672	68	0.025449101796407185
102816	8	18	37	0	0.0
102816	4	30	112	0	0.0
102816	8	25	15	0	0.0
102816	30	7	949	1	0.001053740779768177
102816	18	7	14	0	0.0
102816	20	5	19157	250	0.01305006003027614
102816	5	29	32	0	0.0
102816	2	36	34	4	0.11764705882352941
102816	3	8	70	0	0.0
102816	7	16	138	0	0.0
102816	3	12	4	0	0.0
102816	40	3	29	0	0.0
102816	24	7	3620	0	0.0
102816	1	10	1843	36	0.019533369506239826
102816	7	53	15	3	0.2
102816	29	2	13681	739	0.05401651926028799
102816	1	8	7	0	0.0
102816	1	12	50	1	0.02
102816	47	1	3412	36	0.010550996483001172
102816	5	16	1598	8	0.0050062578222778474
102816	7	51	33	2	0.06060606060606061
102816	6	30	18227	1574	0.08635540681406705
102816	42	3	5	0	0.0
102816	2	34	73	5	0.0684931506849315
102816	8	27	12	0	0.0
102816	7	29	27	0	0.0
102816	3	10	57	0	0.0
102816	5	53	218	94	0.43119266055045874
102816	6	48	15178	774	0.05099486098300171
102816	37	5	4	0	0.0
102816	7	14	35	0	0.0
102816	26	7	849	0	0.0
102816	23	5	129	0	0.0
102816	16	2	28	2	0.07142857142857142
102816	36	5	65	3	0.046153846153846156
102816	4	16	17	0	0.0
102816	5	32	126	0	0.0
102816	52	1	7	7	1.0
102816	7	48	77	3	0.03896103896103896
102816	6	51	246	1	0.0040650406504065045
102816	22	5	2483	66	0.026580749093838098
102816	43	3	14	0	0.0
102816	1	36	21	0	0.0
102816	46	1	56	2	0.03571428571428571
102816	6	14	5510	19	0.0034482758620689655
102816	33	7	372	0	0.0
102816	2	10	4248	9	0.00211864406779661
102816	6	29	1310	185	0.14122137404580154
102816	3	34	300	0	0.0
102816	4	8	129	0	0.0
102816	4	12	2	0	0.0
102816	7	34	655	0	0.0
102816	23	7	111	0	0.0
102816	9	4	2	0	0.0
102816	26	5	1051	14	0.013320647002854425
102816	1	32	1	1	1.0
102816	2	51	71	70	0.9859154929577465
102816	53	3	3	0	0.0
102816	27	5	5	0	0.0
102816	42	1	356	12	0.033707865168539325
102816	3	30	13	0	0.0
102816	33	5	135	3	0.022222222222222223
102816	6	10	36	35	0.9722222222222222
102816	3	48	1	0	0.0
102816	13	2	523	17	0.032504780114722756
102816	3	14	2	0	0.0
102816	3	51	2	0	0.0
102816	5	8	359	6	0.016713091922005572
102816	46	3	2	0	0.0
102816	22	7	2304	0	0.0
102816	3	29	183	0	0.0
102816	5	12	1	1	1.0
102816	8	23	310	0	0.0
102816	7	10	1	1	1.0
102816	6	34	405	40	0.09876543209876543
102816	2	48	12	0	0.0
102816	52	3	3	0	0.0
102816	43	1	1379	37	0.026831036983321246
102816	4	36	70	0	0.0
102816	1	16	1	0	0.0
102816	2	30	105	14	0.13333333333333333
102816	36	7	901	0	0.0
102816	4	34	549	0	0.0
102816	1	29	248	0	0.0
102816	5	10	59	45	0.7627118644067796
102816	19	5	308	1	0.003246753246753247
102816	50	3	4	0	0.0
102816	38	2	1	1	1.0
102816	8	21	3632	0	0.0
102816	31	5	1	0	0.0
102816	44	3	11	0	0.0
102816	41	1	4215	33	0.007829181494661922
102816	7	8	3082	0	0.0
102816	8	6	1343	164	0.12211466865227104
102816	20	7	19806	0	0.0
102816	25	5	1	0	0.0
102816	6	36	126	4	0.031746031746031744
102816	3	16	3	0	0.0
102816	39	2	1939	36	0.018566271273852502
102816	8	38	53	0	0.0
102816	49	6	1883	160	0.0849707912904939
102816	45	3	46	0	0.0
102816	11	2	5281	113	0.021397462601779965
102816	24	5	314	1	0.0031847133757961785
102816	9	6	3	0	0.0
102816	3	32	7	0	0.0
102816	35	7	110	0	0.0
102816	4	10	24	0	0.0
102816	18	5	475	6	0.01263157894736842
102816	2	53	6	0	0.0
102816	40	1	3	0	0.0
102816	21	7	959	0	0.0
102816	8	40	636	0	0.0
102816	4	33	48	0	0.0
102816	52	7	197	15	0.07614213197969544
102816	7	50	19	0	0.0
102816	22	3	434	0	0.0
102816	3	11	33	0	0.0
102816	27	1	91	0	0.0
102816	43	5	18	13	0.7222222222222222
102816	2	35	15	2	0.13333333333333333
102816	33	1	232	3	0.01293103448275862
102816	1	9	228	0	0.0
102816	7	28	230	0	0.0
102816	8	26	884	0	0.0
102816	7	15	109	4	0.03669724770642202
102816	17	8	1	0	0.0
102816	5	17	65	3	0.046153846153846156
102816	1	13	123	1	0.008130081300813009
102816	5	52	5393	976	0.18097533840163174
102816	3	35	463	0	0.0
102816	7	49	28	1	0.03571428571428571
102816	23	3	1419	0	0.0
102816	4	52	1	0	0.0
102816	42	5	2	2	1.0
102816	26	1	4	0	0.0
102816	1	37	5760	3	0.0005208333333333333
102816	37	3	68	0	0.0
102816	6	15	5333	59	0.011063191449465591
102816	2	54	8	0	0.0
102816	6	17	244	0	0.0
102816	6	28	1062	106	0.09981167608286252
102816	16	8	153	0	0.0
102816	6	50	2024	10	0.004940711462450593
102816	45	7	5	2	0.4
102816	4	15	9	0	0.0
102816	39	6	5	0	0.0
102816	3	13	9	0	0.0
102816	28	8	1861	0	0.0
102816	14	8	59	0	0.0
102816	11	6	14	1	0.07142857142857142
102816	41	5	4	2	0.5
102816	40	5	1703	6	0.0035231943628890195
102816	54	5	1592	117	0.07349246231155779
102816	24	1	16	0	0.0
102816	5	28	289	1	0.0034602076124567475
102816	5	49	732	80	0.1092896174863388
102816	6	52	2452	17	0.006933115823817292
102816	9	3	6	0	0.0
102816	21	3	1303	0	0.0
102816	28	4	93	0	0.0
102816	1	35	16	0	0.0
102816	25	1	688	2	0.0029069767441860465
102816	29	8	454	0	0.0
102816	15	8	285	0	0.0
102816	8	19	857	0	0.0
102816	20	3	1380	0	0.0
102816	1	11	575	1	0.0017391304347826088
102816	38	6	2032	35	0.0172244094488189
102816	31	1	1036	0	0.0
102816	8	24	6033	0	0.0
102816	2	37	1011	5	0.004945598417408506
102816	44	7	11	1	0.09090909090909091
102816	6	33	163	9	0.05521472392638037
102816	7	17	11	0	0.0
102816	5	50	1797	392	0.21814134668892599
102816	19	1	14384	124	0.008620689655172414
102816	5	15	1234	175	0.14181523500810372
102816	2	33	50	7	0.14
102816	40	7	346	0	0.0
102816	1	15	18	18	1.0
102816	11	4	111	0	0.0
102816	39	4	476	0	0.0
102816	6	37	1	1	1.0
102816	39	8	11	0	0.0
102816	24	3	109	0	0.0
102816	7	9	1	0	0.0
102816	45	5	32	23	0.71875
102816	20	1	53	0	0.0
102816	1	28	2	0	0.0
102816	11	8	3	0	0.0
102816	5	11	2	2	1.0
102816	4	35	15	0	0.0
102816	8	20	6486	0	0.0
102816	44	5	46	44	0.9565217391304348
102816	21	1	1231	18	0.01462225832656377
102816	1	49	1	1	1.0
102816	25	3	495	0	0.0
102816	31	3	482	0	0.0
102816	38	4	7	0	0.0
102816	8	41	1	0	0.0
102816	2	52	1	0	0.0
102816	3	33	378	0	0.0
102816	19	3	7044	0	0.0
102816	2	50	16	0	0.0
102816	3	28	15	0	0.0
102816	46	5	1	0	0.0
102816	43	7	1	0	0.0
102816	27	3	442	0	0.0
102816	4	13	30	0	0.0
102816	6	35	81	6	0.07407407407407407
102816	22	1	49	0	0.0
102816	4	37	42	0	0.0
102816	23	1	284	4	0.014084507042253521
102816	26	3	49	0	0.0
102816	42	7	1	0	0.0
102816	4	43	27	0	0.0
102816	8	22	4241	0	0.0
102816	36	8	43	0	0.0
102816	2	31	32	0	0.0
102816	27	6	24	1	0.041666666666666664
102816	3	15	5	0	0.0
102816	6	41	24	0	0.0
102816	42	2	1176	32	0.027210884353741496
102816	26	6	742	14	0.018867924528301886
102816	43	2	940	3	0.0031914893617021275
102816	6	54	12589	75	0.0059575820160457545
102816	6	7	515	27	0.05242718446601942
102816	4	5	45	2	0.044444444444444446
102816	7	39	11	0	0.0
102816	2	45	1465	1	0.0006825938566552901
102816	22	4	1360	0	0.0
102816	2	24	100	4	0.04
102816	2	3	157	17	0.10828025477707007
102816	23	4	3202	0	0.0
102816	6	22	8282	1209	0.1459792320695484
102816	4	20	839	0	0.0
102816	2	19	1846	13	0.007042253521126761
102816	21	4	2888	0	0.0
102816	18	6	1346	38	0.02823179791976226
102816	24	6	1296	250	0.19290123456790123
102816	39	1	6255	1	0.0001598721023181455
102816	35	8	97	0	0.0
102816	6	5	2909	476	0.16363011344104503
102816	2	26	6	0	0.0
102816	5	39	3	0	0.0
102816	6	20	6816	151	0.0221537558685446
102816	2	1	3384	384	0.11347517730496454
102816	38	1	4	4	1.0
102816	8	54	14	0	0.0
102816	19	6	60	1	0.016666666666666666
102816	4	7	60	0	0.0
102816	34	8	372	0	0.0
102816	1	3	1560	5	0.003205128205128205
102816	6	43	49	0	0.0
102816	40	2	8	1	0.125
102816	5	7	1567	45	0.02871729419272495
102816	25	6	1	0	0.0
102816	24	4	608	0	0.0
102816	4	41	758	0	0.0
102816	41	2	11909	666	0.0559240910235956
102816	7	1	7	1	0.14285714285714285
102816	8	50	7	0	0.0
102816	2	5	68	53	0.7794117647058824
102816	4	45	18	0	0.0
102816	38	3	11	0	0.0
102816	30	8	2658	0	0.0
102816	21	6	2744	286	0.10422740524781342
102816	44	2	332	9	0.02710843373493976
102816	4	3	2416	0	0.0
102816	2	22	261	16	0.06130268199233716
102816	25	4	93	0	0.0
102816	5	3	59	2	0.03389830508474576
102816	39	3	493	0	0.0
102816	2	47	13019	57	0.004378216452876565
102816	4	19	1394	0	0.0
102816	6	1	25	18	0.72
102816	2	20	36	1	0.027777777777777776
102816	46	2	44	2	0.045454545454545456
102816	2	7	9	3	0.3333333333333333
102816	6	3	49	2	0.04081632653061224
102816	6	45	1	0	0.0
102816	4	26	81	0	0.0
102816	8	33	605	0	0.0
102816	1	5	41	23	0.5609756097560976
102816	3	7	113	0	0.0
102816	4	47	51	0	0.0
102816	27	4	1336	0	0.0
102816	4	1	319	0	0.0
102816	23	6	269	32	0.11895910780669144
102816	8	52	8	0	0.0
102816	4	6	86	8	0.09302325581395349
102816	2	27	704	49	0.06960227272727272
102816	38	7	201	1	0.004975124378109453
102816	42	4	19	0	0.0
102816	46	6	173	2	0.011560693641618497
102816	4	40	47	0	0.0
102816	4	44	7	0	0.0
102816	44	6	77	72	0.935064935064935
102816	2	18	1	1	1.0
102816	2	6	88	60	0.6818181818181818
102816	5	38	3470	25	0.007204610951008645
102816	2	25	347	9	0.025936599423631124
102816	6	40	2480	32	0.012903225806451613
102816	53	8	1	0	0.0
102816	23	2	390	38	0.09743589743589744
102816	46	4	2	0	0.0
102816	4	2	872	59	0.0676605504587156
102816	21	2	6146	615	0.10006508298080052
104416	2	8	28	1	0.03571428571428571
104416	1	34	149	6	0.040268456375838924
104416	31	7	594	0	0.0
104416	50	1	12	0	0.0
104416	25	7	8	0	0.0
104416	3	36	129	0	0.0
104416	41	3	86	0	0.0
104416	19	7	828	0	0.0
104416	6	16	3071	32	0.010420058612829698
104416	4	29	1912	0	0.0
104416	44	1	628	235	0.37420382165605093
104416	2	12	129	0	0.0
104416	5	30	964	1	0.001037344398340249
104416	6	53	72	0	0.0
104416	5	48	1588	109	0.06863979848866499
104416	9	2	3953	1	0.00025297242600556537
104416	34	5	92	4	0.043478260869565216
104416	35	5	54	0	0.0
104416	48	8	328	0	0.0
104416	14	2	4	0	0.0
104416	5	51	620	198	0.3193548387096774
104416	8	18	43	0	0.0
104416	4	14	8	0	0.0
104416	5	14	239	3	0.012552301255230125
104416	28	2	8	0	0.0
104416	20	5	8088	452	0.05588526211671612
104416	51	1	1	1	1.0
104416	49	8	35	0	0.0
104416	7	32	23	0	0.0
104416	21	5	59	0	0.0
104416	29	2	20846	2688	0.12894560107454667
104416	7	53	8	0	0.0
104416	4	30	130	0	0.0
104416	18	7	8	0	0.0
104416	8	25	12	0	0.0
104416	40	3	11	0	0.0
104416	5	29	7	0	0.0
104416	1	10	1362	99	0.07268722466960352
104416	7	16	31	0	0.0
104416	3	12	3	0	0.0
104416	2	36	52	1	0.019230769230769232
104416	3	8	72	0	0.0
104416	8	27	44	0	0.0
104416	30	7	172	0	0.0
104416	1	8	26	1	0.038461538461538464
104416	24	7	2846	0	0.0
104416	45	1	3919	351	0.08956366420005103
104416	2	34	47	1	0.02127659574468085
104416	1	12	19	1	0.05263157894736842
104416	7	29	7	0	0.0
104416	26	7	234	1	0.004273504273504274
104416	3	10	35	0	0.0
104416	5	53	46	8	0.17391304347826086
104416	5	16	370	1	0.002702702702702703
104416	42	3	24	0	0.0
104416	4	32	1	0	0.0
104416	7	51	44	0	0.0
104416	7	14	30	0	0.0
104416	47	1	924	29	0.031385281385281384
104416	6	48	4646	204	0.04390873869995695
104416	16	2	18	0	0.0
104416	36	5	53	3	0.05660377358490566
104416	23	5	11	0	0.0
104416	5	32	3	0	0.0
104416	52	1	1	1	1.0
104416	8	46	1	0	0.0
104416	22	5	1659	55	0.033152501506931886
104416	7	48	54	0	0.0
104416	6	14	5399	19	0.0035191702167067978
104416	6	51	632	15	0.023734177215189875
104416	4	16	6	0	0.0
104416	1	36	207	2	0.00966183574879227
104416	7	34	195	0	0.0
104416	43	3	85	0	0.0
104416	33	7	556	0	0.0
104416	46	1	77	2	0.025974025974025976
104416	6	30	20873	3853	0.1845925358118143
104416	4	8	110	0	0.0
104416	2	10	5082	6	0.0011806375442739079
104416	37	7	45	0	0.0
104416	3	34	409	0	0.0
104416	6	29	404	47	0.11633663366336634
104416	27	7	4	0	0.0
104416	4	12	1	0	0.0
104416	23	7	19	0	0.0
104416	9	4	9	0	0.0
104416	3	30	12	0	0.0
104416	2	51	1	0	0.0
104416	33	5	25	0	0.0
104416	2	48	2	0	0.0
104416	46	3	23	0	0.0
104416	13	2	53	0	0.0
104416	42	1	354	23	0.06497175141242938
104416	8	23	462	0	0.0
104416	2	30	247	36	0.145748987854251
104416	26	5	1718	62	0.03608847497089639
104416	6	34	151	32	0.2119205298013245
104416	4	36	161	0	0.0
104416	3	29	160	0	0.0
104416	22	7	1115	0	0.0
104416	36	7	1268	0	0.0
104416	5	8	89	5	0.056179775280898875
104416	43	1	3576	444	0.12416107382550336
104416	4	34	367	0	0.0
104416	7	8	2339	0	0.0
104416	1	29	720	0	0.0
104416	8	6	455	80	0.17582417582417584
104416	6	36	45	7	0.15555555555555556
104416	24	5	275	3	0.01090909090909091
104416	31	5	4	0	0.0
104416	3	16	2	0	0.0
104416	20	7	7980	1	0.00012531328320802005
104416	11	2	1823	0	0.0
104416	41	1	2218	70	0.031559963931469794
104416	44	3	7	0	0.0
104416	19	5	23	0	0.0
104416	8	21	2137	0	0.0
104416	39	2	4245	5	0.001177856301531213
104416	18	5	179	1	0.00558659217877095
104416	8	40	77	0	0.0
104416	7	15	150	0	0.0
104416	8	38	20	0	0.0
104416	49	6	887	20	0.02254791431792559
104416	40	1	2	0	0.0
104416	35	7	101	0	0.0
104416	4	10	41	0	0.0
104416	45	3	292	0	0.0
104416	4	33	333	0	0.0
104416	9	6	6	0	0.0
104416	7	50	179	0	0.0
104416	3	32	1	0	0.0
104416	21	7	151	0	0.0
104416	2	53	7	0	0.0
104416	6	31	2	0	0.0
104416	52	7	208	0	0.0
104416	5	17	23	3	0.13043478260869565
104416	1	9	100	1	0.01
104416	6	28	1453	151	0.10392291810048176
104416	7	49	8	0	0.0
104416	27	1	811	2	0.002466091245376079
104416	33	1	466	6	0.012875536480686695
104416	1	13	11	0	0.0
104416	17	8	1	0	0.0
104416	3	11	12	0	0.0
104416	22	3	1316	0	0.0
104416	5	52	3261	235	0.07206378411530205
104416	8	26	122	0	0.0
104416	3	35	1471	0	0.0
104416	7	28	148	0	0.0
104416	2	35	59	1	0.01694915254237288
104416	16	8	20	0	0.0
104416	23	3	1789	0	0.0
104416	14	8	9	0	0.0
104416	21	3	3029	0	0.0
104416	4	15	1	0	0.0
104416	26	1	1	0	0.0
104416	1	37	6994	14	0.0020017157563625965
104416	6	52	1850	13	0.007027027027027027
104416	37	3	419	0	0.0
104416	9	3	5	0	0.0
104416	24	1	43	0	0.0
104416	6	15	7093	116	0.016354151980826168
104416	28	4	37	0	0.0
104416	39	6	2	0	0.0
104416	6	17	88	5	0.056818181818181816
104416	6	50	1848	16	0.008658008658008658
104416	28	8	570	0	0.0
104416	11	6	13	2	0.15384615384615385
104416	1	35	72	0	0.0
104416	5	28	382	11	0.028795811518324606
104416	3	13	2	0	0.0
104416	8	24	10320	0	0.0
104416	31	1	791	0	0.0
104416	54	5	1495	52	0.034782608695652174
104416	25	1	2061	8	0.0038816108685104317
104416	5	49	561	35	0.062388591800356503
104416	15	8	29	0	0.0
104416	40	5	2625	9	0.0034285714285714284
104416	29	8	503	0	0.0
104416	1	11	78	0	0.0
104416	38	6	787	11	0.01397712833545108
104416	19	1	12585	97	0.007707588398887565
104416	2	37	1005	2	0.001990049751243781
104416	6	33	69	15	0.21739130434782608
104416	8	19	461	0	0.0
104416	40	7	43	0	0.0
104416	1	15	2	2	1.0
104416	44	7	1	0	0.0
104416	2	33	273	5	0.018315018315018316
104416	7	17	4	0	0.0
104416	5	15	2689	561	0.20862774265526218
104416	20	3	1272	0	0.0
104416	5	50	3368	328	0.09738717339667459
104416	4	31	4	0	0.0
104416	8	20	4077	0	0.0
104416	39	4	1167	0	0.0
104416	11	4	23	0	0.0
104416	24	3	526	0	0.0
104416	11	8	1	0	0.0
104416	1	28	1	0	0.0
104416	39	8	10	0	0.0
104416	31	3	341	0	0.0
104416	44	5	1	1	1.0
104416	25	3	328	2	0.006097560975609756
104416	21	1	6521	34	0.005213924244747738
104416	4	35	47	0	0.0
104416	20	1	245	3	0.012244897959183673
104416	3	33	343	0	0.0
104416	19	3	7571	3	0.0003962488442742042
104416	2	50	14	0	0.0
104416	8	41	4	0	0.0
104416	43	7	1	0	0.0
104416	4	13	21	0	0.0
104416	22	1	256	6	0.0234375
104416	27	3	244	0	0.0
104416	3	28	29	0	0.0
104416	6	35	42	1	0.023809523809523808
104416	26	3	25	0	0.0
104416	4	37	56	0	0.0
104416	2	31	12	0	0.0
104416	23	1	475	1	0.002105263157894737
104416	8	22	4279	0	0.0
104416	6	54	3389	72	0.021245205075243436
104416	3	15	1	0	0.0
104416	6	41	46	0	0.0
104416	4	43	5	0	0.0
104416	27	6	9	1	0.1111111111111111
104416	22	4	2646	0	0.0
104416	36	8	32	0	0.0
104416	7	39	3	0	0.0
104416	2	24	117	2	0.017094017094017096
104416	26	6	1123	32	0.028495102404274265
104416	23	4	7604	0	0.0
104416	43	2	2686	4	0.0014892032762472078
104416	4	5	2	0	0.0
104416	2	45	2051	2	0.0009751340809361287
104416	6	7	302	15	0.04966887417218543
104416	2	3	198	1	0.005050505050505051
104416	42	2	306	2	0.006535947712418301
104416	8	9	1	0	0.0
104416	37	8	2	0	0.0
104416	2	19	2470	2	0.0008097165991902834
104416	6	20	4216	306	0.07258064516129033
104416	4	20	553	0	0.0
104416	2	1	3212	463	0.14414694894146948
104416	18	6	1145	54	0.04716157205240175
104416	6	5	2637	513	0.1945392491467577
104416	35	8	84	0	0.0
104416	4	7	18	0	0.0
104416	39	1	8361	5	0.000598014591556034
104416	5	39	1	0	0.0
104416	21	4	10488	0	0.0
104416	24	6	1197	286	0.23893065998329155
104416	25	6	2	0	0.0
104416	6	22	8914	1990	0.22324433475431904
104416	38	1	1	0	0.0
104416	19	6	97	3	0.030927835051546393
104416	34	8	107	0	0.0
104416	6	43	20	0	0.0
104416	4	41	438	0	0.0
104416	8	54	4	0	0.0
104416	5	7	702	19	0.027065527065527065
104416	8	50	8	0	0.0
104416	1	3	1069	7	0.006548175865294668
104416	2	47	5495	7	0.0012738853503184713
104416	39	3	253	0	0.0
104416	7	1	68	0	0.0
104416	44	2	796	6	0.007537688442211055
104416	5	3	7	1	0.14285714285714285
104416	41	2	8915	75	0.008412787436904094
104416	4	45	19	0	0.0
104416	30	8	3479	0	0.0
104416	6	1	1	1	1.0
104416	31	8	32	0	0.0
104416	2	22	773	57	0.07373868046571798
104416	4	3	2418	0	0.0
104416	24	4	770	0	0.0
104416	4	19	3941	0	0.0
104416	38	3	4	0	0.0
104416	25	4	605	0	0.0
104416	21	6	622	81	0.1302250803858521
104416	8	33	377	0	0.0
104416	2	20	8	0	0.0
104416	6	3	23	2	0.08695652173913043
104416	3	7	94	0	0.0
104416	46	2	223	0	0.0
104416	2	7	3	0	0.0
104416	1	5	2	2	1.0
104416	4	26	11	0	0.0
104416	4	1	461	5	0.010845986984815618
104416	6	45	1	0	0.0
104416	27	4	2202	0	0.0
104416	8	52	5	0	0.0
104416	4	47	3	0	0.0
104416	2	27	3498	47	0.013436249285305889
104416	4	6	19	2	0.10526315789473684
104416	23	6	85	11	0.12941176470588237
104416	38	7	261	1	0.0038314176245210726
104416	5	38	3317	25	0.007536930961712391
104416	42	4	20	0	0.0
105923	2	8	60	2	0.03333333333333333
104416	4	40	7	0	0.0
104416	4	44	20	0	0.0
104416	4	2	1007	25	0.024826216484607744
105923	2	12	595	3	0.005042016806722689
104416	23	2	1024	21	0.0205078125
104416	6	40	3286	69	0.020998174071819843
104416	2	6	16	1	0.0625
104416	2	18	2	0	0.0
104416	2	25	554	1	0.0018050541516245488
104416	8	51	15	0	0.0
104416	21	2	14476	390	0.026941143962420557
105923	1	34	186	0	0.0
104416	46	4	7	0	0.0
104416	46	6	21	0	0.0
105923	3	36	121	0	0.0
105923	7	32	581	0	0.0
105923	50	1	4	0	0.0
105923	31	7	29	0	0.0
105923	19	7	1052	0	0.0
105923	44	1	129	4	0.031007751937984496
105923	4	14	2	0	0.0
105923	41	3	168	0	0.0
105923	48	8	579	0	0.0
105923	25	7	137	0	0.0
105923	5	48	2297	120	0.052242054854157595
105923	6	53	47	2	0.0425531914893617
105923	4	29	2103	0	0.0
105923	5	30	2035	1	0.0004914004914004914
105923	9	2	4401	15	0.0034083162917518746
105923	6	16	4606	138	0.029960920538428137
105923	34	5	12	0	0.0
105923	7	53	4	0	0.0
105923	21	5	131	3	0.022900763358778626
105923	8	18	15	0	0.0
105923	15	2	4	0	0.0
105923	35	5	22	0	0.0
105923	28	2	46	1	0.021739130434782608
105923	5	51	544	230	0.4227941176470588
105923	5	14	361	4	0.0110803324099723
105923	49	8	10	0	0.0
105923	1	10	844	6	0.0071090047393364926
105923	20	5	13027	127	0.009748982881707223
105923	6	32	13	0	0.0
105923	8	25	80	0	0.0
105923	30	7	317	0	0.0
105923	3	12	31	0	0.0
105923	7	16	49	0	0.0
105923	40	3	16	0	0.0
105923	2	36	70	2	0.02857142857142857
105923	24	7	56	0	0.0
105923	4	30	279	0	0.0
105923	45	1	2420	35	0.014462809917355372
105923	29	2	14781	2223	0.1503957783641161
105923	5	29	5	0	0.0
105923	18	7	15	0	0.0
105923	3	8	26	0	0.0
105923	7	29	66	0	0.0
105923	8	27	104	0	0.0
105923	26	7	45	0	0.0
105923	2	34	194	3	0.015463917525773196
105923	1	12	198	3	0.015151515151515152
105923	3	10	164	0	0.0
105923	5	16	860	3	0.0034883720930232558
105923	5	53	23	3	0.13043478260869565
105923	42	3	7	0	0.0
105923	1	8	46	0	0.0
105923	7	51	66	0	0.0
105923	47	1	326	0	0.0
105923	4	32	4	0	0.0
105923	23	5	7	0	0.0
105923	37	5	3	0	0.0
105923	16	2	21	0	0.0
105923	4	16	16	0	0.0
105923	7	14	28	0	0.0
105923	6	14	4089	30	0.007336757153338224
105923	46	1	19	0	0.0
105923	22	5	631	2	0.003169572107765452
105923	7	48	65	0	0.0
105923	36	5	15	0	0.0
105923	5	32	718	0	0.0
105923	6	30	22764	3832	0.16833596907397647
105923	6	51	668	23	0.0344311377245509
105923	43	3	114	0	0.0
105923	6	48	13944	1577	0.1130952380952381
105923	33	7	117	0	0.0
105923	4	12	10	0	0.0
105923	37	7	22	0	0.0
105923	1	36	85	0	0.0
105923	2	10	4413	20	0.004532064355313846
105923	3	34	336	0	0.0
105923	7	34	115	0	0.0
105923	9	4	51	0	0.0
105923	23	7	268	0	0.0
105923	6	29	833	122	0.14645858343337334
105923	3	30	8	0	0.0
105923	4	8	69	0	0.0
105923	27	7	158	0	0.0
105923	42	1	341	7	0.020527859237536656
105923	2	51	1	0	0.0
105923	22	7	652	0	0.0
105923	2	48	4	0	0.0
105923	26	5	1203	21	0.017456359102244388
105923	13	2	407	8	0.019656019656019656
105923	27	5	9	0	0.0
105923	3	51	6	0	0.0
105923	7	10	36	0	0.0
105923	1	32	23	0	0.0
105923	43	1	1670	47	0.0281437125748503
105923	33	5	38	1	0.02631578947368421
105923	3	14	3	0	0.0
105923	2	30	856	33	0.038551401869158876
105923	4	36	41	0	0.0
105923	8	23	197	0	0.0
105923	46	3	14	0	0.0
105923	36	7	776	0	0.0
105923	5	8	139	11	0.07913669064748201
105923	6	36	14	0	0.0
105923	3	29	459	0	0.0
105923	4	34	302	0	0.0
105923	3	16	3	0	0.0
105923	41	1	2141	19	0.008874357776739842
105923	8	6	712	128	0.1797752808988764
105923	6	34	60	11	0.18333333333333332
105923	8	21	1469	0	0.0
105923	2	32	1	0	0.0
105923	44	3	15	0	0.0
105923	7	8	2384	0	0.0
105923	50	3	4	0	0.0
105923	1	29	1530	1	0.00065359477124183
105923	20	7	6779	1	0.0001475143826523086
105923	19	5	96	0	0.0
105923	25	5	13	0	0.0
105923	24	5	23	0	0.0
105923	38	2	2	0	0.0
105923	31	5	6	0	0.0
105923	8	38	35	0	0.0
105923	2	53	2	0	0.0
105923	49	6	1802	42	0.023307436182019976
105923	1	30	14	0	0.0
105923	3	32	178	0	0.0
105923	39	2	3508	11	0.003135689851767389
105923	45	3	128	0	0.0
105923	18	5	561	5	0.008912655971479501
105923	11	2	2420	25	0.010330578512396695
105923	40	1	13	0	0.0
105923	8	40	143	0	0.0
105923	4	10	78	0	0.0
105923	9	6	12	1	0.08333333333333333
105923	7	50	54	0	0.0
105923	35	7	117	0	0.0
105923	4	33	132	0	0.0
105923	5	17	87	5	0.05747126436781609
105923	21	7	544	0	0.0
105923	7	15	51	0	0.0
105923	52	7	167	0	0.0
105923	3	11	79	0	0.0
105923	27	1	390	0	0.0
105923	22	3	442	0	0.0
105923	17	8	1	0	0.0
105923	1	9	400	1	0.0025
105923	5	52	2759	185	0.06705328017397608
105923	33	1	240	2	0.008333333333333333
105923	8	26	35	0	0.0
105923	2	35	25	1	0.04
105923	7	28	129	0	0.0
105923	7	49	12	0	0.0
105923	1	13	265	0	0.0
105923	6	28	1411	150	0.10630758327427356
105923	23	3	88	0	0.0
105923	3	35	1107	0	0.0
105923	1	37	8500	7	0.0008235294117647059
105923	4	15	8	0	0.0
105923	6	50	1246	11	0.00882825040128411
105923	16	8	51	0	0.0
105923	37	3	293	0	0.0
105923	6	15	3798	74	0.019483938915218536
105923	26	1	4	0	0.0
105923	4	50	1	0	0.0
105923	9	3	64	0	0.0
105923	1	35	91	0	0.0
105923	24	1	85	0	0.0
105923	5	28	273	2	0.007326007326007326
105923	28	4	55	0	0.0
105923	28	8	938	0	0.0
105923	14	8	26	0	0.0
105923	6	52	3159	6	0.001899335232668566
105923	3	13	15	0	0.0
105923	11	6	17	1	0.058823529411764705
105923	21	3	1735	0	0.0
105923	39	6	31	1	0.03225806451612903
105923	54	5	480	3	0.00625
105923	6	17	440	14	0.031818181818181815
105923	40	5	1875	4	0.0021333333333333334
105923	5	49	1024	93	0.0908203125
105923	29	8	207	0	0.0
105923	25	1	1633	18	0.011022657685241886
105923	4	31	1	0	0.0
105923	1	11	807	1	0.0012391573729863693
105923	31	1	1283	0	0.0
105923	8	19	462	0	0.0
105923	2	37	2565	31	0.012085769980506823
105923	6	33	252	28	0.1111111111111111
105923	8	24	2159	0	0.0
105923	7	17	15	0	0.0
105923	38	6	1499	12	0.008005336891260841
105923	20	3	2419	0	0.0
105923	15	8	184	0	0.0
105923	5	50	1388	202	0.14553314121037464
105923	44	7	2	0	0.0
105923	19	1	17095	66	0.003860778005264697
105923	5	15	727	27	0.037138927097661624
105923	2	33	363	14	0.03856749311294766
105923	8	20	1607	0	0.0
105923	11	4	72	0	0.0
105923	24	3	12	0	0.0
105923	40	7	45	0	0.0
105923	6	37	2	0	0.0
105923	39	4	538	0	0.0
105923	7	9	4	0	0.0
105923	39	8	47	0	0.0
105923	4	35	34	0	0.0
105923	21	1	3018	9	0.002982107355864811
105923	1	28	14	0	0.0
105923	10	8	4	0	0.0
105923	11	8	4	0	0.0
105923	20	1	490	0	0.0
105923	31	3	609	0	0.0
105923	25	3	1407	0	0.0
105923	2	50	20	0	0.0
105923	8	41	2	0	0.0
105923	22	1	718	0	0.0
105923	43	7	1	0	0.0
105923	8	43	1	0	0.0
105923	27	3	814	0	0.0
105923	3	33	240	0	0.0
105923	3	49	1	0	0.0
105923	38	4	1	0	0.0
105923	19	3	12386	0	0.0
105923	4	13	10	0	0.0
105923	23	1	50	0	0.0
105923	27	6	109	3	0.027522935779816515
105923	36	8	16	0	0.0
105923	8	22	1400	0	0.0
105923	6	41	14	0	0.0
105923	22	4	1613	0	0.0
105923	3	15	2	0	0.0
105923	4	37	90	0	0.0
105923	3	28	12	0	0.0
105923	2	31	59	0	0.0
105923	26	3	5	0	0.0
105923	4	43	28	0	0.0
105923	6	35	50	9	0.18
105923	2	45	3039	1	0.0003290556103981573
105923	6	54	7829	22	0.0028100651424192106
105923	8	9	3	0	0.0
105923	37	8	2	0	0.0
105923	4	5	8	0	0.0
105923	26	6	544	4	0.007352941176470588
105923	2	24	475	8	0.016842105263157894
105923	43	2	1348	1	0.000741839762611276
105923	2	3	416	6	0.014423076923076924
105923	42	2	500	8	0.016
105923	7	39	58	0	0.0
105923	4	20	1012	0	0.0
105923	2	1	2763	490	0.17734346724574737
105923	6	7	300	12	0.04
105923	6	20	2492	40	0.016051364365971106
105923	23	4	1595	0	0.0
105923	6	22	5140	1183	0.2301556420233463
105923	2	19	3958	44	0.011116725618999495
105923	21	4	2163	0	0.0
105923	18	6	2260	163	0.07212389380530973
105923	4	7	88	0	0.0
105923	24	6	465	90	0.1935483870967742
105923	40	2	16	0	0.0
105923	6	5	2907	746	0.2566219470244238
105923	39	1	4078	3	0.0007356547327121138
105923	5	39	2	0	0.0
105923	25	6	65	1	0.015384615384615385
105923	41	2	8937	243	0.027190332326283987
105923	1	3	1966	5	0.00254323499491353
105923	35	8	40	0	0.0
105923	38	1	113	0	0.0
105923	19	6	132	5	0.03787878787878788
105923	24	4	341	0	0.0
105923	5	7	2006	18	0.00897308075772682
105923	2	26	2	0	0.0
105923	39	3	391	0	0.0
105923	6	43	17	0	0.0
105923	8	50	13	0	0.0
105923	34	8	42	0	0.0
105923	5	3	3	0	0.0
105923	7	1	98	1	0.01020408163265306
105923	4	41	1315	0	0.0
105923	30	8	2795	0	0.0
105923	4	45	8	0	0.0
105923	44	2	238	5	0.02100840336134454
105923	21	6	2671	145	0.054286783976038935
105923	2	47	9197	3	0.00032619332390997064
105923	2	5	5	0	0.0
105923	38	3	73	0	0.0
105923	25	4	386	0	0.0
105923	4	3	1675	0	0.0
105923	6	1	23	3	0.13043478260869565
105923	8	33	224	0	0.0
105923	2	7	108	3	0.027777777777777776
105923	4	1	385	2	0.005194805194805195
105923	2	20	201	0	0.0
105923	4	26	11	0	0.0
105923	2	22	2091	52	0.024868483978957436
105923	4	19	3499	0	0.0
105923	27	4	1902	0	0.0
105923	6	3	18	1	0.05555555555555555
105923	3	7	177	0	0.0
105923	46	2	99	0	0.0
105923	6	45	1	0	0.0
105923	1	5	7	0	0.0
105923	8	52	11	0	0.0
105923	38	7	424	0	0.0
105923	23	6	256	16	0.0625
105923	42	4	11	0	0.0
105923	2	27	1130	27	0.023893805309734513
105923	4	47	2	0	0.0
105923	4	40	20	0	0.0
105923	23	2	172	5	0.029069767441860465
105923	5	38	3265	24	0.007350689127105666
105923	44	6	4	1	0.25
105923	46	6	10	0	0.0
105923	4	6	46	4	0.08695652173913043
105923	6	40	1714	40	0.023337222870478413
105923	21	2	10674	662	0.06201986134532509
105923	2	6	97	17	0.17525773195876287
105923	4	44	9	0	0.0
108323	25	7	14	0	0.0
105923	4	2	1217	31	0.025472473294987676
108323	19	7	472	0	0.0
105923	53	8	2	0	0.0
105923	2	25	658	4	0.0060790273556231
108323	31	7	145	0	0.0
108323	2	12	259	2	0.007722007722007722
108323	8	44	2	0	0.0
108323	1	34	324	0	0.0
105923	46	4	7	0	0.0
108323	2	8	16	1	0.0625
105923	8	51	11	1	0.09090909090909091
108323	4	29	3811	0	0.0
108323	3	36	185	0	0.0
108323	20	5	6075	37	0.006090534979423868
108323	5	30	3582	4	0.0011166945840312675
108323	5	48	2457	115	0.0468050468050468
108323	41	3	115	0	0.0
108323	50	1	1	1	1.0
108323	44	1	185	47	0.25405405405405407
108323	4	14	2	0	0.0
108323	6	16	1590	62	0.0389937106918239
108323	9	2	3300	9	0.0027272727272727275
108323	6	53	31	2	0.06451612903225806
108323	48	8	994	0	0.0
108323	34	5	110	0	0.0
108323	15	2	60	58	0.9666666666666667
108323	7	32	470	0	0.0
108323	14	2	19	11	0.5789473684210527
108323	21	5	293	1	0.0034129692832764505
108323	35	5	46	0	0.0
108323	5	14	380	3	0.007894736842105263
108323	4	30	156	0	0.0
108323	51	1	162	160	0.9876543209876543
108323	28	2	82	0	0.0
108323	8	18	54	0	0.0
108323	45	1	1634	84	0.051407588739290085
108323	29	2	12535	1718	0.13705624252094137
108323	6	32	13	0	0.0
108323	5	51	90	27	0.3
108323	49	8	15	0	0.0
108323	40	3	2	0	0.0
108323	2	36	54	0	0.0
108323	18	7	54	0	0.0
108323	8	25	14	0	0.0
108323	3	8	29	0	0.0
108323	24	7	1175	0	0.0
108323	1	8	9	0	0.0
108323	1	10	594	16	0.026936026936026935
108323	7	16	98	0	0.0
108323	7	53	4	0	0.0
108323	5	29	48	0	0.0
108323	1	12	54	0	0.0
108323	30	7	239	0	0.0
108323	3	12	16	0	0.0
108323	8	27	167	0	0.0
108323	2	34	44	1	0.022727272727272728
108323	42	3	9	0	0.0
108323	26	7	1796	0	0.0
108323	7	14	33	0	0.0
108323	47	1	171	2	0.011695906432748537
108323	3	10	107	0	0.0
108323	7	29	87	0	0.0
108323	37	5	60	30	0.5
108323	7	51	90	2	0.022222222222222223
108323	6	30	11814	2144	0.18147960047401387
108323	16	2	54	4	0.07407407407407407
108323	5	16	1036	7	0.006756756756756757
108323	5	53	13	2	0.15384615384615385
108323	4	32	19	0	0.0
108323	6	48	9618	848	0.08816801829902267
108323	23	5	98	0	0.0
108323	36	5	75	0	0.0
108323	52	1	6	6	1.0
108323	2	10	4231	15	0.003545261167572678
108323	7	48	383	2	0.005221932114882507
108323	6	51	339	14	0.04129793510324484
108323	4	16	20	0	0.0
108323	5	32	171	0	0.0
108323	43	3	67	1	0.014925373134328358
108323	27	7	39	0	0.0
108323	1	36	77	1	0.012987012987012988
108323	33	7	80	0	0.0
108323	46	1	44	0	0.0
108323	3	34	319	0	0.0
108323	6	14	2581	30	0.01162340178225494
108323	6	29	2224	131	0.05890287769784173
108323	22	5	3306	5	0.0015124016938898972
108323	4	8	80	0	0.0
108323	53	3	2	0	0.0
108323	33	5	134	2	0.014925373134328358
108323	42	1	204	9	0.04411764705882353
108323	26	5	1572	9	0.0057251908396946565
108323	9	4	12	0	0.0
108323	6	10	31	27	0.8709677419354839
108323	37	7	89	1	0.011235955056179775
108323	4	12	1	0	0.0
108323	3	30	1	0	0.0
108323	1	32	6	0	0.0
108323	23	7	165	0	0.0
108323	13	2	162	8	0.04938271604938271
108323	7	34	45	0	0.0
108323	27	5	17	0	0.0
108323	2	51	180	176	0.9777777777777777
108323	3	14	2	0	0.0
108323	4	36	89	0	0.0
108323	52	3	3	1	0.3333333333333333
108323	2	48	17	0	0.0
108323	36	7	1202	0	0.0
108323	3	51	22	3	0.13636363636363635
108323	8	23	610	0	0.0
108323	4	34	715	0	0.0
108323	3	29	620	0	0.0
108323	5	8	564	17	0.030141843971631204
108323	6	34	33	0	0.0
108323	2	30	232	13	0.05603448275862069
108323	43	1	1245	117	0.09397590361445783
108323	46	3	13	0	0.0
108323	7	10	2	0	0.0
108323	22	7	167	0	0.0
108323	7	8	1910	1	0.0005235602094240838
108323	5	10	23	19	0.8260869565217391
108323	1	14	3	3	1.0
108323	50	3	17	0	0.0
108323	8	6	1218	137	0.11247947454844007
108323	2	32	5	0	0.0
108323	3	16	2	0	0.0
108323	44	3	37	1	0.02702702702702703
108323	31	5	84	0	0.0
108323	20	7	4141	2	0.0004829751267809708
108323	6	36	78	1	0.01282051282051282
108323	25	5	1	1	1.0
108323	19	5	115	0	0.0
108323	1	29	1689	0	0.0
108323	8	21	1486	0	0.0
108323	41	1	2435	30	0.012320328542094456
108323	38	2	7	0	0.0
108323	3	32	234	0	0.0
108323	8	40	1112	0	0.0
108323	1	30	5	0	0.0
108323	24	5	751	1	0.0013315579227696406
108323	18	5	279	0	0.0
108323	39	2	4448	13	0.002922661870503597
108323	2	53	6	0	0.0
108323	49	6	644	15	0.023291925465838508
108323	11	2	2292	85	0.037085514834205933
108323	40	1	7	0	0.0
108323	45	3	113	1	0.008849557522123894
108323	35	7	55	0	0.0
108323	4	33	69	0	0.0
108323	7	50	74	0	0.0
108323	6	12	3	3	1.0
108323	7	15	466	2	0.004291845493562232
108323	4	10	82	0	0.0
108323	8	38	353	9	0.025495750708215296
108323	21	7	376	0	0.0
108323	9	6	13	1	0.07692307692307693
108323	52	7	114	15	0.13157894736842105
108323	5	17	25	1	0.04
108323	3	11	54	0	0.0
108323	6	31	17	0	0.0
108323	22	3	243	0	0.0
108323	27	1	1384	5	0.0036127167630057803
108323	5	52	2332	312	0.13379073756432247
108323	17	8	8	0	0.0
108323	7	49	5	0	0.0
108323	3	35	1161	0	0.0
108323	6	28	365	48	0.13150684931506848
108323	43	5	12	12	1.0
108323	16	8	94	0	0.0
108323	33	1	118	0	0.0
108323	2	35	29	0	0.0
108323	1	9	164	1	0.006097560975609756
108323	37	3	1376	5	0.003633720930232558
108323	26	1	6	0	0.0
108323	1	13	66	0	0.0
108323	1	37	8400	18	0.002142857142857143
108323	8	26	1503	0	0.0
108323	2	54	21	0	0.0
108323	7	28	297	0	0.0
108323	6	17	83	1	0.012048192771084338
108323	45	7	1	1	1.0
108323	9	3	18	0	0.0
108323	21	3	627	0	0.0
108323	24	1	119	0	0.0
108323	14	8	22	0	0.0
108323	28	4	209	0	0.0
108323	39	6	35	1	0.02857142857142857
108323	11	6	6	0	0.0
108323	23	3	2935	0	0.0
108323	6	15	2696	32	0.011869436201780416
108323	6	50	503	13	0.02584493041749503
108323	4	15	9	0	0.0
108323	6	52	2288	22	0.009615384615384616
108323	4	50	1	0	0.0
108323	28	8	3347	0	0.0
108323	1	35	45	0	0.0
108323	3	13	11	0	0.0
108323	5	49	409	46	0.11246943765281174
108323	38	6	1891	155	0.08196721311475409
108323	19	1	4489	11	0.002450434395188238
108323	29	8	614	0	0.0
108323	25	1	2877	3	0.0010427528675703858
108323	54	5	163	12	0.0736196319018405
108323	8	24	3639	0	0.0
108323	5	28	360	1	0.002777777777777778
108323	15	8	189	1	0.005291005291005291
108323	31	1	194	1	0.005154639175257732
108323	2	37	1571	3	0.0019096117122851686
108323	8	19	265	0	0.0
108323	40	5	1967	1	0.0005083884087442806
108323	1	11	612	1	0.0016339869281045752
108323	24	3	89	0	0.0
108323	2	33	72	0	0.0
108323	5	15	1085	24	0.022119815668202765
108323	8	20	1918	0	0.0
108323	44	7	9	3	0.3333333333333333
108323	5	50	470	65	0.13829787234042554
108323	7	17	3	0	0.0
108323	1	15	39	38	0.9743589743589743
108323	40	7	71	0	0.0
108323	6	33	46	0	0.0
108323	4	31	7	0	0.0
108323	20	3	3445	0	0.0
108323	11	4	115	0	0.0
108323	4	35	65	0	0.0
108323	31	3	821	1	0.001218026796589525
108323	20	1	1046	1	0.0009560229445506692
108323	5	11	1	1	1.0
108323	38	4	12	0	0.0
108323	21	1	3170	2	0.0006309148264984228
108323	1	28	7	0	0.0
108323	39	4	1388	0	0.0
108323	25	3	2057	1	0.0004861448711716091
108323	45	5	38	18	0.47368421052631576
108323	6	37	68	62	0.9117647058823529
108323	1	49	1	1	1.0
108323	10	8	5	0	0.0
108323	39	8	45	0	0.0
108323	44	5	263	246	0.935361216730038
108323	41	7	1	0	0.0
108323	8	41	5	0	0.0
108323	8	43	1	0	0.0
108323	43	7	17	1	0.058823529411764705
108323	4	37	385	0	0.0
108323	3	28	2	0	0.0
108323	4	13	8	0	0.0
108323	19	3	8830	8	0.0009060022650056625
108323	23	1	287	0	0.0
108323	2	52	1	1	1.0
108323	27	3	653	0	0.0
108323	2	50	19	0	0.0
108323	3	33	71	0	0.0
108323	22	1	288	0	0.0
108323	6	35	26	1	0.038461538461538464
108323	6	54	6208	62	0.009987113402061855
108323	26	3	11	0	0.0
108323	27	6	51	1	0.0196078431372549
108323	26	6	543	13	0.02394106813996317
108323	8	22	3723	1	0.00026860059092130003
108323	43	2	1111	4	0.0036003600360036
108323	2	45	2953	2	0.0006772773450728074
108323	6	41	11	0	0.0
108323	3	15	57	0	0.0
108323	2	31	52	0	0.0
108323	22	4	2401	0	0.0
108323	4	43	15	0	0.0
108323	36	8	14	0	0.0
108323	37	8	2	0	0.0
108323	7	39	5	0	0.0
108323	4	5	17	0	0.0
108323	6	7	350	33	0.09428571428571429
108323	2	1	1835	215	0.11716621253405994
108323	42	2	577	8	0.01386481802426343
108323	21	4	3686	0	0.0
108323	23	4	4259	0	0.0
108323	2	19	1250	0	0.0
108323	2	24	274	6	0.021897810218978103
108323	2	3	355	3	0.008450704225352112
108323	4	20	2521	0	0.0
108323	6	22	5897	884	0.14990673223673054
108323	6	20	1654	14	0.008464328899637243
108323	35	8	38	0	0.0
108323	18	6	497	32	0.06438631790744467
108323	4	7	51	0	0.0
108323	1	3	1849	21	0.011357490535424553
108323	6	5	2765	324	0.11717902350813743
108323	2	47	3413	3	0.0008789920890711983
108323	34	8	21	0	0.0
108323	5	39	6	0	0.0
108323	19	6	21	0	0.0
108323	2	26	32	0	0.0
108323	40	2	28	2	0.07142857142857142
108323	25	6	2	0	0.0
108323	39	1	6074	0	0.0
108323	38	1	2	1	0.5
108323	41	2	9463	442	0.046708232061714046
108323	8	54	5	0	0.0
108323	5	7	1448	35	0.024171270718232045
108323	24	6	1980	255	0.12878787878787878
108323	6	43	1	0	0.0
108323	39	3	162	0	0.0
108323	4	45	14	0	0.0
108323	7	1	17	1	0.058823529411764705
108323	25	4	1621	0	0.0
108323	8	50	3	0	0.0
108323	4	41	852	0	0.0
108323	21	6	996	25	0.025100401606425703
108323	44	2	545	13	0.023853211009174313
108323	5	3	22	8	0.36363636363636365
108323	4	3	1990	0	0.0
108323	30	8	2335	0	0.0
108323	38	3	94	0	0.0
108323	24	4	1078	0	0.0
108323	2	5	137	105	0.7664233576642335
108323	4	19	4177	0	0.0
108323	6	1	110	99	0.9
108323	3	7	71	0	0.0
108323	2	20	36	0	0.0
108323	1	5	70	55	0.7857142857142857
108323	23	6	313	9	0.02875399361022364
108323	2	7	14	0	0.0
108323	4	47	3	0	0.0
108323	27	4	4011	0	0.0
108323	2	22	1040	15	0.014423076923076924
108323	46	2	97	0	0.0
108323	4	26	121	0	0.0
108323	4	1	361	1	0.002770083102493075
108323	8	33	254	0	0.0
108323	6	3	21	4	0.19047619047619047
108323	32	8	4	0	0.0
108323	8	52	13	0	0.0
108323	4	6	31	4	0.12903225806451613
108323	38	7	878	0	0.0
108323	46	6	1	0	0.0
108323	4	40	53	0	0.0
108323	2	6	182	133	0.7307692307692307
108323	53	8	1	0	0.0
108323	42	4	28	0	0.0
108323	5	38	3019	12	0.003974826101358066
108323	44	6	97	93	0.9587628865979382
108323	2	27	1352	64	0.047337278106508875
108323	6	40	1085	12	0.011059907834101382
108323	21	2	6802	309	0.045427815348426936
108323	2	25	914	0	0.0
108323	23	2	903	61	0.06755260243632337
108323	2	18	3	2	0.6666666666666666
108323	46	4	4	0	0.0
108323	4	44	38	0	0.0
109123	2	12	98	0	0.0
108323	8	51	14	0	0.0
109123	2	8	58	1	0.017241379310344827
109123	41	3	16	0	0.0
108323	4	2	528	19	0.03598484848484849
109123	25	7	126	0	0.0
109123	3	36	209	0	0.0
109123	31	7	2	0	0.0
109123	1	34	381	12	0.031496062992125984
109123	19	7	1217	0	0.0
109123	4	29	1047	0	0.0
109123	5	48	1093	1	0.0009149130832570906
109123	6	53	142	1	0.007042253521126761
109123	44	1	233	40	0.17167381974248927
109123	50	1	5	0	0.0
109123	7	32	200	0	0.0
109123	6	32	4	0	0.0
109123	5	30	1973	0	0.0
109123	21	5	482	3	0.006224066390041493
109123	6	16	3581	37	0.010332309410779112
109123	14	2	2	0	0.0
109123	35	5	115	0	0.0
109123	48	8	537	0	0.0
109123	9	2	2691	2	0.0007432181345224824
109123	28	2	31	0	0.0
109123	34	5	510	5	0.00980392156862745
109123	20	5	17575	54	0.0030725462304409673
109123	5	14	248	0	0.0
109123	4	30	387	0	0.0
109123	49	8	70	0	0.0
109123	1	10	1360	31	0.022794117647058822
109123	5	51	137	1	0.0072992700729927005
109123	7	53	2	0	0.0
109123	2	36	116	1	0.008620689655172414
109123	5	29	24	0	0.0
109123	8	18	2	0	0.0
109123	40	3	23	0	0.0
109123	45	1	1652	64	0.0387409200968523
109123	7	16	13	0	0.0
109123	18	7	4	0	0.0
109123	29	2	17562	1356	0.07721216262384695
109123	8	25	165	0	0.0
109123	30	7	619	0	0.0
109123	3	12	2	0	0.0
109123	3	8	276	0	0.0
109123	1	8	81	0	0.0
109123	5	53	14	0	0.0
109123	1	12	18	1	0.05555555555555555
109123	5	16	862	0	0.0
109123	8	27	232	0	0.0
109123	7	29	71	0	0.0
109123	2	34	137	0	0.0
109123	42	3	1	0	0.0
109123	3	10	93	0	0.0
109123	24	7	3313	0	0.0
109123	26	7	241	0	0.0
109123	4	32	4	0	0.0
109123	47	1	99	0	0.0
109123	23	5	258	0	0.0
109123	7	51	4	0	0.0
109123	6	14	3011	10	0.0033211557622052474
109123	5	32	21	0	0.0
109123	7	14	6	0	0.0
109123	6	30	17640	1045	0.05924036281179138
109123	6	51	741	1	0.001349527665317139
109123	16	2	37	1	0.02702702702702703
109123	6	48	11827	492	0.041599729432654095
109123	36	5	95	0	0.0
109123	2	10	5994	2	0.000333667000333667
109123	4	53	1	0	0.0
109123	1	36	218	3	0.013761467889908258
109123	22	5	6587	57	0.008653408228328526
109123	43	3	252	0	0.0
109123	3	34	707	0	0.0
109123	27	7	81	0	0.0
109123	4	16	24	0	0.0
109123	4	8	248	1	0.004032258064516129
109123	7	48	35	0	0.0
109123	46	1	242	8	0.03305785123966942
109123	33	7	166	0	0.0
109123	6	29	1280	133	0.10390625
109123	7	34	629	0	0.0
109123	27	5	71	0	0.0
109123	4	36	213	0	0.0
109123	9	4	4	0	0.0
109123	23	7	270	0	0.0
109123	43	1	2124	91	0.0428436911487759
109123	42	1	693	12	0.017316017316017316
109123	13	2	121	1	0.008264462809917356
109123	26	5	335	1	0.0029850746268656717
109123	3	30	10	0	0.0
109123	33	5	199	2	0.010050251256281407
109123	2	30	1340	55	0.041044776119402986
109123	37	7	4	0	0.0
109123	46	3	67	0	0.0
109123	8	23	728	0	0.0
109123	7	10	1	0	0.0
109123	8	21	1516	0	0.0
109123	6	34	160	7	0.04375
109123	1	29	1893	0	0.0
109123	36	7	487	0	0.0
109123	4	34	1152	0	0.0
109123	7	8	2734	3	0.0010972933430870519
109123	6	36	29	3	0.10344827586206896
109123	20	7	6528	0	0.0
109123	22	7	5757	3	0.0005211047420531526
109123	8	6	761	34	0.04467805519053877
109123	41	1	1596	9	0.005639097744360902
109123	3	29	265	0	0.0
109123	5	8	568	1	0.0017605633802816902
109123	44	3	50	0	0.0
109123	19	5	373	1	0.002680965147453083
109123	18	5	340	0	0.0
109123	11	2	1149	2	0.0017406440382941688
109123	1	30	67	0	0.0
109123	40	1	16	0	0.0
109123	8	40	64	0	0.0
109123	35	7	121	0	0.0
109123	4	10	20	0	0.0
109123	2	53	6	0	0.0
109123	25	5	42	0	0.0
109123	8	38	26	0	0.0
109123	24	5	473	5	0.010570824524312896
109123	45	3	117	0	0.0
109123	49	6	589	8	0.013582342954159592
109123	21	7	594	0	0.0
109123	39	2	2007	1	0.0004982561036372695
109123	7	15	60	0	0.0
109123	7	50	53	0	0.0
109123	22	3	1809	0	0.0
109123	7	28	180	0	0.0
109123	52	7	10	0	0.0
109123	3	11	34	0	0.0
109123	6	28	543	30	0.055248618784530384
109123	3	35	1322	0	0.0
109123	4	33	237	0	0.0
109123	1	13	89	0	0.0
109123	2	35	75	1	0.013333333333333334
109123	1	9	327	1	0.0030581039755351682
109123	27	1	584	21	0.03595890410958904
109123	33	1	268	3	0.011194029850746268
109123	5	52	1013	11	0.01085883514313919
109123	8	26	23	0	0.0
109123	7	49	4	0	0.0
109123	37	3	76	0	0.0
109123	26	1	7	0	0.0
109123	6	50	1271	6	0.004720692368214005
109123	2	54	8	0	0.0
109123	6	15	2140	1	0.00046728971962616824
109123	23	3	3872	0	0.0
109123	39	6	39	1	0.02564102564102564
109123	28	4	71	0	0.0
109123	9	3	22	0	0.0
109123	4	50	1	0	0.0
109123	14	8	15	0	0.0
109123	16	8	5	0	0.0
109123	6	52	1658	0	0.0
109123	21	3	3505	0	0.0
109123	1	37	4236	4	0.0009442870632672333
109123	24	1	134	1	0.007462686567164179
109123	28	8	272	0	0.0
109123	1	11	663	0	0.0
109123	54	5	270	4	0.014814814814814815
109123	11	6	1	0	0.0
109123	5	49	261	2	0.007662835249042145
109123	5	28	168	0	0.0
109123	15	8	10	0	0.0
109123	38	6	1032	0	0.0
109123	3	13	3	0	0.0
109123	1	35	167	2	0.011976047904191617
109123	8	24	4447	0	0.0
109123	29	8	299	0	0.0
109123	31	1	258	0	0.0
109123	40	5	1990	0	0.0
109123	25	1	1699	44	0.025897586815773983
109123	4	31	41	0	0.0
109123	2	37	808	1	0.0012376237623762376
109123	5	15	1096	17	0.01551094890510949
109123	19	1	14062	170	0.01208931873133267
109123	2	33	243	0	0.0
109123	1	28	4	0	0.0
109123	8	20	2525	0	0.0
109123	21	1	7584	56	0.007383966244725738
109123	20	3	1440	0	0.0
109123	39	4	411	0	0.0
109123	8	19	956	0	0.0
109123	24	3	190	0	0.0
109123	4	35	107	0	0.0
109123	5	50	1220	13	0.010655737704918032
109123	11	4	8	0	0.0
109123	39	8	66	0	0.0
109123	6	33	133	10	0.07518796992481203
109123	40	7	83	0	0.0
109123	20	1	177	0	0.0
109123	10	8	6	0	0.0
109123	38	4	3	0	0.0
109123	3	33	360	0	0.0
109123	2	50	19	0	0.0
109123	31	3	113	0	0.0
109123	25	3	941	0	0.0
109123	3	28	29	0	0.0
109123	6	35	63	2	0.031746031746031744
109123	27	3	1479	0	0.0
109123	8	22	2585	0	0.0
109123	6	41	3	0	0.0
109123	26	3	72	0	0.0
109123	36	8	29	0	0.0
109123	2	31	18	0	0.0
109123	19	3	12593	0	0.0
109123	22	1	837	10	0.011947431302270013
109123	4	43	34	0	0.0
109123	6	54	12419	0	0.0
109123	7	11	1	0	0.0
109123	27	6	177	3	0.01694915254237288
109123	23	1	593	3	0.00505902192242833
109123	22	4	3351	0	0.0
109123	4	37	18	0	0.0
109123	2	24	352	2	0.005681818181818182
109123	4	5	137	1	0.0072992700729927005
109123	42	2	1096	2	0.0018248175182481751
109123	26	6	49	1	0.02040816326530612
109123	4	20	674	0	0.0
109123	2	45	2825	0	0.0
109123	2	3	418	0	0.0
109123	2	19	4876	7	0.001435602953240361
109123	7	39	11	0	0.0
109123	6	7	289	11	0.03806228373702422
109123	37	8	1	0	0.0
109123	6	20	2061	8	0.0038816108685104317
109123	6	22	6766	569	0.0840969553650606
109123	2	1	4110	792	0.1927007299270073
109123	43	2	1608	0	0.0
109123	23	4	2539	0	0.0
109123	24	6	727	38	0.052269601100412656
109123	6	5	3097	251	0.08104617371649984
109123	5	7	1106	4	0.003616636528028933
109123	4	7	214	0	0.0
109123	35	8	67	0	0.0
109123	2	26	2	0	0.0
109123	38	1	2	0	0.0
109123	39	1	5528	10	0.001808972503617945
109123	21	4	4461	0	0.0
109123	40	2	8	0	0.0
109123	25	6	72	1	0.013888888888888888
109123	5	39	18	0	0.0
109123	18	6	1258	29	0.023052464228934817
109123	19	6	394	2	0.005076142131979695
109123	34	8	126	0	0.0
109123	41	2	12384	120	0.009689922480620155
109123	4	45	4	0	0.0
109123	44	2	250	0	0.0
109123	6	43	5	0	0.0
109123	8	54	1	0	0.0
109123	8	50	6	0	0.0
109123	7	1	53	6	0.11320754716981132
109123	1	3	1774	48	0.02705749718151071
109123	24	4	742	0	0.0
109123	4	41	330	0	0.0
109123	39	3	981	0	0.0
109123	2	47	9325	1	0.00010723860589812332
109123	21	6	2248	54	0.02402135231316726
109123	5	3	69	1	0.014492753623188406
109123	30	8	1796	0	0.0
109123	31	8	1	0	0.0
109123	2	5	37	0	0.0
109123	2	22	1337	3	0.002243829468960359
109123	2	7	16	0	0.0
109123	4	3	2457	0	0.0
109123	46	2	324	0	0.0
109123	3	7	242	0	0.0
109123	4	19	7757	0	0.0
109123	4	1	656	7	0.010670731707317074
109123	2	20	10	0	0.0
109123	6	3	31	1	0.03225806451612903
109123	25	4	360	0	0.0
109123	6	1	70	4	0.05714285714285714
109123	4	26	36	0	0.0
109123	27	4	789	0	0.0
109123	8	33	455	0	0.0
109123	32	8	20	0	0.0
109123	6	40	1048	3	0.0028625954198473282
109123	2	25	527	0	0.0
109123	38	7	126	0	0.0
109123	5	38	2631	1	0.0003800836183960471
109123	42	4	4	0	0.0
109123	2	6	81	21	0.25925925925925924
109123	2	27	486	1	0.00205761316872428
109123	4	6	150	7	0.04666666666666667
109123	46	6	3	0	0.0
109123	4	40	49	0	0.0
109123	21	2	11233	307	0.027330187839401762
109123	23	6	779	26	0.03337612323491656
109123	23	2	1014	16	0.015779092702169626
109123	1	5	33	1	0.030303030303030304
109123	8	52	1	0	0.0
109123	53	8	2	0	0.0
109123	4	44	1	0	0.0
109123	8	51	5	0	0.0
109123	46	4	10	0	0.0
109123	4	2	512	3	0.005859375
111312	31	7	1261	0	0.0
111312	3	36	29	0	0.0
111312	2	12	111	0	0.0
111312	41	3	131	0	0.0
111312	1	34	38	0	0.0
111312	5	48	1946	40	0.020554984583761562
111312	25	7	16	0	0.0
111312	2	8	79	3	0.0379746835443038
111312	6	53	61	0	0.0
111312	19	7	3170	0	0.0
111312	4	29	1174	0	0.0
111312	7	32	80	0	0.0
111312	44	1	224	0	0.0
111312	48	8	244	0	0.0
111312	50	1	4	0	0.0
111312	5	30	875	2	0.002285714285714286
111312	15	2	2	0	0.0
111312	4	14	1	0	0.0
111312	34	5	114	1	0.008771929824561403
111312	20	5	5177	79	0.01525980297469577
111312	35	5	12	1	0.08333333333333333
111312	6	16	3399	54	0.01588702559576346
111312	9	2	4561	0	0.0
111312	28	2	14	0	0.0
111312	6	32	18	0	0.0
111312	21	5	340	0	0.0
111312	8	18	1	0	0.0
111312	40	3	4	0	0.0
111312	7	53	8	0	0.0
111312	5	14	343	1	0.0029154518950437317
111312	5	51	70	2	0.02857142857142857
111312	8	25	58	0	0.0
111312	45	1	1682	0	0.0
111312	49	8	1	0	0.0
111312	29	2	25403	2904	0.11431720662913829
111312	4	30	636	0	0.0
111312	5	29	4	0	0.0
111312	2	36	120	6	0.05
111312	7	16	17	0	0.0
111312	30	7	207	0	0.0
111312	3	8	32	0	0.0
111312	1	8	27	0	0.0
111312	24	7	307	0	0.0
111312	1	12	35	0	0.0
111312	2	34	100	6	0.06
111312	3	12	1	0	0.0
111312	7	29	18	0	0.0
111312	3	10	63	0	0.0
111312	26	7	51	0	0.0
111312	1	10	1012	0	0.0
111312	18	7	5	0	0.0
111312	8	27	39	0	0.0
111312	42	3	84	0	0.0
111312	5	16	1526	0	0.0
111312	5	53	35	1	0.02857142857142857
111312	47	1	640	0	0.0
111312	7	14	16	0	0.0
111312	6	51	671	5	0.007451564828614009
111312	7	51	20	0	0.0
111312	6	14	4180	8	0.0019138755980861245
111312	16	2	21	0	0.0
111312	23	5	26	0	0.0
111312	22	5	1307	1	0.0007651109410864575
111312	5	32	141	1	0.0070921985815602835
111312	46	1	260	0	0.0
111312	36	5	12	0	0.0
111312	1	36	13	0	0.0
111312	4	16	51	0	0.0
111312	6	48	14545	668	0.045926435201100034
111312	4	12	3	0	0.0
111312	3	34	249	0	0.0
111312	7	34	792	0	0.0
111312	7	48	79	0	0.0
111312	23	7	81	0	0.0
111312	33	7	452	0	0.0
111312	6	29	948	96	0.10126582278481013
111312	6	10	2	0	0.0
111312	43	3	66	0	0.0
111312	4	8	268	0	0.0
111312	37	7	33	0	0.0
111312	6	30	24106	4196	0.17406454824525014
111312	2	10	5167	1	0.00019353590090961874
111312	53	3	1	0	0.0
111312	9	4	4	0	0.0
111312	2	51	1	0	0.0
111312	3	30	8	0	0.0
111312	52	3	1	0	0.0
111312	13	2	135	0	0.0
111312	27	5	1	0	0.0
111312	4	36	101	0	0.0
111312	33	5	44	1	0.022727272727272728
111312	2	48	8	0	0.0
111312	3	14	1	0	0.0
111312	8	23	384	0	0.0
111312	42	1	764	0	0.0
111312	43	1	2915	0	0.0
111312	22	7	2194	2	0.0009115770282588879
111312	46	3	23	0	0.0
111312	2	30	2443	200	0.08186655751125665
111312	26	5	280	0	0.0
111312	6	34	63	3	0.047619047619047616
111312	20	7	6311	0	0.0
111312	3	29	155	0	0.0
111312	50	3	8	0	0.0
111312	6	36	57	1	0.017543859649122806
111312	36	7	1413	0	0.0
111312	1	29	1318	0	0.0
111312	4	34	218	0	0.0
111312	7	8	3332	0	0.0
111312	5	8	90	2	0.022222222222222223
111312	44	3	5	0	0.0
111312	8	6	512	47	0.091796875
111312	25	5	2	0	0.0
111312	8	21	4992	0	0.0
111312	41	1	2241	0	0.0
111312	19	5	78	0	0.0
111312	40	1	2	0	0.0
111312	3	32	26	0	0.0
111312	9	6	4	0	0.0
111312	1	30	36	0	0.0
111312	18	5	439	0	0.0
111312	35	7	109	0	0.0
111312	49	6	282	2	0.0070921985815602835
111312	45	3	76	0	0.0
111312	2	53	8	0	0.0
111312	8	40	75	0	0.0
111312	11	2	1471	0	0.0
111312	8	38	14	0	0.0
111312	39	2	5346	1	0.00018705574261129816
111312	24	5	221	0	0.0
111312	4	10	55	0	0.0
111312	21	7	1229	0	0.0
111312	4	33	145	0	0.0
111312	52	7	277	0	0.0
111312	3	11	10	0	0.0
111312	46	7	1	0	0.0
111312	1	13	59	0	0.0
111312	7	15	103	0	0.0
111312	33	1	171	0	0.0
111312	7	50	198	0	0.0
111312	2	35	11	2	0.18181818181818182
111312	22	3	243	0	0.0
111312	27	1	162	0	0.0
111312	5	17	72	3	0.041666666666666664
111312	17	8	2	0	0.0
111312	1	9	283	0	0.0
111312	5	52	2271	21	0.009247027741083224
111312	8	26	42	0	0.0
111312	7	49	1	0	0.0
111312	23	3	1421	0	0.0
111312	6	50	985	1	0.0010152284263959391
111312	7	28	33	0	0.0
111312	28	4	29	0	0.0
111312	1	37	9364	0	0.0
111312	37	3	387	0	0.0
111312	6	15	7407	17	0.002295126231942757
111312	6	17	615	4	0.0065040650406504065
111312	4	15	1	0	0.0
111312	6	52	1909	0	0.0
111312	4	50	1	0	0.0
111312	16	8	6	0	0.0
111312	21	3	1748	0	0.0
111312	3	35	199	0	0.0
111312	6	28	823	2	0.002430133657351154
111312	39	6	19	1	0.05263157894736842
111312	9	3	3	0	0.0
111312	3	13	2	0	0.0
111312	5	49	109	0	0.0
111312	14	8	7	0	0.0
111312	11	6	6	0	0.0
111312	40	5	2109	2	0.000948316737790422
111312	5	28	35	0	0.0
111312	28	8	84	0	0.0
111312	25	1	464	0	0.0
111312	29	8	312	0	0.0
111312	31	1	2613	1	0.0003827018752391887
111312	54	5	1449	27	0.018633540372670808
111312	24	1	35	0	0.0
111312	1	35	8	0	0.0
111312	19	1	5183	5	0.0009646922631680494
111312	15	8	16	0	0.0
111312	8	19	536	0	0.0
111312	38	6	2125	51	0.024
111312	7	17	22	0	0.0
111312	5	15	694	12	0.01729106628242075
111312	8	24	2254	0	0.0
111312	6	33	153	14	0.0915032679738562
111312	2	33	192	8	0.041666666666666664
111312	1	11	266	0	0.0
111312	11	4	5	0	0.0
111312	5	50	1447	9	0.006219765031098825
111312	8	20	1370	1	0.00072992700729927
111312	20	3	1308	0	0.0
111312	2	37	1135	0	0.0
111312	40	7	21	0	0.0
111312	39	4	317	0	0.0
111312	10	8	6	0	0.0
111312	21	1	4286	5	0.0011665888940737283
111312	19	3	5926	1	0.00016874789065136686
111312	38	4	4	0	0.0
111312	39	8	44	0	0.0
111312	25	3	319	0	0.0
111312	4	35	15	0	0.0
111312	24	3	63	0	0.0
111312	1	28	2	0	0.0
111312	20	1	14	0	0.0
111312	11	8	1	0	0.0
111312	31	3	1103	0	0.0
111312	3	33	435	0	0.0
111312	2	50	6	0	0.0
111312	27	3	21	0	0.0
111312	4	13	1	0	0.0
111312	4	43	47	0	0.0
111312	22	4	2583	0	0.0
111312	26	3	3	0	0.0
111312	6	41	35	0	0.0
111312	22	1	313	0	0.0
111312	4	37	50	0	0.0
111312	6	35	110	5	0.045454545454545456
111312	23	1	586	0	0.0
111312	2	31	213	0	0.0
111312	8	22	4146	0	0.0
111312	36	8	11	0	0.0
111312	3	28	4	0	0.0
111312	6	54	6802	7	0.0010291090855630697
111312	27	6	21	1	0.047619047619047616
111312	6	7	280	8	0.02857142857142857
111312	2	1	2766	39	0.014099783080260303
111312	4	5	17	0	0.0
111312	8	9	2	0	0.0
111312	43	2	1902	0	0.0
111312	2	24	142	5	0.035211267605633804
111312	4	20	172	0	0.0
111312	37	8	6	0	0.0
111312	2	3	111	0	0.0
111312	26	6	214	2	0.009345794392523364
111312	23	4	4157	0	0.0
111312	42	2	583	0	0.0
111312	2	45	2310	0	0.0
111312	6	20	2386	12	0.005029337803855826
111312	2	19	1075	3	0.0027906976744186047
111312	19	6	99	10	0.10101010101010101
111312	25	6	18	1	0.05555555555555555
111312	4	7	20	0	0.0
111312	35	8	116	0	0.0
111312	21	4	5852	0	0.0
111312	40	2	7	0	0.0
111312	6	22	8885	806	0.09071468767585819
111312	41	2	9695	6	0.0006188757091284168
111312	24	6	865	59	0.06820809248554913
111312	5	7	1417	10	0.007057163020465773
111312	39	1	6602	0	0.0
111312	18	6	1156	21	0.018166089965397925
111312	34	8	281	0	0.0
111312	8	54	27	0	0.0
111312	2	47	5043	0	0.0
111312	6	5	2496	520	0.20833333333333334
111312	8	50	12	0	0.0
111312	4	3	1937	0	0.0
111312	38	3	3	0	0.0
111312	4	45	9	0	0.0
111312	24	4	316	0	0.0
111312	30	8	425	0	0.0
111312	2	5	3	0	0.0
111312	6	43	12	0	0.0
111312	21	6	1756	184	0.10478359908883828
111312	44	2	523	0	0.0
111312	5	3	10	0	0.0
111312	1	3	639	3	0.004694835680751174
111312	7	1	6	0	0.0
111312	4	19	2186	0	0.0
111312	4	41	417	0	0.0
111312	39	3	85	0	0.0
111312	6	1	14	1	0.07142857142857142
111312	25	4	821	0	0.0
111312	4	1	121	0	0.0
111312	2	7	1	0	0.0
111312	4	26	2	0	0.0
111312	3	7	354	0	0.0
111312	23	6	74	5	0.06756756756756757
111312	4	47	42	0	0.0
111312	46	2	237	0	0.0
111312	6	3	15	2	0.13333333333333333
111312	27	4	360	0	0.0
111312	8	33	463	0	0.0
111312	2	22	2006	71	0.0353938185443669
111312	8	52	8	0	0.0
111312	4	6	93	6	0.06451612903225806
111312	2	27	1382	0	0.0
111312	2	6	73	16	0.2191780821917808
111312	46	6	4	0	0.0
111312	4	40	9	0	0.0
111312	38	7	120	0	0.0
111312	8	51	5	0	0.0
111312	42	4	10	0	0.0
111312	4	44	1	0	0.0
111312	2	25	349	0	0.0
111312	4	2	324	9	0.027777777777777776
111312	6	40	2831	3	0.0010596962204168139
111312	46	4	7	0	0.0
111312	23	2	652	13	0.019938650306748466
111312	5	38	1899	5	0.0026329647182727752
111312	21	2	16737	560	0.033458803847762446
111514	1	34	178	0	0.0
111514	2	8	62	1	0.016129032258064516
111514	31	7	13	0	0.0
111514	4	14	1	0	0.0
111514	41	3	122	0	0.0
111514	4	29	688	0	0.0
111514	6	53	71	2	0.028169014084507043
111514	9	2	2854	3	0.001051156271899089
111514	3	36	169	0	0.0
111514	44	1	181	22	0.12154696132596685
111514	5	48	1757	42	0.02390438247011952
111514	2	12	408	0	0.0
111514	25	7	59	0	0.0
111514	6	16	3870	56	0.014470284237726097
111514	19	7	1873	0	0.0
111514	50	1	7	0	0.0
111514	48	8	665	0	0.0
111514	5	30	3391	0	0.0
111514	7	32	157	0	0.0
111514	15	2	1	1	1.0
111514	21	5	676	13	0.019230769230769232
111514	5	14	432	1	0.0023148148148148147
111514	35	5	152	6	0.039473684210526314
111514	28	2	54	0	0.0
111514	20	5	11058	175	0.015825646590703565
111514	49	8	4	0	0.0
111514	7	53	7	0	0.0
111514	14	2	2	0	0.0
111514	5	51	78	6	0.07692307692307693
111514	4	30	790	0	0.0
111514	7	16	11	0	0.0
111514	45	1	1910	77	0.04031413612565445
111514	29	2	15588	2828	0.18142160636386964
111514	34	5	145	5	0.034482758620689655
111514	8	25	41	0	0.0
111514	40	3	15	0	0.0
111514	1	8	54	0	0.0
111514	8	27	16	0	0.0
111514	26	7	110	0	0.0
111514	2	36	100	1	0.01
111514	3	12	1	0	0.0
111514	7	29	201	0	0.0
111514	2	34	106	3	0.02830188679245283
111514	1	10	2337	87	0.037227214377406934
111514	30	7	348	0	0.0
111514	5	29	18	0	0.0
111514	3	8	131	0	0.0
111514	18	7	4	0	0.0
111514	24	7	334	0	0.0
111514	1	12	9	0	0.0
111514	3	10	122	0	0.0
111514	5	53	46	4	0.08695652173913043
111514	7	51	12	0	0.0
111514	36	5	143	4	0.027972027972027972
111514	7	14	3	0	0.0
111514	23	5	120	1	0.008333333333333333
111514	16	2	32	1	0.03125
111514	5	16	2327	0	0.0
111514	6	30	13271	1833	0.13812071433953735
111514	6	14	3216	4	0.0012437810945273632
111514	22	5	6159	146	0.02370514693943822
111514	7	48	85	0	0.0
111514	6	51	315	6	0.01904761904761905
111514	5	32	5	0	0.0
111514	4	16	28	0	0.0
111514	46	1	220	14	0.06363636363636363
111514	2	10	3289	3	0.0009121313469139556
111514	1	36	109	0	0.0
111514	43	3	24	0	0.0
111514	27	7	24	0	0.0
111514	4	53	1	0	0.0
111514	33	7	156	0	0.0
111514	6	29	1084	194	0.17896678966789667
111514	7	34	106	0	0.0
111514	3	34	314	0	0.0
111514	9	4	11	0	0.0
111514	23	7	352	0	0.0
111514	4	8	146	0	0.0
111514	6	10	1	1	1.0
111514	37	7	1	0	0.0
111514	6	48	17062	900	0.05274879849958973
111514	42	1	239	10	0.04184100418410042
111514	7	10	4	0	0.0
111514	43	1	497	33	0.06639839034205232
111514	3	51	1	0	0.0
111514	26	5	3254	25	0.007682851874615857
111514	27	5	3	0	0.0
111514	46	3	14	0	0.0
111514	3	30	18	0	0.0
111514	4	36	166	0	0.0
111514	2	30	1245	45	0.03614457831325301
111514	8	23	325	0	0.0
111514	33	5	311	9	0.028938906752411574
111514	13	2	385	2	0.005194805194805195
111514	22	7	470	2	0.00425531914893617
111514	6	36	43	4	0.09302325581395349
111514	4	34	476	0	0.0
111514	6	34	19	2	0.10526315789473684
111514	3	29	217	0	0.0
111514	7	8	2803	0	0.0
111514	36	7	673	0	0.0
111514	1	29	1560	2	0.001282051282051282
111514	44	3	9	0	0.0
111514	20	7	3379	2	0.0005918910920390648
111514	50	3	7	0	0.0
111514	41	1	639	14	0.02190923317683881
111514	8	21	1821	0	0.0
111514	5	10	1	1	1.0
111514	5	8	215	6	0.027906976744186046
111514	8	6	517	43	0.08317214700193423
111514	25	5	21	0	0.0
111514	2	53	8	2	0.25
111514	39	2	3017	1	0.00033145508783559825
111514	11	2	2338	12	0.0051325919589392645
111514	24	5	986	9	0.009127789046653144
111514	45	3	57	0	0.0
111514	8	38	20	1	0.05
111514	19	5	572	6	0.01048951048951049
111514	40	1	8	0	0.0
111514	1	30	27	0	0.0
111514	49	6	809	30	0.037082818294190356
111514	3	32	12	0	0.0
111514	8	40	32	0	0.0
111514	31	5	1	0	0.0
111514	18	5	846	1	0.001182033096926714
111514	4	10	37	0	0.0
111514	9	6	1	0	0.0
111514	7	15	82	3	0.036585365853658534
111514	1	13	48	0	0.0
111514	1	9	342	0	0.0
111514	3	11	49	0	0.0
111514	21	7	801	0	0.0
111514	22	3	1466	0	0.0
111514	4	33	123	0	0.0
111514	35	7	205	0	0.0
111514	7	50	94	1	0.010638297872340425
111514	27	1	94	0	0.0
111514	5	52	1137	95	0.08355321020228672
111514	52	7	14	0	0.0
111514	8	26	104	0	0.0
111514	33	1	260	1	0.0038461538461538464
111514	2	35	31	0	0.0
111514	7	49	1	0	0.0
111514	7	28	78	0	0.0
111514	2	54	7	0	0.0
111514	26	1	5	0	0.0
111514	23	3	1902	0	0.0
111514	3	35	822	0	0.0
111514	4	50	2	0	0.0
111514	37	3	196	0	0.0
111514	6	28	107	11	0.102803738317757
111514	21	3	1955	0	0.0
111514	6	17	1	0	0.0
111514	1	37	6320	4	0.0006329113924050633
111514	6	52	3431	7	0.0020402215097639173
111514	6	15	3442	2	0.0005810575246949448
111514	16	8	7	0	0.0
111514	6	50	267	0	0.0
111514	9	3	16	0	0.0
111514	24	1	58	0	0.0
111514	39	6	9	0	0.0
111514	28	4	86	0	0.0
111514	40	5	1343	0	0.0
111514	1	35	49	0	0.0
111514	54	5	19	0	0.0
111514	11	6	33	0	0.0
111514	5	28	160	0	0.0
111514	28	8	355	0	0.0
111514	19	1	7761	35	0.00450972812781858
111514	14	8	1	0	0.0
111514	29	8	419	0	0.0
111514	25	1	1347	1	0.0007423904974016332
111514	5	49	171	7	0.04093567251461988
111514	3	13	1	0	0.0
111514	31	1	126	0	0.0
111514	5	15	2793	1352	0.4840673111349803
111514	2	33	197	4	0.02030456852791878
111514	8	20	2333	0	0.0
111514	4	31	4	0	0.0
111514	15	8	53	0	0.0
111514	1	11	1040	1	0.0009615384615384616
111514	2	37	879	4	0.004550625711035267
111514	6	33	134	16	0.11940298507462686
111514	20	3	3350	0	0.0
111514	38	6	1190	8	0.0067226890756302525
111514	8	24	1680	0	0.0
111514	8	19	1338	0	0.0
111514	5	50	148	16	0.10810810810810811
111514	44	7	4	4	1.0
111514	40	7	37	0	0.0
111514	11	4	12	0	0.0
111514	39	4	129	0	0.0
111514	11	8	5	0	0.0
111514	4	35	56	0	0.0
111514	7	9	1	0	0.0
111514	24	3	135	0	0.0
111514	1	28	9	0	0.0
111514	39	8	24	0	0.0
111514	20	1	263	1	0.0038022813688212928
111514	44	5	3	3	1.0
111514	10	8	1	0	0.0
111514	38	4	1	0	0.0
111514	19	3	11169	0	0.0
111514	25	3	968	0	0.0
111514	31	3	13	0	0.0
111514	21	1	6084	6	0.0009861932938856016
111514	27	3	130	0	0.0
111514	8	22	3575	0	0.0
111514	3	33	152	0	0.0
111514	43	7	1	1	1.0
111514	23	1	137	0	0.0
111514	46	5	1	0	0.0
111514	22	1	631	0	0.0
111514	26	3	108	0	0.0
111514	2	31	7	0	0.0
111514	4	37	127	0	0.0
111514	6	35	88	16	0.18181818181818182
111514	7	11	1	0	0.0
111514	2	50	37	0	0.0
111514	3	28	26	0	0.0
111514	6	54	4481	4	0.0008926578888640928
111514	4	43	9	0	0.0
111514	36	8	48	0	0.0
111514	2	24	245	5	0.02040816326530612
111514	8	9	2	0	0.0
111514	43	2	814	4	0.004914004914004914
111514	27	6	19	0	0.0
111514	26	6	440	3	0.006818181818181818
111514	7	39	18	0	0.0
111514	37	8	1	0	0.0
111514	22	4	2883	0	0.0
111514	42	2	684	7	0.01023391812865497
111514	23	4	2922	0	0.0
111514	6	7	132	6	0.045454545454545456
111514	2	19	2505	8	0.0031936127744510976
111514	2	45	3249	0	0.0
111514	4	5	60	1	0.016666666666666666
111514	2	3	261	7	0.02681992337164751
111514	4	7	169	0	0.0
111514	6	5	3137	673	0.2145361810647115
111514	4	20	1823	0	0.0
111514	2	26	2	0	0.0
111514	6	22	6019	1003	0.16663897657418175
111514	21	4	3117	0	0.0
111514	39	1	4758	1	0.0002101723413198823
111514	35	8	105	0	0.0
111514	5	39	10	0	0.0
111514	2	1	3244	475	0.1464241676942047
111514	40	2	6	0	0.0
111514	24	6	1700	279	0.16411764705882353
111514	6	20	1431	33	0.023060796645702306
111514	18	6	1273	37	0.029065200314218383
111514	25	6	18	0	0.0
111514	39	3	99	0	0.0
111514	19	6	317	2	0.006309148264984227
111514	5	3	66	4	0.06060606060606061
111514	7	1	52	8	0.15384615384615385
111514	34	8	57	0	0.0
111514	24	4	357	0	0.0
111514	2	47	3272	1	0.0003056234718826406
111514	5	7	865	18	0.020809248554913295
111514	41	2	11893	271	0.022786513074918018
111514	4	41	1106	0	0.0
111514	4	45	2	0	0.0
111514	1	3	1234	3	0.0024311183144246355
111514	21	6	2589	183	0.07068366164542295
111514	8	50	6	0	0.0
111514	2	5	28	10	0.35714285714285715
111514	44	2	260	9	0.03461538461538462
111514	2	20	71	1	0.014084507042253521
111514	30	8	1620	0	0.0
111514	25	4	297	0	0.0
111514	8	33	401	0	0.0
111514	4	1	274	0	0.0
111514	38	3	3	0	0.0
111514	27	4	244	0	0.0
111514	4	19	4904	0	0.0
111514	6	1	37	2	0.05405405405405406
111514	2	22	1771	18	0.010163749294184076
111514	4	3	2708	0	0.0
111514	6	3	15	1	0.06666666666666667
111514	46	2	186	1	0.005376344086021506
111514	4	26	52	0	0.0
111514	2	27	541	0	0.0
111514	2	7	55	12	0.21818181818181817
111514	38	7	125	0	0.0
111514	4	6	68	10	0.14705882352941177
111514	1	5	36	14	0.3888888888888889
111514	23	6	320	17	0.053125
111514	44	6	1	0	0.0
111514	3	7	86	0	0.0
111514	5	38	2631	11	0.004180919802356519
111514	6	40	840	6	0.007142857142857143
111514	4	40	26	0	0.0
111514	8	52	2	0	0.0
111514	21	2	10987	854	0.0777282242650405
111514	42	4	4	0	0.0
111514	23	2	225	13	0.057777777777777775
114823	2	12	482	1	0.002074688796680498
111514	53	8	2	0	0.0
111514	2	25	412	0	0.0
114823	19	7	466	0	0.0
111514	4	44	2	0	0.0
114823	2	8	41	1	0.024390243902439025
114823	4	29	3350	0	0.0
114823	1	34	205	8	0.03902439024390244
111514	2	6	62	16	0.25806451612903225
111514	46	4	6	0	0.0
114823	25	7	37	0	0.0
111514	46	6	3	0	0.0
111514	8	51	3	0	0.0
114823	31	7	60	0	0.0
111514	4	2	412	12	0.02912621359223301
114823	41	3	165	0	0.0
114823	4	14	1	0	0.0
114823	6	53	34	0	0.0
114823	20	5	19556	715	0.036561669052976066
114823	5	30	1857	1	0.0005385029617662897
114823	9	2	4605	7	0.0015200868621064061
114823	3	36	133	0	0.0
114823	35	5	9	0	0.0
114823	44	1	296	22	0.07432432432432433
114823	6	16	3455	83	0.024023154848046308
114823	48	8	381	1	0.0026246719160104987
114823	34	5	83	4	0.04819277108433735
114823	15	2	2	1	0.5
114823	7	32	945	0	0.0
114823	29	2	20773	1805	0.08689163818418139
114823	5	48	2954	102	0.034529451591062965
114823	6	32	8	0	0.0
114823	8	25	16	0	0.0
114823	5	51	334	108	0.32335329341317365
114823	8	18	19	1	0.05263157894736842
114823	45	1	3362	66	0.019631171921475312
114823	1	10	688	0	0.0
114823	49	8	8	0	0.0
114823	4	30	193	0	0.0
114823	7	53	3	0	0.0
114823	21	5	166	0	0.0
114823	51	1	21	21	1.0
114823	40	3	6	0	0.0
114823	2	36	56	3	0.05357142857142857
114823	7	16	46	0	0.0
114823	28	2	36	1	0.027777777777777776
114823	5	14	240	1	0.004166666666666667
114823	1	12	56	0	0.0
114823	18	7	16	0	0.0
114823	24	7	962	0	0.0
114823	26	7	73	0	0.0
114823	7	29	79	0	0.0
114823	5	29	18	0	0.0
114823	1	8	10	0	0.0
114823	3	12	7	0	0.0
114823	3	8	20	0	0.0
114823	2	34	538	28	0.05204460966542751
114823	30	7	367	0	0.0
114823	16	2	29	2	0.06896551724137931
114823	23	5	27	0	0.0
114823	42	3	4	0	0.0
114823	4	32	10	0	0.0
114823	3	10	88	0	0.0
114823	47	1	224	4	0.017857142857142856
114823	6	48	11965	392	0.03276222315085667
114823	5	16	702	0	0.0
114823	7	14	16	0	0.0
114823	8	27	47	0	0.0
114823	37	5	47	7	0.14893617021276595
114823	5	53	18	1	0.05555555555555555
114823	7	51	89	0	0.0
114823	6	30	28050	4738	0.1689126559714795
114823	36	5	6	0	0.0
114823	46	1	66	1	0.015151515151515152
114823	43	3	75	0	0.0
114823	5	32	798	0	0.0
114823	1	36	32	1	0.03125
114823	3	34	573	0	0.0
114823	2	10	5022	24	0.0047789725209080045
114823	22	5	954	2	0.0020964360587002098
114823	52	1	4	4	1.0
114823	6	51	279	0	0.0
114823	33	7	286	0	0.0
114823	27	7	96	0	0.0
114823	7	48	73	0	0.0
114823	6	29	738	46	0.06233062330623306
114823	6	14	2941	12	0.004080244814688882
114823	4	16	33	0	0.0
114823	4	8	36	0	0.0
114823	37	7	28	0	0.0
114823	9	4	47	0	0.0
114823	6	10	4	1	0.25
114823	3	48	2	0	0.0
114823	26	5	688	7	0.010174418604651164
114823	3	30	11	0	0.0
114823	33	5	47	1	0.02127659574468085
114823	23	7	299	0	0.0
114823	53	3	2	0	0.0
114823	1	32	8	0	0.0
114823	7	34	535	0	0.0
114823	4	12	5	0	0.0
114823	13	2	599	3	0.005008347245409015
114823	2	51	12	11	0.9166666666666666
114823	42	1	600	3	0.005
114823	52	3	4	0	0.0
114823	36	7	338	0	0.0
114823	4	36	23	0	0.0
114823	8	23	177	0	0.0
114823	2	30	484	36	0.0743801652892562
114823	46	3	21	0	0.0
114823	7	8	2687	0	0.0
114823	3	29	630	0	0.0
114823	7	10	11	0	0.0
114823	2	48	3	0	0.0
114823	6	34	121	15	0.12396694214876033
114823	43	1	1786	62	0.03471444568868981
114823	22	7	881	0	0.0
114823	5	8	234	21	0.08974358974358974
114823	4	34	398	0	0.0
114823	1	29	1697	3	0.0017678255745433118
114823	6	36	8	1	0.125
114823	25	5	1	0	0.0
114823	5	10	1	1	1.0
114823	38	2	3	2	0.6666666666666666
114823	31	5	72	0	0.0
114823	8	6	1321	205	0.15518546555639667
114823	3	16	1	0	0.0
114823	50	3	3	0	0.0
114823	44	3	13	0	0.0
114823	24	5	57	0	0.0
114823	8	21	775	0	0.0
114823	20	7	15229	0	0.0
114823	39	2	3706	17	0.0045871559633027525
114823	2	32	1	0	0.0
114823	19	5	25	0	0.0
114823	41	1	3593	24	0.006679654884497634
114823	3	32	254	0	0.0
114823	40	1	5	0	0.0
114823	1	30	4	0	0.0
114823	8	40	265	0	0.0
114823	45	3	99	0	0.0
114823	9	6	4	0	0.0
114823	49	6	932	5	0.00536480686695279
114823	18	5	395	1	0.002531645569620253
114823	35	7	48	0	0.0
114823	2	53	5	0	0.0
114823	4	33	223	0	0.0
114823	8	38	27	1	0.037037037037037035
114823	7	15	49	0	0.0
114823	4	10	225	0	0.0
114823	21	7	768	0	0.0
114823	11	2	4253	50	0.011756407241946862
114823	3	11	94	0	0.0
114823	17	8	2	0	0.0
114823	3	35	643	0	0.0
114823	1	9	239	0	0.0
114823	1	13	338	0	0.0
114823	22	3	312	0	0.0
114823	8	26	83	0	0.0
114823	6	28	1033	152	0.14714424007744434
114823	7	50	9	0	0.0
114823	5	17	37	1	0.02702702702702703
114823	2	35	4	0	0.0
114823	27	1	421	19	0.04513064133016627
114823	5	52	4473	206	0.046054102392130564
114823	52	7	326	1	0.003067484662576687
114823	33	1	353	61	0.17280453257790368
114823	7	28	102	0	0.0
114823	16	8	38	0	0.0
114823	26	1	2	0	0.0
114823	7	49	17	0	0.0
114823	21	3	3440	0	0.0
114823	4	15	1	0	0.0
114823	9	3	26	0	0.0
114823	23	3	720	0	0.0
114823	6	15	3739	74	0.019791388071676918
114823	6	52	3297	4	0.001213224143160449
114823	39	6	30	1	0.03333333333333333
114823	28	4	40	0	0.0
114823	6	50	742	2	0.0026954177897574125
114823	1	37	12732	126	0.009896324222431668
114823	6	17	287	2	0.006968641114982578
114823	14	8	15	1	0.06666666666666667
114823	37	3	648	0	0.0
114823	24	1	100	0	0.0
114823	29	8	190	0	0.0
114823	11	6	14	0	0.0
114823	5	28	185	0	0.0
114823	15	8	85	1	0.011764705882352941
114823	40	5	1733	11	0.006347374495095211
114823	1	35	13	1	0.07692307692307693
114823	54	5	563	20	0.035523978685612786
114823	5	49	998	63	0.06312625250501001
114823	25	1	690	71	0.10289855072463767
114823	19	1	18606	1472	0.07911426421584435
114823	31	1	5508	3	0.0005446623093681918
114823	3	13	7	0	0.0
114823	8	24	3514	0	0.0
114823	38	6	1838	7	0.003808487486398259
114823	28	8	560	0	0.0
114823	44	7	5	0	0.0
114823	2	33	259	9	0.03474903474903475
114823	5	50	809	77	0.09517923362175525
114823	11	4	112	0	0.0
114823	8	19	112	0	0.0
114823	6	33	106	6	0.05660377358490566
114823	2	37	1888	3	0.0015889830508474577
114823	1	11	1038	1	0.0009633911368015414
114823	1	15	2	1	0.5
114823	4	31	3	0	0.0
114823	8	20	2826	0	0.0
114823	5	15	812	16	0.019704433497536946
114823	40	7	41	0	0.0
114823	20	3	2547	0	0.0
114823	7	17	2	0	0.0
114823	24	3	13	0	0.0
114823	39	4	677	0	0.0
114823	25	3	671	0	0.0
114823	21	1	1938	119	0.06140350877192982
114823	20	1	591	15	0.025380710659898477
114823	31	3	2591	0	0.0
114823	44	5	44	39	0.8863636363636364
114823	6	37	11	8	0.7272727272727273
114823	7	9	4	0	0.0
114823	39	8	41	0	0.0
114823	38	4	2	0	0.0
114823	1	28	2	0	0.0
114823	11	8	6	0	0.0
114823	4	35	8	0	0.0
114823	19	3	15311	1	6.531252041016262e-05
114823	10	8	4	0	0.0
114823	8	41	8	0	0.0
114823	2	50	11	0	0.0
114823	4	37	143	0	0.0
114823	8	43	2	0	0.0
114823	43	7	18	0	0.0
114823	3	33	862	0	0.0
114823	22	1	416	6	0.014423076923076924
114823	3	28	3	0	0.0
114823	6	35	18	2	0.1111111111111111
114823	26	3	8	0	0.0
114823	4	13	4	0	0.0
114823	23	1	268	8	0.029850746268656716
114823	27	3	638	0	0.0
114823	8	22	1650	0	0.0
114823	7	11	4	0	0.0
114823	6	54	9922	2	0.00020157226365652087
114823	4	43	22	0	0.0
114823	36	8	10	0	0.0
114823	43	2	1674	0	0.0
114823	7	39	71	0	0.0
114823	42	2	556	9	0.01618705035971223
114823	4	5	12	0	0.0
114823	6	41	70	0	0.0
114823	2	31	109	0	0.0
114823	22	4	1315	0	0.0
114823	23	4	3520	0	0.0
114823	37	8	12	0	0.0
114823	26	6	824	30	0.03640776699029126
114823	2	24	400	10	0.025
114823	27	6	35	1	0.02857142857142857
114823	6	7	314	15	0.04777070063694268
114823	2	45	4271	2	0.0004682744088035589
114823	2	3	787	34	0.043202033036848796
114823	24	6	686	125	0.18221574344023322
114823	21	4	4977	0	0.0
114823	2	1	3832	340	0.08872651356993737
114823	35	8	3	0	0.0
114823	6	20	4640	332	0.07155172413793104
114823	4	20	1245	0	0.0
114823	2	26	10	0	0.0
114823	2	19	5010	150	0.029940119760479042
114823	18	6	1338	50	0.03736920777279522
114823	40	2	25	1	0.04
114823	39	1	5511	33	0.005988023952095809
114823	6	5	2768	738	0.2666184971098266
114823	6	22	9845	1991	0.2022346368715084
114823	5	39	3	0	0.0
114823	4	7	97	0	0.0
114823	25	6	5	0	0.0
114823	34	8	80	0	0.0
114823	5	3	49	4	0.08163265306122448
114823	8	54	1	0	0.0
114823	5	7	1371	89	0.06491611962071481
114823	38	1	39	1	0.02564102564102564
114823	19	6	29	1	0.034482758620689655
114823	7	1	71	7	0.09859154929577464
114823	24	4	398	0	0.0
114823	1	3	2262	191	0.08443854995579134
114823	8	50	9	0	0.0
114823	6	43	17	0	0.0
114823	4	41	1130	0	0.0
114823	39	3	989	0	0.0
114823	41	2	12872	159	0.012352392790553139
114823	2	5	51	39	0.7647058823529411
114823	44	2	300	3	0.01
114823	2	47	11036	0	0.0
114823	30	8	3019	0	0.0
114823	4	19	3592	0	0.0
114823	21	6	1403	127	0.09052031361368496
114823	6	1	35	27	0.7714285714285715
114823	38	3	38	0	0.0
114823	2	20	622	30	0.04823151125401929
114823	4	45	11	0	0.0
114823	4	1	559	6	0.01073345259391771
114823	25	4	169	0	0.0
114823	8	33	79	0	0.0
114823	46	2	123	0	0.0
114823	27	4	1268	0	0.0
114823	6	3	3	0	0.0
114823	2	22	1580	62	0.039240506329113925
114823	4	3	3086	0	0.0
114823	4	26	17	0	0.0
114823	2	7	75	3	0.04
114823	3	7	247	0	0.0
114823	38	7	202	0	0.0
114823	8	52	5	3	0.6
114823	2	18	1	0	0.0
114823	23	2	1128	55	0.04875886524822695
114823	44	6	13	7	0.5384615384615384
114823	4	40	21	0	0.0
114823	1	5	25	10	0.4
114823	46	6	63	1	0.015873015873015872
114823	5	38	2323	10	0.004304778303917348
114823	23	6	202	20	0.09900990099009901
114823	4	6	61	2	0.03278688524590164
114823	2	27	1903	55	0.028901734104046242
114823	42	4	4	0	0.0
114823	6	40	2623	52	0.019824628288219594
114823	21	2	9887	474	0.04794174168099525
114823	2	25	441	5	0.011337868480725623
114823	2	6	110	52	0.4727272727272727
115017	41	3	255	0	0.0
115017	19	7	735	0	0.0
114823	8	51	13	9	0.6923076923076923
115017	2	12	422	4	0.009478672985781991
115017	1	34	368	17	0.04619565217391304
115017	4	29	6609	0	0.0
115017	31	7	61	0	0.0
115017	2	8	85	9	0.10588235294117647
114823	4	44	4	0	0.0
114823	46	4	11	0	0.0
114823	4	2	2421	53	0.021891780256092525
115017	3	36	59	0	0.0
115017	25	7	38	0	0.0
115017	6	53	29	1	0.034482758620689655
115017	44	1	378	42	0.1111111111111111
115017	9	2	2897	10	0.0034518467380048328
115017	4	14	2	0	0.0
115017	5	30	3860	12	0.0031088082901554403
115017	20	5	5767	196	0.033986474770244496
115017	7	32	150	0	0.0
115017	6	16	3339	130	0.03893381251871818
115017	50	1	8	0	0.0
115017	48	8	382	1	0.002617801047120419
115017	5	48	2421	123	0.05080545229244114
115017	15	2	74	71	0.9594594594594594
115017	14	2	10	1	0.1
115017	35	5	126	3	0.023809523809523808
115017	34	5	134	2	0.014925373134328358
115017	5	14	353	1	0.0028328611898017
115017	5	51	289	56	0.19377162629757785
115017	7	53	1	0	0.0
115017	6	32	2	0	0.0
115017	28	2	30	0	0.0
115017	21	5	612	9	0.014705882352941176
115017	4	30	596	0	0.0
115017	49	8	8	0	0.0
115017	8	18	10	0	0.0
115017	51	1	55	55	1.0
115017	29	2	18459	4893	0.26507394766780434
115017	40	3	17	0	0.0
115017	7	16	21	0	0.0
115017	45	1	3478	170	0.0488786658999425
115017	18	7	8	0	0.0
115017	1	8	173	2	0.011560693641618497
115017	3	12	18	0	0.0
115017	30	7	438	4	0.0091324200913242
115017	24	7	1774	0	0.0
115017	1	10	488	9	0.018442622950819672
115017	26	7	126	0	0.0
115017	2	34	222	7	0.03153153153153153
115017	3	8	142	0	0.0
115017	8	27	88	0	0.0
115017	2	36	179	18	0.1005586592178771
115017	5	29	64	0	0.0
115017	1	12	55	1	0.01818181818181818
115017	3	10	123	0	0.0
115017	7	29	89	0	0.0
115017	8	25	123	0	0.0
115017	4	32	1	0	0.0
115017	42	3	31	0	0.0
115017	47	1	1880	124	0.06595744680851064
115017	7	51	32	1	0.03125
115017	16	2	77	7	0.09090909090909091
115017	5	53	16	2	0.125
115017	23	5	180	3	0.016666666666666666
115017	36	5	38	1	0.02631578947368421
115017	6	51	414	18	0.043478260869565216
115017	7	14	5	0	0.0
115017	17	2	7	7	1.0
115017	6	48	6870	790	0.11499272197962154
115017	37	5	10	10	1.0
115017	22	5	2189	50	0.02284148012791229
115017	5	16	1198	1	0.0008347245409015025
115017	6	30	20096	4017	0.199890525477707
115017	6	14	3117	32	0.010266281681103625
115017	7	48	220	0	0.0
115017	5	32	36	2	0.05555555555555555
115017	46	1	26	4	0.15384615384615385
115017	43	3	269	0	0.0
115017	1	36	162	8	0.04938271604938271
115017	4	16	64	0	0.0
115017	33	7	130	0	0.0
115017	4	8	459	0	0.0
115017	6	29	2338	359	0.15355004277159967
115017	4	12	2	0	0.0
115017	27	7	9	0	0.0
115017	3	34	284	0	0.0
115017	7	34	1038	0	0.0
115017	23	7	69	0	0.0
115017	3	30	40	0	0.0
115017	2	10	5567	15	0.0026944494341656186
115017	37	7	5	0	0.0
115017	53	3	2	0	0.0
115017	6	10	15	13	0.8666666666666667
115017	9	4	4	0	0.0
115017	42	1	1699	103	0.06062389640965274
115017	13	2	174	0	0.0
115017	3	48	5	0	0.0
115017	33	5	205	5	0.024390243902439025
115017	27	5	10	0	0.0
115017	26	5	3208	31	0.009663341645885287
115017	2	51	34	31	0.9117647058823529
115017	3	51	8	1	0.125
115017	7	10	3	1	0.3333333333333333
115017	2	48	33	0	0.0
115017	4	36	247	0	0.0
115017	8	23	1375	0	0.0
115017	2	30	712	56	0.07865168539325842
115017	4	34	917	0	0.0
115017	22	7	996	7	0.007028112449799197
115017	7	8	2674	0	0.0
115017	5	8	185	39	0.21081081081081082
115017	3	29	645	0	0.0
115017	52	3	8	0	0.0
115017	6	34	38	3	0.07894736842105263
115017	43	1	3230	328	0.10154798761609907
115017	36	7	506	0	0.0
115017	46	3	43	0	0.0
115017	6	36	51	8	0.1568627450980392
115017	5	10	9	9	1.0
115017	50	3	13	0	0.0
115017	20	7	3473	0	0.0
115017	1	14	1	1	1.0
115017	8	6	750	137	0.18266666666666667
115017	1	29	2216	0	0.0
115017	11	2	1872	77	0.04113247863247863
115017	8	21	4168	0	0.0
115017	31	5	10	0	0.0
115017	25	5	14	0	0.0
115017	44	3	81	0	0.0
115017	39	2	4550	32	0.007032967032967033
115017	24	5	86	1	0.011627906976744186
115017	41	1	3093	129	0.041707080504364696
115017	19	5	263	5	0.019011406844106463
115017	18	5	752	5	0.006648936170212766
115017	3	32	4	0	0.0
115017	40	1	22	1	0.045454545454545456
115017	1	30	46	0	0.0
115017	49	6	488	21	0.0430327868852459
115017	2	53	36	0	0.0
115017	8	38	80	0	0.0
115017	8	40	949	1	0.001053740779768177
115017	45	3	128	0	0.0
115017	4	10	61	0	0.0
115017	35	7	114	0	0.0
115017	9	6	5	1	0.2
115017	1	9	79	1	0.012658227848101266
115017	21	7	329	0	0.0
115017	17	8	6	1	0.16666666666666666
115017	7	15	93	6	0.06451612903225806
115017	4	33	58	0	0.0
115017	6	31	14	1	0.07142857142857142
115017	22	3	576	0	0.0
115017	33	1	350	13	0.037142857142857144
115017	7	50	28	0	0.0
115017	3	11	85	0	0.0
115017	5	52	1780	151	0.0848314606741573
115017	27	1	262	1	0.003816793893129771
115017	52	7	52	0	0.0
115017	5	17	127	22	0.1732283464566929
115017	8	26	118	0	0.0
115017	1	13	52	0	0.0
115017	7	28	168	0	0.0
115017	43	5	51	49	0.9607843137254902
115017	16	8	24	0	0.0
115017	3	35	599	0	0.0
115017	37	3	294	4	0.013605442176870748
115017	6	28	244	26	0.10655737704918032
115017	4	50	2	0	0.0
115017	7	49	5	0	0.0
115017	2	35	89	3	0.033707865168539325
115017	6	15	4946	54	0.010917913465426607
115017	23	3	4093	0	0.0
115017	26	1	6	0	0.0
115017	1	37	6607	41	0.006205539579234145
115017	6	50	1683	19	0.0112893642305407
115017	4	15	19	0	0.0
115017	21	3	930	0	0.0
115017	6	52	794	14	0.017632241813602016
115017	5	49	400	42	0.105
115017	14	8	11	0	0.0
115017	28	8	1119	0	0.0
115017	24	1	116	2	0.017241379310344827
115017	28	4	136	0	0.0
115017	39	6	64	4	0.0625
115017	6	17	765	15	0.0196078431372549
115017	1	35	200	8	0.04
115017	54	5	1182	18	0.015228426395939087
115017	9	3	20	0	0.0
115017	11	6	2	0	0.0
115017	40	5	2926	8	0.002734107997265892
115017	5	28	339	13	0.038348082595870206
115017	29	8	598	0	0.0
115017	3	13	6	0	0.0
115017	25	1	838	6	0.007159904534606206
115017	8	24	2531	0	0.0
115017	38	6	2048	19	0.00927734375
115017	31	1	1105	0	0.0
115017	2	37	1450	5	0.0034482758620689655
115017	7	17	15	0	0.0
115017	1	11	252	0	0.0
115017	41	5	1	1	1.0
115017	15	8	171	7	0.04093567251461988
115017	8	19	1355	0	0.0
115017	19	1	7693	329	0.042766151046405826
115017	20	3	2018	0	0.0
115017	44	7	8	2	0.25
115017	8	20	742	0	0.0
115017	6	33	238	33	0.13865546218487396
115017	2	33	139	7	0.050359712230215826
115017	40	7	54	2	0.037037037037037035
115017	11	4	51	0	0.0
115017	1	15	33	33	1.0
115017	5	15	1329	157	0.1181339352896915
115017	6	37	7	4	0.5714285714285714
115017	39	4	1067	0	0.0
115017	21	1	3508	79	0.022519954389965794
115017	5	50	2900	230	0.07931034482758621
115017	24	3	124	0	0.0
115017	39	8	66	0	0.0
115017	4	35	36	0	0.0
115017	1	28	13	0	0.0
115017	11	8	2	0	0.0
115017	45	5	10	10	1.0
115017	43	7	6	3	0.5
115017	44	5	150	150	1.0
115017	2	50	106	7	0.0660377358490566
115017	20	1	539	13	0.02411873840445269
115017	31	3	1488	0	0.0
115017	3	33	372	0	0.0
115017	10	8	4	0	0.0
115017	25	3	1498	0	0.0
115017	8	41	2	0	0.0
115017	38	4	1	0	0.0
115017	2	52	2	1	0.5
115017	19	3	13552	20	0.0014757969303423849
115017	41	7	3	0	0.0
115017	27	3	472	0	0.0
115017	4	37	98	0	0.0
115017	6	54	2795	22	0.007871198568872988
115017	4	13	14	0	0.0
115017	3	28	27	0	0.0
115017	5	13	1	1	1.0
115017	6	35	253	46	0.18181818181818182
115017	7	11	1	0	0.0
115017	46	5	4	4	1.0
115017	22	1	1037	21	0.020250723240115717
115017	1	17	1	1	1.0
115017	26	3	13	0	0.0
115017	2	31	78	1	0.01282051282051282
115017	3	15	2	0	0.0
115017	8	22	1489	0	0.0
115017	23	1	178	1	0.0056179775280898875
115017	6	41	78	0	0.0
115017	6	7	436	18	0.04128440366972477
115017	4	43	52	1	0.019230769230769232
115017	43	2	957	18	0.018808777429467086
115017	26	6	1128	5	0.004432624113475178
115017	23	4	8112	0	0.0
115017	37	8	1	0	0.0
115017	42	2	821	11	0.013398294762484775
115017	7	39	9	0	0.0
115017	2	24	210	8	0.0380952380952381
115017	2	19	1672	4	0.0023923444976076554
115017	4	5	141	3	0.02127659574468085
115017	27	6	55	2	0.03636363636363636
115017	2	45	1281	13	0.01014832162373146
115017	36	8	31	0	0.0
115017	22	4	4428	0	0.0
115017	2	3	365	14	0.038356164383561646
115017	21	4	2864	0	0.0
115017	39	1	6138	0	0.0
115017	6	5	2781	538	0.19345559151384395
115017	35	8	208	0	0.0
115017	24	6	305	64	0.2098360655737705
115017	5	39	12	0	0.0
115017	4	20	3841	0	0.0
115017	6	20	1203	8	0.006650041562759767
115017	40	2	22	0	0.0
115017	2	26	1	0	0.0
115017	41	2	8732	781	0.08944113605130555
115017	4	7	162	0	0.0
115017	18	6	1621	63	0.038864898210980874
115017	2	1	2114	249	0.11778618732261116
115017	6	22	5277	1151	0.21811635398900892
115017	34	8	18	0	0.0
115017	25	6	28	0	0.0
115017	5	3	35	0	0.0
115017	6	43	28	0	0.0
115017	39	3	849	0	0.0
115017	1	3	2444	78	0.031914893617021274
115017	8	54	8	0	0.0
115017	7	1	48	2	0.041666666666666664
115017	19	6	161	12	0.07453416149068323
115017	5	7	1108	17	0.015342960288808664
115017	8	50	25	0	0.0
115017	4	41	614	0	0.0
115017	24	4	823	0	0.0
115017	30	8	1521	4	0.0026298487836949377
115017	21	6	5121	474	0.09256004686584651
115017	2	47	8388	63	0.0075107296137339056
115017	2	5	91	73	0.8021978021978022
115017	6	1	89	38	0.42696629213483145
115017	2	20	26	0	0.0
115017	4	19	1529	0	0.0
115017	44	2	325	0	0.0
115017	8	33	624	0	0.0
115017	4	45	18	0	0.0
115017	25	4	949	0	0.0
115017	2	7	16	0	0.0
115017	2	22	1854	94	0.05070118662351672
115017	27	4	1403	0	0.0
115017	4	26	19	0	0.0
115017	4	1	401	10	0.02493765586034913
115017	6	3	35	1	0.02857142857142857
115017	46	2	55	3	0.05454545454545454
115017	38	3	12	0	0.0
115017	4	3	1993	0	0.0
115017	3	7	42	0	0.0
115017	23	2	496	58	0.11693548387096774
115017	4	6	173	23	0.1329479768786127
115017	8	52	13	0	0.0
115017	44	6	143	140	0.9790209790209791
115017	38	7	355	0	0.0
115017	2	27	1390	116	0.08345323741007195
115017	42	4	47	0	0.0
115017	4	40	75	0	0.0
115017	5	38	2790	34	0.012186379928315413
115017	4	47	35	0	0.0
115017	1	5	88	41	0.4659090909090909
115017	6	40	1348	22	0.016320474777448073
115017	32	8	1	0	0.0
115017	23	6	1109	180	0.1623083859332732
115017	21	2	7811	1474	0.18870823198054026
115017	46	6	51	1	0.0196078431372549
115017	46	4	9	0	0.0
115017	2	25	495	12	0.024242424242424242
115825	25	7	1	0	0.0
115825	2	8	99	15	0.15151515151515152
115825	1	34	90	7	0.07777777777777778
115017	8	51	11	4	0.36363636363636365
115017	4	2	937	98	0.10458911419423693
115017	2	6	307	128	0.4169381107491857
115017	4	44	14	1	0.07142857142857142
115825	31	7	208	0	0.0
115017	53	8	1	0	0.0
115017	2	18	5	3	0.6
115825	3	36	247	0	0.0
115825	4	29	660	0	0.0
115825	19	7	1239	0	0.0
115825	41	3	55	0	0.0
115825	48	4	8	0	0.0
115825	9	2	4745	11	0.0023182297154899895
115825	15	2	17	14	0.8235294117647058
115825	44	1	120	0	0.0
115825	34	5	122	8	0.06557377049180328
115825	50	1	2	0	0.0
115825	6	16	4687	28	0.005973970556859398
115825	4	14	2	0	0.0
115825	7	32	698	1	0.0014326647564469914
115825	5	48	1980	298	0.1505050505050505
115825	6	53	19	2	0.10526315789473684
115825	48	8	610	2	0.003278688524590164
115825	5	30	3239	30	0.009262117937635072
115825	8	18	36	0	0.0
115825	35	5	143	4	0.027972027972027972
115825	6	32	4	0	0.0
115825	7	16	57	0	0.0
115825	5	14	472	5	0.01059322033898305
115825	14	2	17	8	0.47058823529411764
115825	21	5	479	9	0.018789144050104383
115825	51	1	22	21	0.9545454545454546
115825	28	2	23	0	0.0
115825	49	8	29	1	0.034482758620689655
115825	8	25	5	0	0.0
115825	4	30	287	0	0.0
115825	5	51	211	13	0.061611374407582936
115825	29	2	31841	6702	0.21048333909110895
115825	20	5	31733	885	0.02788894841332367
115825	40	3	27	0	0.0
115825	1	10	1963	2	0.0010188487009679063
115825	18	7	26	0	0.0
115825	30	7	731	12	0.016415868673050615
115825	45	1	3366	34	0.010101010101010102
115825	7	53	20	0	0.0
115825	24	7	478	3	0.006276150627615063
115825	2	36	63	17	0.2698412698412698
115825	5	29	29	0	0.0
115825	3	8	44	0	0.0
115825	8	27	38	0	0.0
115825	26	7	39	0	0.0
115825	2	34	57	12	0.21052631578947367
115825	5	53	13	3	0.23076923076923078
115825	1	8	17	0	0.0
115825	7	51	19	0	0.0
115825	7	14	14	0	0.0
115825	42	3	26	0	0.0
115825	53	1	2	0	0.0
115825	3	10	4	0	0.0
115825	7	29	243	0	0.0
115825	47	1	1274	9	0.00706436420722135
115825	5	16	1891	2	0.0010576414595452142
115825	6	48	7750	506	0.06529032258064515
115825	23	5	87	0	0.0
115825	37	5	35	12	0.34285714285714286
115825	36	5	62	1	0.016129032258064516
115825	6	51	160	4	0.025
115825	1	36	45	1	0.022222222222222223
115825	16	2	41	6	0.14634146341463414
115825	4	16	30	0	0.0
115825	4	53	5	0	0.0
115825	43	3	45	0	0.0
115825	5	32	682	24	0.03519061583577713
115825	7	48	109	1	0.009174311926605505
115825	46	1	80	0	0.0
115825	22	5	5910	199	0.033671742808798644
115825	6	14	5907	6	0.001015744032503809
115825	3	34	162	0	0.0
115825	33	7	265	0	0.0
115825	23	7	23	0	0.0
115825	2	10	2146	6	0.0027958993476234857
115825	4	8	102	0	0.0
115825	6	29	1699	236	0.13890523837551502
115825	1	32	1	0	0.0
115825	7	34	93	1	0.010752688172043012
115825	2	51	10	9	0.9
115825	3	30	57	0	0.0
115825	53	3	7	0	0.0
115825	6	10	18	18	1.0
115825	26	5	3136	37	0.011798469387755101
115825	42	1	244	2	0.00819672131147541
115825	13	2	53	2	0.03773584905660377
115825	27	5	7	0	0.0
115825	33	5	172	0	0.0
115825	8	23	185	0	0.0
115825	6	30	40442	7260	0.17951634439444142
115825	2	30	1324	92	0.06948640483383686
115825	4	36	36	0	0.0
115825	36	7	1833	0	0.0
115825	46	3	37	0	0.0
115825	4	34	126	0	0.0
115825	2	48	175	1	0.005714285714285714
115825	6	34	91	23	0.25274725274725274
115825	22	7	677	18	0.026587887740029542
115825	7	8	3612	2	0.0005537098560354374
115825	43	1	2628	55	0.020928462709284626
115825	3	29	301	0	0.0
115825	5	8	707	39	0.055162659123055166
115825	8	6	1411	143	0.10134656272147413
115825	1	29	803	0	0.0
115825	50	3	4	0	0.0
115825	44	3	6	0	0.0
115825	3	16	16	0	0.0
115825	8	21	1254	0	0.0
115825	6	36	82	14	0.17073170731707318
115825	31	5	5	0	0.0
115825	1	14	1	1	1.0
115825	5	10	7	2	0.2857142857142857
115825	38	2	2	0	0.0
115825	19	5	223	7	0.03139013452914798
115825	24	5	521	15	0.028790786948176585
115825	41	1	1623	17	0.010474430067775724
115825	20	7	11987	27	0.0022524401434887795
115825	11	2	2640	46	0.017424242424242425
115825	18	5	440	0	0.0
115825	39	2	6359	9	0.0014153168737222833
115825	2	53	35	8	0.22857142857142856
115825	3	32	10	0	0.0
115825	40	1	7	0	0.0
115825	8	38	146	0	0.0
115825	8	40	165	0	0.0
115825	45	3	79	0	0.0
115825	1	30	24	0	0.0
115825	35	7	223	0	0.0
115825	49	6	813	36	0.04428044280442804
115825	46	7	3	0	0.0
115825	4	33	112	0	0.0
115825	7	50	14	0	0.0
115825	9	6	13	5	0.38461538461538464
115825	21	7	410	0	0.0
115825	7	15	44	0	0.0
115825	52	7	109	0	0.0
115825	6	31	3	0	0.0
115825	3	11	1	0	0.0
115825	2	35	14	4	0.2857142857142857
115825	16	8	74	0	0.0
115825	1	9	324	1	0.0030864197530864196
115825	6	28	313	20	0.06389776357827476
115825	7	49	47	2	0.0425531914893617
115825	26	1	1	0	0.0
115825	27	1	118	1	0.00847457627118644
115825	33	1	239	33	0.13807531380753138
115825	22	3	343	0	0.0
115825	1	13	8	0	0.0
115825	8	26	54	1	0.018518518518518517
115825	5	52	3869	222	0.057379167743603
115825	3	35	650	0	0.0
115825	7	28	69	0	0.0
115825	23	3	127	0	0.0
115825	6	50	685	8	0.01167883211678832
115825	6	15	1876	3	0.0015991471215351812
115825	1	37	8169	11	0.0013465540457828376
115825	28	4	65	0	0.0
115825	4	15	4	0	0.0
115825	37	3	215	0	0.0
115825	28	8	229	0	0.0
115825	9	3	1	0	0.0
115825	11	6	7	1	0.14285714285714285
115825	39	6	24	2	0.08333333333333333
115825	24	1	118	0	0.0
115825	4	50	5	0	0.0
115825	21	3	348	1	0.0028735632183908046
115825	14	8	10	0	0.0
115825	6	52	1296	7	0.005401234567901234
115825	1	35	34	2	0.058823529411764705
115825	5	49	602	100	0.16611295681063123
115825	29	8	470	0	0.0
115825	1	11	208	0	0.0
115825	2	37	390	0	0.0
115825	8	19	594	0	0.0
115825	25	1	3872	32	0.008264462809917356
115825	31	1	4710	20	0.004246284501061571
115825	15	8	23	0	0.0
115825	20	3	632	0	0.0
115825	54	5	1421	146	0.10274454609429978
115825	38	6	782	16	0.020460358056265986
115825	19	1	17057	676	0.039631822712083015
115825	40	5	3513	7	0.0019925989183034445
115825	5	28	573	10	0.017452006980802792
115825	8	24	1760	2	0.0011363636363636363
115825	4	31	53	0	0.0
115825	40	7	57	1	0.017543859649122806
115825	11	4	2	0	0.0
115825	5	15	824	13	0.015776699029126214
115825	24	3	142	0	0.0
115825	39	8	30	0	0.0
115825	2	33	56	14	0.25
115825	5	50	1982	157	0.07921291624621594
115825	44	7	1	0	0.0
115825	4	35	22	0	0.0
115825	6	33	259	22	0.08494208494208494
115825	6	37	55	53	0.9636363636363636
115825	1	15	3	2	0.6666666666666666
115825	39	4	373	0	0.0
115825	21	1	3940	95	0.024111675126903553
115825	8	20	11010	2	0.00018165304268846503
115825	45	5	1	0	0.0
115825	44	5	7	4	0.5714285714285714
115825	8	41	7	0	0.0
115825	22	1	462	12	0.025974025974025976
115825	25	3	63	1	0.015873015873015872
115825	19	3	10805	38	0.0035168903285515965
115825	9	5	1	1	1.0
115825	31	3	2442	2	0.000819000819000819
115825	20	1	11	0	0.0
115825	3	33	154	0	0.0
115825	1	28	8	0	0.0
115825	2	50	5	0	0.0
115825	38	4	1	0	0.0
115825	43	7	17	0	0.0
115825	27	3	13	0	0.0
115825	6	54	5706	93	0.01629863301787592
115825	4	13	1	0	0.0
115825	6	35	137	19	0.1386861313868613
115825	4	37	3	0	0.0
115825	23	1	26	2	0.07692307692307693
115825	6	41	98	0	0.0
115825	4	43	58	0	0.0
115825	36	8	46	0	0.0
115825	3	28	40	0	0.0
115825	26	3	3	0	0.0
115825	2	31	187	0	0.0
115825	8	22	2162	17	0.00786308973172988
115825	22	4	1732	0	0.0
115825	27	6	71	6	0.08450704225352113
115825	42	2	795	55	0.06918238993710692
115825	43	2	1241	50	0.040290088638195005
115825	2	45	2480	17	0.0068548387096774195
115825	6	7	259	34	0.13127413127413126
115825	7	39	1	0	0.0
115825	26	6	1071	15	0.014005602240896359
115825	21	4	1788	0	0.0
115825	5	39	7	0	0.0
115825	35	8	69	1	0.014492753623188406
115825	2	3	37	8	0.21621621621621623
115825	18	6	696	13	0.01867816091954023
115825	2	1	6189	179	0.02892228146711908
115825	23	4	204	0	0.0
115825	6	20	5349	355	0.06636754533557675
115825	6	5	6359	945	0.14860827174083976
115825	2	19	2579	3	0.0011632415664986429
115825	4	20	60	0	0.0
115825	4	5	52	1	0.019230769230769232
115825	6	22	10667	1678	0.1573075841379957
115825	2	24	886	58	0.0654627539503386
115825	40	2	14	0	0.0
115825	25	6	12	0	0.0
115825	24	6	845	104	0.12307692307692308
115825	4	7	23	0	0.0
115825	38	1	2	1	0.5
115825	5	7	1224	64	0.05228758169934641
115825	19	6	285	31	0.10877192982456141
115825	39	1	10391	12	0.001154845539409104
115825	1	3	804	47	0.05845771144278607
115825	8	54	32	0	0.0
115825	8	50	16	0	0.0
115825	4	41	200	0	0.0
115825	34	8	62	0	0.0
115825	6	43	10	0	0.0
115825	41	2	9120	921	0.10098684210526315
115825	5	3	35	2	0.05714285714285714
115825	39	3	62	0	0.0
115825	24	4	941	0	0.0
115825	2	47	10438	108	0.010346809733665453
115825	7	1	14	1	0.07142857142857142
115825	38	3	12	0	0.0
115825	4	3	2040	0	0.0
115825	44	2	335	26	0.07761194029850746
115825	2	22	1705	116	0.06803519061583578
115825	2	5	108	45	0.4166666666666667
115825	30	8	3245	8	0.002465331278890601
115825	4	45	6	0	0.0
115825	21	6	3282	294	0.08957952468007313
115825	25	4	153	0	0.0
115825	4	19	2982	1	0.00033534540576794097
115825	6	1	87	67	0.7701149425287356
115825	2	20	11	0	0.0
115825	6	3	29	4	0.13793103448275862
115825	8	33	208	0	0.0
115825	27	4	588	0	0.0
115825	4	1	939	22	0.023429179978700747
115825	4	26	8	0	0.0
115825	4	47	29	0	0.0
115825	2	7	6	1	0.16666666666666666
115825	3	7	89	0	0.0
115825	32	8	6	0	0.0
115825	46	2	218	45	0.20642201834862386
115825	23	6	235	18	0.07659574468085106
115825	1	5	52	25	0.4807692307692308
115825	2	27	478	5	0.010460251046025104
115825	4	6	119	8	0.06722689075630252
115825	38	7	275	0	0.0
115825	8	52	18	0	0.0
115825	5	38	2460	12	0.004878048780487805
115825	42	4	3	1	0.3333333333333333
115825	44	6	13	12	0.9230769230769231
115825	4	40	53	0	0.0
115825	46	6	9	0	0.0
115825	6	40	1516	39	0.025725593667546173
115825	23	2	164	28	0.17073170731707318
115825	2	18	3	2	0.6666666666666666
115825	2	25	566	0	0.0
115825	46	4	51	0	0.0
115825	8	51	14	1	0.07142857142857142
115825	2	6	358	197	0.5502793296089385
116726	25	7	5	0	0.0
115825	53	8	4	0	0.0
116726	2	8	11	1	0.09090909090909091
115825	4	2	939	112	0.11927582534611289
116726	1	34	12	0	0.0
116726	31	7	77	0	0.0
116726	2	12	125	2	0.016
116726	4	29	751	0	0.0
115825	21	2	12653	2776	0.21939460997391924
116726	3	36	50	0	0.0
116726	44	1	400	48	0.12
116726	19	7	554	0	0.0
116726	6	16	1824	26	0.01425438596491228
116726	41	3	123	0	0.0
116726	4	14	6	0	0.0
116726	5	48	1844	78	0.04229934924078091
116726	48	8	388	0	0.0
116726	6	53	20	1	0.05
116726	4	51	1	0	0.0
116726	5	30	2545	0	0.0
116726	9	2	2539	12	0.004726270185112249
116726	7	32	78	0	0.0
116726	14	2	3	0	0.0
116726	6	32	13	0	0.0
116726	4	30	110	0	0.0
116726	49	8	16	0	0.0
116726	7	16	4	0	0.0
116726	35	5	81	0	0.0
116726	34	5	140	0	0.0
116726	5	14	171	0	0.0
116726	28	2	2	0	0.0
116726	45	1	3122	331	0.10602178090967329
116726	21	5	153	1	0.006535947712418301
116726	5	51	204	96	0.47058823529411764
116726	8	25	7	0	0.0
116726	8	18	1	0	0.0
116726	2	36	25	2	0.08
116726	1	10	1710	65	0.038011695906432746
116726	5	29	17	0	0.0
116726	1	12	64	0	0.0
116726	24	7	808	0	0.0
116726	3	8	3	0	0.0
116726	1	8	7	1	0.14285714285714285
116726	40	3	4	0	0.0
116726	3	12	8	0	0.0
116726	18	7	7	0	0.0
116726	2	34	22	1	0.045454545454545456
116726	29	2	19987	3457	0.1729624255766248
116726	30	7	432	0	0.0
116726	20	5	19325	53	0.002742561448900388
116726	8	27	2	0	0.0
116726	26	7	54	0	0.0
116726	7	29	28	0	0.0
116726	42	3	2	0	0.0
116726	5	53	9	2	0.2222222222222222
116726	23	5	9	0	0.0
116726	7	14	3	0	0.0
116726	3	10	50	0	0.0
116726	37	5	1	0	0.0
116726	53	1	1	0	0.0
116726	22	5	3704	12	0.0032397408207343412
116726	16	2	22	2	0.09090909090909091
116726	5	16	528	1	0.001893939393939394
116726	7	51	14	0	0.0
116726	47	1	235	21	0.08936170212765958
116726	6	48	11850	1753	0.1479324894514768
116726	6	30	18958	2834	0.1494883426521785
116726	7	48	46	0	0.0
116726	5	32	89	0	0.0
116726	46	1	73	5	0.0684931506849315
116726	36	5	53	0	0.0
116726	6	51	336	37	0.11011904761904762
116726	4	16	54	0	0.0
116726	43	3	71	0	0.0
116726	1	36	43	1	0.023255813953488372
116726	3	34	69	0	0.0
116726	6	14	1755	9	0.005128205128205128
116726	2	10	3518	4	0.0011370096645821489
116726	33	7	209	0	0.0
116726	27	7	1	0	0.0
116726	6	29	1788	212	0.1185682326621924
116726	4	12	2	0	0.0
116726	4	8	32	0	0.0
116726	23	7	58	0	0.0
116726	7	34	131	0	0.0
116726	3	30	6	0	0.0
116726	37	7	10	0	0.0
116726	42	1	489	20	0.0408997955010225
116726	33	5	67	1	0.014925373134328358
116726	2	51	3	2	0.6666666666666666
116726	9	4	6	0	0.0
116726	13	2	163	0	0.0
116726	3	51	2	0	0.0
116726	8	23	115	0	0.0
116726	26	5	1791	2	0.0011166945840312675
116726	2	30	341	32	0.093841642228739
116726	46	3	6	0	0.0
116726	52	3	2	0	0.0
116726	4	36	29	0	0.0
116726	43	1	947	125	0.13199577613516367
116726	2	48	10	0	0.0
116726	7	10	2	0	0.0
116726	6	34	39	2	0.05128205128205128
116726	4	34	57	0	0.0
116726	36	7	878	0	0.0
116726	22	7	1051	1	0.0009514747859181732
116726	3	29	252	0	0.0
116726	8	6	270	34	0.1259259259259259
116726	5	8	167	3	0.017964071856287425
116726	7	8	2170	0	0.0
116726	1	29	623	0	0.0
116726	3	16	2	0	0.0
116726	44	3	38	0	0.0
116726	8	21	729	0	0.0
116726	50	3	8	0	0.0
116726	6	36	40	1	0.025
116726	24	5	394	2	0.005076142131979695
116726	20	7	7325	0	0.0
116726	41	1	1860	50	0.026881720430107527
116726	18	5	341	4	0.011730205278592375
116726	39	2	4750	2	0.0004210526315789474
116726	11	2	954	7	0.007337526205450734
116726	3	32	6	0	0.0
116726	19	5	60	0	0.0
116726	1	30	3	0	0.0
116726	8	40	31	0	0.0
116726	49	6	1833	132	0.07201309328968904
116726	2	53	13	0	0.0
116726	4	10	14	0	0.0
116726	9	6	8	1	0.125
116726	8	38	7	0	0.0
116726	35	7	135	0	0.0
116726	45	3	68	0	0.0
116726	7	50	15	0	0.0
116726	7	15	38	0	0.0
116726	4	33	126	0	0.0
116726	21	7	398	0	0.0
116726	52	7	90	0	0.0
116726	5	17	20	1	0.05
116726	1	13	43	0	0.0
116726	22	3	261	0	0.0
116726	3	11	6	0	0.0
116726	6	28	581	11	0.0189328743545611
116726	7	49	13	0	0.0
116726	27	1	84	0	0.0
116726	33	1	259	1	0.003861003861003861
116726	5	52	3233	441	0.13640581503247756
116726	1	9	79	1	0.012658227848101266
116726	2	35	16	0	0.0
116726	7	28	61	0	0.0
116726	8	26	59	0	0.0
116726	3	35	792	0	0.0
116726	16	8	3	0	0.0
116726	2	54	13	0	0.0
116726	1	37	4749	4	0.0008422825858075384
116726	37	3	216	0	0.0
116726	9	3	3	0	0.0
116726	6	17	80	3	0.0375
116726	28	4	5	0	0.0
116726	14	8	2	0	0.0
116726	6	15	2881	11	0.0038181187087816732
116726	24	1	4	0	0.0
116726	23	3	1311	0	0.0
116726	6	50	563	39	0.06927175843694494
116726	6	52	5500	154	0.028
116726	28	8	61	0	0.0
116726	21	3	1190	0	0.0
116726	11	6	14	0	0.0
116726	5	49	717	68	0.09483960948396095
116726	54	5	82	5	0.06097560975609756
116726	25	1	596	0	0.0
116726	5	28	347	0	0.0
116726	2	37	621	0	0.0
116726	3	13	1	0	0.0
116726	40	5	2273	0	0.0
116726	38	6	1377	92	0.06681190994916485
116726	31	1	962	1	0.0010395010395010396
116726	20	3	316	0	0.0
116726	1	35	31	0	0.0
116726	8	19	167	0	0.0
116726	8	24	847	0	0.0
116726	15	8	19	0	0.0
116726	1	11	117	0	0.0
116726	29	8	437	0	0.0
116726	19	1	18315	67	0.0036582036582036583
116726	7	17	3	0	0.0
116726	4	31	24	0	0.0
116726	6	33	59	2	0.03389830508474576
116726	40	7	31	0	0.0
116726	5	50	563	102	0.1811722912966252
116726	24	3	72	0	0.0
116726	11	4	8	0	0.0
116726	44	7	1	0	0.0
116726	5	15	1175	218	0.18553191489361703
116726	2	33	347	9	0.025936599423631124
116726	6	37	9	0	0.0
116726	8	20	4306	0	0.0
116726	4	35	23	0	0.0
116726	11	8	6	0	0.0
116726	39	4	71	0	0.0
116726	21	1	4397	18	0.0040937002501705705
116726	25	3	28	0	0.0
116726	19	3	12088	0	0.0
116726	22	1	47	0	0.0
116726	4	13	1	0	0.0
116726	6	35	58	5	0.08620689655172414
116726	31	3	624	0	0.0
116726	3	33	142	0	0.0
116726	3	28	11	0	0.0
116726	27	3	27	0	0.0
116726	2	50	5	0	0.0
116726	20	1	2	0	0.0
116726	43	7	1	0	0.0
116726	8	41	4	0	0.0
116726	6	54	6857	453	0.06606387633075689
116726	23	1	860	10	0.011627906976744186
116726	4	37	21	0	0.0
116726	36	8	32	0	0.0
116726	4	43	26	0	0.0
116726	2	31	70	0	0.0
116726	22	4	994	0	0.0
116726	43	2	800	2	0.0025
116726	6	41	15	0	0.0
116726	37	8	1	0	0.0
116726	6	7	123	5	0.04065040650406504
116726	42	2	1813	35	0.019305019305019305
116726	7	39	4	0	0.0
116726	26	6	752	0	0.0
116726	26	3	5	0	0.0
116726	2	45	4997	6	0.0012007204322593557
116726	8	22	1939	0	0.0
116726	8	9	1	0	0.0
116726	4	5	4	0	0.0
116726	2	24	15	0	0.0
116726	4	20	58	0	0.0
116726	2	1	2819	668	0.23696346222064563
116726	23	4	2760	0	0.0
116726	39	1	2581	1	0.0003874467260751647
116726	6	5	4501	1360	0.3021550766496334
116726	2	3	107	6	0.056074766355140186
116726	35	8	58	0	0.0
116726	4	7	11	0	0.0
116726	2	19	5169	72	0.013929193267556587
116726	18	6	674	5	0.00741839762611276
116726	21	4	1997	0	0.0
116726	24	6	759	28	0.03689064558629776
116726	6	22	10140	907	0.08944773175542406
116726	6	20	6575	21	0.003193916349809886
116726	6	43	27	0	0.0
116726	34	8	32	0	0.0
116726	1	3	648	3	0.004629629629629629
116726	24	4	71	0	0.0
116726	8	50	2	0	0.0
116726	5	7	694	4	0.005763688760806916
116726	4	41	726	0	0.0
116726	18	4	1	0	0.0
116726	21	6	948	71	0.07489451476793249
116726	19	6	80	0	0.0
116726	2	47	5406	9	0.001664816870144284
116726	5	3	20	0	0.0
116726	30	8	1029	0	0.0
116726	7	1	29	0	0.0
116726	39	3	61	0	0.0
116726	41	2	11842	477	0.04028035804762709
116726	2	5	7	5	0.7142857142857143
116726	4	45	10	0	0.0
116726	25	4	31	0	0.0
116726	38	3	15	0	0.0
116726	2	22	795	65	0.08176100628930817
116726	6	1	1	0	0.0
116726	4	1	134	0	0.0
116726	4	3	1313	0	0.0
116726	46	2	89	0	0.0
116726	27	4	75	0	0.0
116726	2	20	1	0	0.0
116726	8	33	113	0	0.0
116726	4	19	5888	0	0.0
116726	6	3	10	0	0.0
116726	44	2	839	22	0.026221692491060787
116726	4	26	4	0	0.0
116726	3	7	51	0	0.0
116726	46	6	2	0	0.0
116726	1	5	13	2	0.15384615384615385
116726	38	7	122	0	0.0
116726	8	52	1	0	0.0
116726	4	47	1	0	0.0
116726	32	8	16	0	0.0
116726	2	27	801	4	0.004993757802746567
116726	2	7	7	0	0.0
116726	4	6	38	1	0.02631578947368421
116726	23	6	49	5	0.10204081632653061
116726	5	38	2038	8	0.003925417075564278
116726	23	2	776	31	0.03994845360824742
116726	6	40	1095	3	0.0027397260273972603
116726	21	2	13120	791	0.06028963414634146
116726	42	4	16	0	0.0
116726	4	44	12	0	0.0
116726	2	6	36	8	0.2222222222222222
116726	2	25	248	1	0.004032258064516129
118225	2	8	105	10	0.09523809523809523
118225	2	12	127	1	0.007874015748031496
116726	46	4	5	0	0.0
118225	31	7	133	0	0.0
118225	25	7	101	0	0.0
118225	1	34	1091	7	0.006416131989000917
118225	3	36	262	0	0.0
118225	4	29	1194	0	0.0
116726	4	2	288	21	0.07291666666666667
118225	5	48	1848	103	0.055735930735930736
118225	41	3	15	0	0.0
118225	6	53	30	0	0.0
118225	19	7	4478	0	0.0
118225	34	5	151	3	0.019867549668874173
118225	48	8	715	0	0.0
118225	4	14	1	0	0.0
118225	6	16	2259	33	0.014608233731739707
118225	44	1	291	24	0.08247422680412371
118225	7	32	228	0	0.0
118225	14	2	6	2	0.3333333333333333
118225	5	30	2389	2	0.0008371703641691084
118225	9	2	2824	62	0.021954674220963172
118225	35	5	257	4	0.01556420233463035
118225	28	2	52	1	0.019230769230769232
118225	6	32	23	1	0.043478260869565216
118225	21	5	877	5	0.005701254275940707
118225	15	2	55	55	1.0
118225	5	14	366	1	0.00273224043715847
118225	4	30	377	0	0.0
118225	49	8	19	0	0.0
118225	7	53	7	0	0.0
118225	5	51	71	3	0.04225352112676056
118225	7	16	33	0	0.0
118225	8	18	25	0	0.0
118225	29	2	11287	2960	0.26224860458935056
118225	45	1	2373	213	0.0897597977243995
118225	40	3	56	0	0.0
118225	8	25	174	0	0.0
118225	18	7	8	0	0.0
118225	51	1	25	25	1.0
118225	20	5	23504	350	0.014891082368958475
118225	2	36	426	34	0.07981220657276995
118225	1	10	1201	21	0.017485428809325562
118225	3	8	198	0	0.0
118225	30	7	1380	0	0.0
118225	3	12	8	0	0.0
118225	24	7	2131	0	0.0
118225	5	29	30	0	0.0
118225	8	27	271	0	0.0
118225	1	12	18	0	0.0
118225	2	34	202	26	0.12871287128712872
118225	1	8	41	0	0.0
118225	26	7	4498	2	0.00044464206313917296
118225	4	32	11	0	0.0
118225	7	51	7	0	0.0
118225	3	10	176	4	0.022727272727272728
118225	7	29	52	0	0.0
118225	42	3	9	0	0.0
118225	5	53	14	3	0.21428571428571427
118225	5	16	799	0	0.0
118225	47	1	7	0	0.0
118225	16	2	45	10	0.2222222222222222
118225	37	5	1	0	0.0
118225	23	5	111	0	0.0
118225	7	14	38	0	0.0
118225	36	5	117	3	0.02564102564102564
118225	6	51	941	27	0.028692879914984058
118225	6	30	14494	1671	0.11528908513867807
118225	22	5	2905	30	0.010327022375215147
118225	4	16	8	0	0.0
118225	6	14	2505	4	0.0015968063872255488
118225	46	1	63	4	0.06349206349206349
118225	7	48	53	0	0.0
118225	5	32	173	2	0.011560693641618497
118225	6	48	15184	940	0.0619072708113804
118225	43	3	43	0	0.0
118225	37	7	7	0	0.0
118225	6	29	1636	121	0.07396088019559902
118225	27	7	49	0	0.0
118225	23	7	358	0	0.0
118225	4	8	220	0	0.0
118225	33	7	751	0	0.0
118225	2	10	3174	53	0.016698172652804034
118225	7	34	254	0	0.0
118225	1	36	207	7	0.033816425120772944
118225	3	34	1338	0	0.0
118225	4	12	5	0	0.0
118225	6	10	65	64	0.9846153846153847
118225	53	3	2	0	0.0
118225	9	4	36	0	0.0
118225	26	5	2125	91	0.042823529411764705
118225	8	23	1077	0	0.0
118225	3	30	37	0	0.0
118225	2	51	7	6	0.8571428571428571
118225	52	3	6	0	0.0
118225	3	51	2	0	0.0
118225	42	1	528	45	0.08522727272727272
118225	33	5	768	9	0.01171875
118225	46	3	4	0	0.0
118225	43	1	205	56	0.2731707317073171
118225	27	5	8	0	0.0
118225	13	2	86	5	0.05813953488372093
118225	2	30	1256	116	0.09235668789808917
118225	1	32	9	0	0.0
118225	7	10	4	0	0.0
118225	4	36	296	0	0.0
118225	2	48	2	0	0.0
118225	22	7	906	3	0.0033112582781456954
118225	36	7	2042	0	0.0
118225	4	34	1505	0	0.0
118225	5	10	20	19	0.95
118225	6	36	116	19	0.16379310344827586
118225	1	29	1275	0	0.0
118225	3	29	373	0	0.0
118225	44	3	78	2	0.02564102564102564
118225	5	8	567	25	0.04409171075837742
118225	8	6	1080	122	0.11296296296296296
118225	20	7	9200	9	0.0009782608695652175
118225	7	8	3823	4	0.00104629871828407
118225	6	34	75	17	0.22666666666666666
118225	50	3	13	0	0.0
118225	8	21	3707	0	0.0
118225	39	2	4649	54	0.011615401161540116
118225	2	32	2	0	0.0
118225	38	2	2	2	1.0
118225	40	1	17	1	0.058823529411764705
118225	8	40	727	0	0.0
118225	31	5	49	0	0.0
118225	18	5	209	0	0.0
118225	11	2	1017	63	0.061946902654867256
118225	25	5	17	0	0.0
118225	3	32	47	0	0.0
118225	1	30	11	0	0.0
118225	19	5	722	2	0.002770083102493075
118225	41	1	1808	249	0.1377212389380531
118225	24	5	669	6	0.008968609865470852
118225	49	6	1634	43	0.02631578947368421
118225	2	53	7	0	0.0
118225	45	3	104	1	0.009615384615384616
118225	35	7	483	1	0.002070393374741201
118225	8	38	300	0	0.0
118225	4	33	153	0	0.0
118225	7	15	182	3	0.016483516483516484
118225	7	50	17	0	0.0
118225	52	7	19	0	0.0
118225	21	7	1731	0	0.0
118225	5	52	1798	205	0.11401557285873193
118225	9	6	13	6	0.46153846153846156
118225	22	3	1386	0	0.0
118225	6	31	8	1	0.125
118225	4	10	185	0	0.0
118225	5	17	23	0	0.0
118225	3	11	35	0	0.0
118225	27	1	449	5	0.011135857461024499
118225	17	8	3	0	0.0
118225	33	1	177	5	0.02824858757062147
118225	1	13	26	0	0.0
118225	2	35	90	4	0.044444444444444446
118225	8	26	1833	1	0.0005455537370430987
118225	1	9	157	0	0.0
118225	6	28	1227	70	0.05704971475142624
118225	26	1	8	0	0.0
118225	7	28	1657	0	0.0
118225	2	54	1	0	0.0
118225	7	49	6	0	0.0
118225	3	35	351	0	0.0
118225	37	3	401	1	0.0024937655860349127
118225	1	37	5709	4	0.0007006480994920302
118225	16	8	58	0	0.0
118225	23	3	2414	0	0.0
118225	4	50	1	0	0.0
118225	6	15	2672	28	0.010479041916167664
118225	6	17	52	2	0.038461538461538464
118225	6	50	1647	12	0.007285974499089253
118225	21	3	1747	5	0.0028620492272467086
118225	4	15	6	0	0.0
118225	6	52	2183	9	0.004122766834631242
118225	11	6	19	0	0.0
118225	1	35	132	3	0.022727272727272728
118225	28	8	1693	0	0.0
118225	9	3	15	0	0.0
118225	28	4	222	0	0.0
118225	14	8	17	0	0.0
118225	24	1	126	0	0.0
118225	39	6	92	10	0.10869565217391304
118225	5	49	485	30	0.061855670103092786
118225	54	5	2	0	0.0
118225	40	5	2360	18	0.007627118644067797
118225	5	28	408	3	0.007352941176470588
118225	3	13	10	0	0.0
118225	29	8	596	0	0.0
118225	25	1	1733	69	0.03981534910559723
118225	15	8	165	0	0.0
118225	31	1	821	6	0.007308160779537149
118225	38	6	1171	13	0.011101622544833475
118225	1	11	119	0	0.0
118225	8	24	3753	0	0.0
118225	4	31	120	0	0.0
118225	7	17	1	0	0.0
118225	2	37	591	3	0.005076142131979695
118225	8	19	955	0	0.0
118225	19	1	11200	349	0.031160714285714285
118225	6	33	417	56	0.1342925659472422
118225	5	50	150	7	0.04666666666666667
118225	20	3	5930	0	0.0
118225	44	7	6	1	0.16666666666666666
118225	11	4	66	0	0.0
118225	39	8	132	0	0.0
118225	1	15	16	16	1.0
118225	5	15	1433	23	0.016050244242847175
118225	40	7	328	0	0.0
118225	2	33	188	13	0.06914893617021277
118225	39	4	1837	0	0.0
118225	4	35	79	0	0.0
118225	24	3	333	0	0.0
118225	11	8	13	0	0.0
118225	8	20	8921	3	0.0003362851698240108
118225	44	5	184	168	0.9130434782608695
118225	1	28	6	0	0.0
118225	21	1	2545	63	0.02475442043222004
118225	10	8	11	0	0.0
118225	31	3	1458	0	0.0
118225	20	1	1062	6	0.005649717514124294
118225	38	4	4	0	0.0
118225	3	33	165	0	0.0
118225	43	7	9	0	0.0
118225	25	3	3792	0	0.0
118225	8	41	1	0	0.0
118225	22	1	577	8	0.01386481802426343
118225	2	50	11	0	0.0
118225	27	3	1116	0	0.0
118225	8	43	1	0	0.0
118225	3	28	53	0	0.0
118225	6	35	309	36	0.11650485436893204
118225	4	13	21	0	0.0
118225	19	3	18008	6	0.0003331852509995558
118225	23	1	133	1	0.007518796992481203
118225	4	37	415	0	0.0
118225	8	22	2221	0	0.0
118225	13	8	3	0	0.0
118225	2	31	93	3	0.03225806451612903
118225	26	3	101	0	0.0
118225	6	54	6216	33	0.005308880308880309
118225	27	6	66	1	0.015151515151515152
118225	3	15	1	0	0.0
118225	4	43	4	0	0.0
118225	22	4	3491	0	0.0
118225	2	45	2061	58	0.028141678796700632
118225	8	9	6	0	0.0
118225	36	8	101	0	0.0
118225	42	2	972	30	0.030864197530864196
118225	43	2	1010	32	0.031683168316831684
118225	37	8	4	0	0.0
118225	7	39	20	0	0.0
118225	4	5	99	0	0.0
118225	6	7	656	51	0.07774390243902439
118225	2	24	900	39	0.043333333333333335
118225	26	6	1433	40	0.027913468248429867
118225	23	4	2217	1	0.0004510599909788002
118225	2	3	447	30	0.06711409395973154
118225	4	20	1860	0	0.0
118225	2	19	5192	217	0.04179506933744222
118225	2	1	4249	658	0.15485996705107083
118225	5	39	16	0	0.0
118225	35	8	245	1	0.004081632653061225
118225	6	20	7600	236	0.03105263157894737
118225	6	5	4059	486	0.1197339246119734
118225	21	4	4340	0	0.0
118225	18	6	473	5	0.010570824524312896
118225	24	6	1548	199	0.1285529715762274
118225	39	1	4778	12	0.0025115110925073253
118225	34	8	134	0	0.0
118225	40	2	43	6	0.13953488372093023
118225	4	7	201	0	0.0
118225	6	22	6000	998	0.16633333333333333
118225	2	26	21	1	0.047619047619047616
118225	8	54	1	0	0.0
118225	25	6	32	0	0.0
118225	38	1	1	0	0.0
118225	5	7	1946	8	0.0041109969167523125
118225	1	3	1805	78	0.043213296398891966
118225	6	43	2	0	0.0
118225	19	6	323	0	0.0
118225	5	3	184	1	0.005434782608695652
118225	24	4	1338	0	0.0
118225	39	3	1205	0	0.0
118225	7	1	152	1	0.006578947368421052
118225	4	41	485	0	0.0
118225	2	47	3724	28	0.007518796992481203
118225	8	50	4	0	0.0
118225	44	2	634	55	0.08675078864353312
118225	41	2	12505	1270	0.1015593762495002
118225	21	6	4760	209	0.04390756302521008
118225	4	45	24	0	0.0
118225	2	5	87	63	0.7241379310344828
118225	30	8	3806	3	0.0007882291119285339
118225	25	4	2233	0	0.0
118225	31	8	11	0	0.0
118225	38	3	10	0	0.0
118225	4	3	2143	0	0.0
118225	2	20	172	10	0.05813953488372093
118225	6	1	76	45	0.5921052631578947
118225	27	4	2204	0	0.0
118225	46	2	68	1	0.014705882352941176
118225	4	26	150	0	0.0
118225	4	1	450	25	0.05555555555555555
118225	3	7	297	0	0.0
118225	8	33	1099	0	0.0
118225	2	7	35	6	0.17142857142857143
118225	4	19	10843	0	0.0
118225	6	3	66	8	0.12121212121212122
118225	32	8	31	0	0.0
118225	1	5	61	39	0.639344262295082
118225	2	22	3301	125	0.0378673129354741
118225	8	52	3	0	0.0
118225	23	6	903	35	0.03875968992248062
118225	4	40	108	0	0.0
118225	2	27	2751	250	0.09087604507451835
118225	4	6	167	15	0.08982035928143713
118225	6	40	2231	32	0.014343343792021516
118225	5	38	2768	13	0.004696531791907515
118225	44	6	4	2	0.5
118225	46	6	4	0	0.0
118225	42	4	6	0	0.0
118225	38	7	374	0	0.0
118225	2	6	314	156	0.4968152866242038
118225	53	8	1	0	0.0
118225	23	2	914	145	0.1586433260393873
118225	2	25	1260	63	0.05
118225	21	2	9104	1565	0.171902460456942
118225	46	4	6	0	0.0
118225	4	44	25	0	0.0
118225	8	51	3	0	0.0
118225	4	2	874	94	0.10755148741418764
125525	25	7	32	0	0.0
125525	2	8	67	2	0.029850746268656716
125525	3	36	40	0	0.0
125525	1	34	616	35	0.056818181818181816
125525	19	7	1361	0	0.0
125525	41	3	156	0	0.0
125525	2	12	138	0	0.0
125525	4	29	5464	0	0.0
125525	31	7	48	0	0.0
125525	6	53	99	0	0.0
125525	50	1	8	0	0.0
125525	5	30	3147	2	0.0006355258976803305
125525	44	1	79	6	0.0759493670886076
125525	5	48	5589	318	0.05689747718733226
125525	6	16	2688	75	0.027901785714285716
125525	48	8	417	0	0.0
125525	7	32	85	0	0.0
125525	34	5	324	8	0.024691358024691357
125525	14	2	2	0	0.0
125525	20	5	4433	229	0.05165801939995488
125525	6	32	1	0	0.0
125525	9	2	2615	2	0.0007648183556405354
125525	15	2	14	12	0.8571428571428571
125525	21	5	696	18	0.02586206896551724
125525	5	51	300	130	0.43333333333333335
125525	35	5	25	0	0.0
125525	5	14	493	2	0.004056795131845842
125525	28	2	38	0	0.0
125525	8	18	31	0	0.0
125525	49	8	65	0	0.0
125525	4	30	175	0	0.0
125525	45	1	1105	35	0.03167420814479638
125525	51	1	7	7	1.0
125525	7	53	5	0	0.0
125525	29	2	16236	1673	0.10304262133530426
125525	1	10	401	30	0.07481296758104738
125525	8	25	26	0	0.0
125525	40	3	24	0	0.0
125525	7	16	32	0	0.0
125525	18	7	8	0	0.0
125525	2	36	75	0	0.0
125525	3	8	36	0	0.0
125525	3	12	2	0	0.0
125525	5	29	58	0	0.0
125525	1	12	56	0	0.0
125525	24	7	1686	0	0.0
125525	30	7	540	0	0.0
125525	8	27	165	0	0.0
125525	1	8	46	0	0.0
125525	26	7	1272	0	0.0
125525	42	3	12	0	0.0
125525	3	10	113	0	0.0
125525	7	29	197	0	0.0
125525	2	34	381	2	0.005249343832020997
125525	5	53	50	12	0.24
125525	47	1	335	14	0.041791044776119404
125525	7	51	22	0	0.0
125525	5	16	1806	2	0.0011074197120708748
125525	16	2	22	0	0.0
125525	7	14	20	0	0.0
125525	6	48	13588	616	0.04533411833971151
125525	23	5	105	2	0.01904761904761905
125525	22	5	2722	133	0.04886113152094049
125525	17	2	1	1	1.0
125525	5	32	62	0	0.0
125525	4	16	17	0	0.0
125525	36	5	9	0	0.0
125525	46	1	24	1	0.041666666666666664
125525	6	51	500	9	0.018
125525	6	14	2500	3	0.0012
125525	43	3	12	0	0.0
125525	7	48	133	2	0.015037593984962405
125525	1	36	66	2	0.030303030303030304
125525	6	30	27433	5604	0.20427951736959138
125525	2	10	3513	9	0.0025619128949615714
125525	27	7	51	0	0.0
125525	6	29	2020	451	0.22326732673267327
125525	4	8	138	0	0.0
125525	33	7	358	0	0.0
125525	3	30	5	0	0.0
125525	37	7	302	0	0.0
125525	4	12	7	0	0.0
125525	23	7	236	0	0.0
125525	3	34	539	1	0.0018552875695732839
125525	42	1	333	9	0.02702702702702703
125525	7	34	316	0	0.0
125525	9	4	16	0	0.0
125525	6	10	10	8	0.8
125525	2	51	46	44	0.9565217391304348
125525	26	5	1200	81	0.0675
125525	13	2	69	0	0.0
125525	33	5	122	7	0.05737704918032787
125525	27	5	8	0	0.0
125525	3	14	1	0	0.0
125525	3	51	1	0	0.0
125525	7	10	10	1	0.1
125525	46	3	8	0	0.0
125525	2	30	424	15	0.03537735849056604
125525	6	34	102	9	0.08823529411764706
125525	8	23	315	0	0.0
125525	22	7	498	0	0.0
125525	4	36	118	0	0.0
125525	3	29	269	0	0.0
125525	1	29	731	0	0.0
125525	43	1	574	37	0.06445993031358885
125525	36	7	1136	0	0.0
125525	4	34	1743	0	0.0
125525	7	8	2082	0	0.0
125525	5	8	457	18	0.03938730853391685
125525	8	6	1465	233	0.1590443686006826
125525	6	36	14	2	0.14285714285714285
125525	20	7	4118	2	0.00048567265662943174
125525	44	3	14	0	0.0
125525	5	10	10	8	0.8
125525	3	16	3	0	0.0
125525	25	5	11	1	0.09090909090909091
125525	8	21	2662	0	0.0
125525	18	5	239	1	0.0041841004184100415
125525	19	5	286	18	0.06293706293706294
125525	24	5	754	12	0.015915119363395226
125525	39	2	6430	16	0.002488335925349922
125525	3	32	77	0	0.0
125525	38	2	4	2	0.5
125525	40	1	16	4	0.25
125525	8	40	621	0	0.0
125525	41	1	2741	52	0.01897117840204305
125525	49	6	460	10	0.021739130434782608
125525	11	2	804	3	0.0037313432835820895
125525	2	53	8	0	0.0
125525	1	30	5	0	0.0
125525	8	38	104	0	0.0
125525	45	3	80	0	0.0
125525	35	7	180	0	0.0
125525	6	12	1	1	1.0
125525	4	10	316	0	0.0
125525	7	15	103	0	0.0
125525	9	6	4	0	0.0
125525	4	33	121	0	0.0
125525	21	7	670	0	0.0
125525	22	3	811	0	0.0
125525	3	11	32	0	0.0
125525	52	7	87	0	0.0
125525	7	50	19	0	0.0
125525	27	1	263	28	0.10646387832699619
125525	5	17	37	5	0.13513513513513514
125525	17	8	4	0	0.0
125525	33	1	392	34	0.08673469387755102
125525	5	52	2779	345	0.1241453760345448
125525	8	26	245	0	0.0
125525	1	9	117	0	0.0
125525	7	49	11	0	0.0
125525	7	28	436	0	0.0
125525	42	5	3	3	1.0
125525	1	13	63	0	0.0
125525	2	35	19	0	0.0
125525	43	5	1	1	1.0
125525	3	35	477	0	0.0
125525	6	28	700	87	0.12428571428571429
125525	26	1	31	1	0.03225806451612903
125525	16	8	50	0	0.0
125525	37	3	405	20	0.04938271604938271
125525	1	37	5122	50	0.009761811792268645
125525	6	15	3688	26	0.0070498915401301515
125525	23	3	3982	0	0.0
125525	6	50	771	3	0.0038910505836575876
125525	4	50	1	0	0.0
125525	4	15	3	0	0.0
125525	45	7	3	2	0.6666666666666666
125525	6	17	240	7	0.029166666666666667
125525	6	52	2385	2	0.0008385744234800838
125525	28	4	52	0	0.0
125525	9	3	10	0	0.0
125525	21	3	1175	0	0.0
125525	14	8	18	0	0.0
125525	39	6	17	2	0.11764705882352941
125525	11	6	1	0	0.0
125525	24	1	81	11	0.13580246913580246
125525	1	35	39	3	0.07692307692307693
125525	28	8	2092	0	0.0
125525	5	49	253	18	0.07114624505928854
125525	54	5	726	36	0.049586776859504134
125525	31	1	145	0	0.0
125525	5	28	272	6	0.022058823529411766
125525	41	5	1	1	1.0
125525	40	5	2470	46	0.01862348178137652
125525	19	1	4878	247	0.05063550635506355
125525	25	1	2440	57	0.02336065573770492
125525	29	8	1068	0	0.0
125525	3	13	2	0	0.0
125525	15	8	191	0	0.0
125525	1	11	233	0	0.0
125525	38	6	2520	26	0.010317460317460317
125525	8	24	4462	0	0.0
125525	2	37	1250	0	0.0
125525	4	31	4	0	0.0
125525	7	17	8	0	0.0
125525	8	19	894	0	0.0
125525	20	3	1052	0	0.0
125525	6	33	167	23	0.1377245508982036
125525	1	15	4	4	1.0
125525	8	20	617	0	0.0
125525	5	15	536	82	0.15298507462686567
125525	5	50	1351	326	0.24130273871206515
125525	2	33	129	7	0.05426356589147287
125525	40	7	251	0	0.0
125525	11	4	32	0	0.0
125525	24	3	95	0	0.0
125525	39	4	1180	0	0.0
125525	11	8	2	0	0.0
125525	6	37	4	2	0.5
125525	4	35	38	0	0.0
125525	21	1	2434	466	0.1914543960558751
125525	45	5	10	9	0.9
125525	7	9	1	0	0.0
125525	39	8	52	0	0.0
125525	1	28	13	2	0.15384615384615385
125525	44	5	36	35	0.9722222222222222
125525	20	1	782	40	0.05115089514066496
125525	10	8	10	0	0.0
125525	31	3	82	0	0.0
125525	8	41	43	0	0.0
125525	25	3	1792	0	0.0
125525	38	4	11	0	0.0
125525	2	52	1	0	0.0
125525	3	33	325	1	0.003076923076923077
125525	43	7	1	0	0.0
125525	27	3	1216	0	0.0
125525	41	7	5	1	0.2
125525	19	3	11621	39	0.0033559934601153085
125525	2	50	11	0	0.0
125525	6	35	96	17	0.17708333333333334
125525	6	54	4320	2	0.000462962962962963
125525	4	13	2	0	0.0
125525	22	1	998	52	0.052104208416833664
125525	7	11	3	0	0.0
125525	3	28	28	0	0.0
125525	2	31	15	0	0.0
125525	4	37	57	0	0.0
125525	23	1	309	44	0.1423948220064725
125525	26	3	63	0	0.0
125525	36	8	19	0	0.0
125525	6	41	5	0	0.0
125525	8	22	5068	0	0.0
125525	27	6	50	1	0.02
125525	4	43	7	0	0.0
125525	22	4	2221	0	0.0
125525	8	9	1	0	0.0
125525	2	45	1656	2	0.0012077294685990338
125525	26	6	553	48	0.0867992766726944
125525	43	2	686	1	0.0014577259475218659
125525	42	2	247	3	0.012145748987854251
125525	6	7	188	22	0.11702127659574468
125525	37	8	1	0	0.0
125525	7	39	26	0	0.0
125525	4	5	47	2	0.0425531914893617
125525	23	4	5083	0	0.0
125525	2	24	169	9	0.05325443786982249
125525	2	3	161	5	0.031055900621118012
125525	2	19	1988	10	0.005030181086519115
125525	4	20	1971	0	0.0
125525	6	20	1664	47	0.028245192307692308
125525	18	6	523	27	0.05162523900573614
125525	6	5	2760	822	0.29782608695652174
125525	21	4	7243	1	0.00013806433798149937
125525	35	8	137	0	0.0
125525	2	1	1896	271	0.1429324894514768
125525	6	22	7291	1728	0.23700452612810313
125525	40	2	17	3	0.17647058823529413
125525	5	39	12	0	0.0
125525	24	6	2170	755	0.347926267281106
125525	2	26	5	1	0.2
125525	4	7	109	0	0.0
125525	39	1	6406	23	0.0035903840149859507
125525	34	8	126	0	0.0
125525	38	1	1	1	1.0
125525	5	7	1206	30	0.024875621890547265
125525	25	6	10	1	0.1
125525	19	6	79	11	0.13924050632911392
125525	24	4	248	0	0.0
125525	1	3	1574	51	0.032401524777636595
125525	6	43	16	0	0.0
125525	41	2	7970	172	0.021580928481806774
125525	39	3	750	0	0.0
125525	7	1	37	6	0.16216216216216217
125525	2	47	7038	3	0.00042625745950554135
125525	21	6	1504	276	0.18351063829787234
125525	4	41	706	0	0.0
125525	5	3	27	3	0.1111111111111111
125525	30	8	6502	0	0.0
125525	38	3	6	0	0.0
125525	4	45	23	0	0.0
125525	44	2	326	4	0.012269938650306749
125525	2	5	51	42	0.8235294117647058
125525	25	4	807	0	0.0
125525	4	19	4155	0	0.0
125525	2	22	929	28	0.030139935414424113
125525	4	3	1551	0	0.0
125525	6	1	23	9	0.391304347826087
125525	8	33	306	0	0.0
125525	27	4	2361	0	0.0
125525	6	3	15	1	0.06666666666666667
125525	2	20	78	1	0.01282051282051282
125525	4	26	63	0	0.0
125525	4	1	250	11	0.044
125525	3	7	184	0	0.0
125525	2	7	39	1	0.02564102564102564
125525	1	5	28	18	0.6428571428571429
125525	46	2	105	0	0.0
125525	23	6	148	29	0.19594594594594594
125525	2	27	1743	40	0.022948938611589215
125525	8	52	5	0	0.0
125525	42	4	39	0	0.0
125525	44	6	45	23	0.5111111111111111
125525	4	6	39	6	0.15384615384615385
125525	4	47	4	0	0.0
125525	38	7	158	0	0.0
125525	4	40	33	0	0.0
125525	5	38	2480	27	0.010887096774193548
125525	6	40	1095	50	0.045662100456621
125525	23	2	1271	123	0.0967741935483871
125525	46	6	10	0	0.0
125525	21	2	6910	485	0.07018813314037627
125525	2	18	1	0	0.0
125525	2	6	58	21	0.3620689655172414
125525	2	25	1123	6	0.005342831700801425
125525	8	51	6	0	0.0
125525	46	4	13	0	0.0
125525	4	44	77	0	0.0
126426	2	8	109	11	0.10091743119266056
126426	1	34	242	0	0.0
126426	2	12	651	1	0.0015360983102918587
125525	4	2	1391	53	0.038102084831056794
125525	53	8	1	0	0.0
126426	8	44	5	5	1.0
126426	31	7	275	0	0.0
126426	41	3	690	0	0.0
126426	25	7	19	0	0.0
126426	48	4	12	0	0.0
126426	4	29	1712	0	0.0
126426	19	7	1611	0	0.0
126426	6	53	68	0	0.0
126426	3	36	267	0	0.0
126426	5	30	1120	4	0.0035714285714285713
126426	44	1	394	103	0.2614213197969543
126426	9	2	3314	3	0.0009052504526252263
126426	50	1	2	0	0.0
126426	4	14	6	0	0.0
126426	6	16	5050	55	0.01089108910891089
126426	5	48	5577	200	0.03586157432311279
126426	48	8	916	0	0.0
126426	7	32	97	0	0.0
126426	34	5	134	0	0.0
126426	15	2	6	1	0.16666666666666666
126426	14	2	4	0	0.0
126426	35	5	78	0	0.0
126426	21	5	637	9	0.0141287284144427
126426	5	14	225	0	0.0
126426	28	2	45	0	0.0
126426	6	32	1	0	0.0
126426	5	51	421	197	0.4679334916864608
126426	29	2	13178	804	0.06101077553498255
126426	8	18	13	0	0.0
126426	49	8	130	0	0.0
126426	7	53	4	0	0.0
126426	40	3	15	0	0.0
126426	20	5	21101	375	0.017771669589119
126426	7	16	31	0	0.0
126426	4	30	690	0	0.0
126426	1	10	824	106	0.12864077669902912
126426	2	36	41	2	0.04878048780487805
126426	8	25	19	0	0.0
126426	45	1	5588	408	0.07301360057265568
126426	18	7	8	0	0.0
126426	30	7	224	0	0.0
126426	5	29	20	0	0.0
126426	24	7	2756	1	0.000362844702467344
126426	3	12	37	0	0.0
126426	3	8	37	0	0.0
126426	1	8	34	4	0.11764705882352941
126426	1	12	59	1	0.01694915254237288
126426	2	34	301	0	0.0
126426	26	7	2031	0	0.0
126426	8	27	177	0	0.0
126426	42	3	91	0	0.0
126426	7	29	83	0	0.0
126426	3	10	183	0	0.0
126426	5	16	731	0	0.0
126426	5	53	58	11	0.1896551724137931
126426	37	5	3	2	0.6666666666666666
126426	23	5	25	0	0.0
126426	7	14	18	0	0.0
126426	7	51	69	0	0.0
126426	16	2	19	0	0.0
126426	22	5	1622	19	0.011713933415536375
126426	47	1	4436	246	0.05545536519386835
126426	6	14	3795	15	0.003952569169960474
126426	36	5	30	0	0.0
126426	6	51	467	21	0.044967880085653104
126426	6	30	17920	2073	0.11568080357142857
126426	6	48	13653	417	0.030542737859811032
126426	7	48	434	0	0.0
126426	5	32	85	0	0.0
126426	46	1	61	2	0.03278688524590164
126426	2	10	4341	7	0.001612531674729325
126426	27	7	12	0	0.0
126426	33	7	388	0	0.0
126426	8	46	5	0	0.0
126426	1	36	97	0	0.0
126426	4	8	958	0	0.0
126426	7	34	157	0	0.0
126426	37	7	45	0	0.0
126426	3	34	461	0	0.0
126426	4	12	15	0	0.0
126426	6	29	307	26	0.08469055374592833
126426	4	16	62	0	0.0
126426	43	3	129	0	0.0
126426	6	10	1	1	1.0
126426	23	7	343	0	0.0
126426	8	42	1	0	0.0
126426	33	5	266	1	0.0037593984962406013
126426	27	5	6	0	0.0
126426	13	2	810	1	0.0012345679012345679
126426	3	30	34	0	0.0
126426	2	51	10	4	0.4
126426	47	3	5	0	0.0
126426	9	4	24	0	0.0
126426	3	14	1	0	0.0
126426	4	36	167	0	0.0
126426	8	23	312	0	0.0
126426	42	1	932	56	0.060085836909871244
126426	1	32	2	0	0.0
126426	26	5	1216	21	0.017269736842105265
126426	46	3	89	0	0.0
126426	43	1	3149	378	0.12003810733566211
126426	36	7	869	0	0.0
126426	3	29	203	0	0.0
126426	5	8	297	33	0.1111111111111111
126426	7	8	5029	1	0.00019884668920262477
126426	7	10	7	3	0.42857142857142855
126426	2	30	312	10	0.03205128205128205
126426	2	48	79	0	0.0
126426	6	34	204	10	0.049019607843137254
126426	22	7	738	8	0.01084010840108401
126426	5	10	2	2	1.0
126426	8	6	939	86	0.09158679446219382
126426	20	7	17238	1	5.8011370228564796e-05
126426	4	34	835	0	0.0
126426	6	36	60	1	0.016666666666666666
126426	44	3	45	0	0.0
126426	1	29	1112	0	0.0
126426	54	1	1	0	0.0
126426	19	5	207	2	0.00966183574879227
126426	3	16	4	0	0.0
126426	38	2	3	0	0.0
126426	18	5	257	2	0.007782101167315175
126426	39	2	6110	5	0.0008183306055646482
126426	25	5	1	0	0.0
126426	24	5	472	5	0.01059322033898305
126426	8	21	3266	0	0.0
126426	41	1	3837	97	0.025280166796976804
126426	3	32	83	0	0.0
126426	40	1	5	0	0.0
126426	1	30	24	0	0.0
126426	11	2	3752	10	0.0026652452025586353
126426	49	6	528	44	0.08333333333333333
126426	8	40	1020	0	0.0
126426	8	38	133	1	0.007518796992481203
126426	7	15	72	0	0.0
126426	4	33	459	0	0.0
126426	4	10	52	0	0.0
126426	35	7	98	0	0.0
126426	7	50	229	1	0.004366812227074236
126426	45	3	291	0	0.0
126426	9	6	1	0	0.0
126426	2	53	1	0	0.0
126426	21	7	1515	0	0.0
126426	3	11	164	0	0.0
126426	52	7	436	0	0.0
126426	5	17	66	2	0.030303030303030304
126426	22	3	1174	0	0.0
126426	27	1	274	2	0.0072992700729927005
126426	7	49	73	0	0.0
126426	33	1	740	1	0.0013513513513513514
126426	8	26	1327	1	0.0007535795026375283
126426	1	13	302	0	0.0
126426	2	35	46	0	0.0
126426	6	28	1737	102	0.05872193436960276
126426	17	8	3	0	0.0
126426	3	35	658	0	0.0
126426	7	28	167	0	0.0
126426	1	9	315	1	0.0031746031746031746
126426	5	52	5340	669	0.1252808988764045
126426	43	5	2	2	1.0
126426	26	1	16	0	0.0
126426	16	8	44	0	0.0
126426	1	37	6163	19	0.003082914165179296
126426	23	3	1941	0	0.0
126426	4	15	20	0	0.0
126426	37	3	1258	0	0.0
126426	24	1	120	0	0.0
126426	39	6	14	1	0.07142857142857142
126426	45	7	1	1	1.0
126426	21	3	4491	0	0.0
126426	14	8	18	0	0.0
126426	6	52	2983	1	0.00033523298692591353
126426	28	4	272	0	0.0
126426	6	15	6628	37	0.005582377791188896
126426	9	3	54	0	0.0
126426	6	50	1791	1	0.0005583472920156337
126426	6	17	733	7	0.009549795361527967
126426	11	6	7	0	0.0
126426	28	8	4085	0	0.0
126426	1	35	70	0	0.0
126426	29	8	2268	0	0.0
126426	38	6	2155	41	0.019025522041763342
126426	31	1	2559	4	0.0015631105900742479
126426	3	13	58	0	0.0
126426	5	28	207	1	0.004830917874396135
126426	5	49	309	54	0.17475728155339806
126426	15	8	487	0	0.0
126426	8	45	2	2	1.0
126426	25	1	360	1	0.002777777777777778
126426	54	5	3654	223	0.06102900930487137
126426	1	11	927	1	0.0010787486515641855
126426	40	5	1529	0	0.0
126426	8	24	5908	0	0.0
126426	19	1	14983	17	0.001134619235133151
126426	2	37	1906	0	0.0
126426	44	7	9	8	0.8888888888888888
126426	4	31	3	0	0.0
126426	20	3	6250	0	0.0
126426	8	19	194	0	0.0
126426	8	20	3693	0	0.0
126426	7	17	6	0	0.0
126426	2	33	426	1	0.002347417840375587
126426	5	15	808	165	0.2042079207920792
126426	40	7	234	0	0.0
126426	1	15	1	0	0.0
126426	5	50	3436	481	0.139988358556461
126426	6	33	245	6	0.024489795918367346
126426	54	7	34	0	0.0
126426	11	4	68	0	0.0
126426	39	8	56	0	0.0
126426	6	37	2	0	0.0
126426	11	8	4	0	0.0
126426	39	4	348	0	0.0
126426	44	5	2	2	1.0
126426	24	3	1648	0	0.0
126426	45	5	4	4	1.0
126426	4	35	85	0	0.0
126426	21	1	3624	2	0.0005518763796909492
126426	25	3	1941	0	0.0
126426	20	1	1006	1	0.0009940357852882703
126426	10	8	1	0	0.0
126426	38	4	7	0	0.0
126426	8	41	153	0	0.0
126426	31	3	989	0	0.0
126426	19	3	13863	0	0.0
126426	1	28	12	0	0.0
126426	22	1	268	0	0.0
126426	27	3	457	0	0.0
126426	43	7	1	1	1.0
126426	8	43	5	0	0.0
126426	3	33	1440	0	0.0
126426	2	50	6	0	0.0
126426	12	8	1	1	1.0
126426	6	54	7642	10	0.0013085579691180318
126426	41	7	1	0	0.0
126426	23	1	1027	1	0.0009737098344693282
126426	4	13	47	0	0.0
126426	3	28	13	0	0.0
126426	6	41	236	0	0.0
126426	7	11	1	0	0.0
126426	4	43	141	0	0.0
126426	3	15	5	0	0.0
126426	27	6	32	0	0.0
126426	2	31	165	0	0.0
126426	6	35	130	4	0.03076923076923077
126426	2	45	1966	5	0.00254323499491353
126426	26	3	90	0	0.0
126426	22	4	4048	0	0.0
126426	4	37	248	0	0.0
126426	36	8	64	0	0.0
126426	8	9	2	0	0.0
126426	8	22	3917	2	0.0005105948429920858
126426	43	2	1393	2	0.0014357501794687725
126426	42	2	810	15	0.018518518518518517
126426	37	8	7	0	0.0
126426	7	39	14	0	0.0
126426	2	3	584	0	0.0
126426	26	6	1449	33	0.022774327122153208
126426	6	7	407	2	0.004914004914004914
126426	2	24	337	1	0.002967359050445104
126426	23	4	2513	0	0.0
126426	4	20	3061	0	0.0
126426	6	20	4097	31	0.007566512082011228
126426	4	5	59	2	0.03389830508474576
126426	2	19	5335	1	0.00018744142455482662
126426	2	1	3041	639	0.21012824728707663
126426	6	22	5708	600	0.1051156271899089
126426	21	4	6155	0	0.0
126426	35	8	97	0	0.0
126426	24	6	1582	188	0.11883691529709228
126426	2	26	19	0	0.0
126426	39	1	3713	0	0.0
126426	5	7	1104	28	0.025362318840579712
126426	40	2	16	1	0.0625
126426	38	1	4	0	0.0
126426	5	39	4	0	0.0
126426	4	7	152	0	0.0
126426	18	6	992	21	0.021169354838709676
126426	6	5	3450	1458	0.4226086956521739
126426	25	6	2	0	0.0
126426	34	8	397	2	0.005037783375314861
126426	19	6	20	1	0.05
126426	1	3	2324	6	0.0025817555938037868
126426	41	2	10621	89	0.008379625270690142
126426	8	54	405	0	0.0
126426	6	43	84	0	0.0
126426	39	3	561	0	0.0
126426	21	6	776	48	0.061855670103092786
126426	8	50	150	0	0.0
126426	4	41	2297	0	0.0
126426	7	1	39	4	0.10256410256410256
126426	5	3	50	2	0.04
126426	30	8	8912	0	0.0
126426	2	47	11947	22	0.0018414664769398174
126426	24	4	3163	0	0.0
126426	44	2	402	10	0.024875621890547265
126426	4	45	22	0	0.0
126426	2	5	18	7	0.3888888888888889
126426	4	19	3382	0	0.0
126426	38	3	18	0	0.0
126426	25	4	297	0	0.0
126426	4	3	3622	0	0.0
126426	8	33	275	0	0.0
126426	2	22	681	3	0.004405286343612335
126426	2	20	271	0	0.0
126426	6	3	35	2	0.05714285714285714
126426	27	4	933	0	0.0
126426	6	1	11	7	0.6363636363636364
126426	23	6	58	2	0.034482758620689655
126426	4	1	266	12	0.045112781954887216
126426	3	7	912	1	0.0010964912280701754
126426	2	7	25	11	0.44
126426	32	8	3	0	0.0
126426	1	5	7	3	0.42857142857142855
126426	8	52	71	0	0.0
126426	6	45	2	0	0.0
126426	4	26	398	0	0.0
126426	46	2	152	5	0.03289473684210526
126426	4	6	160	7	0.04375
126426	2	27	1393	9	0.006460875807609476
126426	4	47	263	0	0.0
126426	5	38	3667	37	0.010089991818925552
126426	38	7	292	1	0.003424657534246575
126426	2	25	309	0	0.0
126426	8	51	26	0	0.0
126426	53	8	4	0	0.0
126426	46	6	74	4	0.05405405405405406
126426	46	4	21	0	0.0
126426	6	40	1785	25	0.014005602240896359
126426	44	6	19	4	0.21052631578947367
126426	4	44	27	0	0.0
126426	21	2	8229	5	0.0006076072426783327
126426	23	2	2044	3	0.0014677103718199608
126426	42	4	35	0	0.0
126426	4	40	151	0	0.0
126426	2	6	37	7	0.1891891891891892
126426	4	2	526	1	0.0019011406844106464
128935	25	7	26	0	0.0
128935	41	3	267	0	0.0
128935	2	8	34	0	0.0
128935	2	12	29	0	0.0
128935	19	7	783	0	0.0
128935	31	7	44	0	0.0
128935	1	34	41	0	0.0
128935	4	29	1189	0	0.0
128935	6	53	58	0	0.0
128935	3	36	51	0	0.0
128935	5	48	3559	131	0.036808092160719307
128935	5	30	1436	1	0.0006963788300835655
128935	48	4	22	0	0.0
128935	44	1	320	33	0.103125
128935	6	16	9766	705	0.07218922793364735
128935	7	32	61	0	0.0
128935	50	1	7	0	0.0
128935	4	14	2	0	0.0
128935	9	2	5283	0	0.0
128935	28	2	26	0	0.0
128935	15	2	1	0	0.0
128935	35	5	55	1	0.01818181818181818
128935	48	8	1341	0	0.0
128935	21	5	124	0	0.0
128935	49	8	31	0	0.0
128935	34	5	130	6	0.046153846153846156
128935	6	32	1	0	0.0
128935	8	18	5	0	0.0
128935	5	51	401	80	0.19950124688279303
128935	5	14	719	3	0.004172461752433936
128935	20	5	10523	243	0.023092274066330895
128935	29	2	13548	1150	0.08488337762031296
128935	4	30	726	0	0.0
128935	45	1	5309	339	0.06385383311358071
128935	40	3	4	0	0.0
128935	18	7	24	0	0.0
128935	7	53	2	0	0.0
128935	5	29	13	0	0.0
128935	1	10	1579	92	0.058264724509183026
128935	7	16	111	0	0.0
128935	8	25	39	0	0.0
128935	1	8	6	0	0.0
128935	8	27	22	0	0.0
128935	2	36	45	1	0.022222222222222223
128935	3	8	20	0	0.0
128935	24	7	1463	0	0.0
128935	30	7	788	0	0.0
128935	2	34	35	0	0.0
128935	7	29	65	0	0.0
128935	26	7	252	0	0.0
128935	3	10	27	0	0.0
128935	4	32	4	0	0.0
128935	5	16	1955	3	0.001534526854219949
128935	47	1	784	27	0.03443877551020408
128935	42	3	3	0	0.0
128935	7	51	10	0	0.0
128935	5	53	43	11	0.2558139534883721
128935	23	5	11	0	0.0
128935	7	14	11	0	0.0
128935	36	5	40	0	0.0
128935	16	2	1	0	0.0
128935	6	48	14013	1666	0.11888960251195319
128935	6	51	649	9	0.01386748844375963
128935	22	5	3961	45	0.011360767482958849
128935	46	1	91	1	0.01098901098901099
128935	43	3	73	0	0.0
128935	5	32	23	0	0.0
128935	6	14	7240	67	0.009254143646408839
128935	7	48	34	0	0.0
128935	4	16	3	0	0.0
128935	2	10	5145	3	0.0005830903790087463
128935	27	7	4	0	0.0
128935	6	29	1086	167	0.15377532228360957
128935	4	8	61	0	0.0
128935	53	3	1	0	0.0
128935	1	32	2	0	0.0
128935	1	36	32	0	0.0
128935	6	30	26442	6902	0.26102412828076543
128935	23	7	35	0	0.0
128935	33	7	186	0	0.0
128935	7	34	70	0	0.0
128935	3	34	116	0	0.0
128935	13	2	266	0	0.0
128935	42	1	1681	59	0.03509815585960738
128935	3	30	56	0	0.0
128935	26	5	1123	11	0.009795191451469279
128935	46	3	43	0	0.0
128935	4	36	60	0	0.0
128935	36	7	1131	1	0.0008841732979664014
128935	8	23	127	0	0.0
128935	33	5	52	3	0.057692307692307696
128935	6	34	108	10	0.09259259259259259
128935	22	7	1036	3	0.0028957528957528956
128935	2	30	379	16	0.04221635883905013
128935	8	6	588	72	0.12244897959183673
128935	44	3	3	0	0.0
128935	3	16	1	0	0.0
128935	3	29	160	0	0.0
128935	7	8	3178	1	0.00031466331025802394
128935	50	3	1	0	0.0
128935	4	34	142	0	0.0
128935	1	29	498	0	0.0
128935	20	7	3714	0	0.0
128935	6	36	46	8	0.17391304347826086
128935	43	1	2724	209	0.07672540381791483
128935	5	8	62	12	0.1935483870967742
128935	41	1	3186	59	0.018518518518518517
128935	8	21	1141	0	0.0
128935	39	2	4578	2	0.00043687199650502403
128935	18	5	407	0	0.0
128935	19	5	59	0	0.0
128935	11	2	2850	5	0.0017543859649122807
128935	1	30	19	0	0.0
128935	24	5	45	0	0.0
128935	35	7	180	0	0.0
128935	8	38	51	0	0.0
128935	4	10	10	0	0.0
128935	8	40	95	0	0.0
128935	49	6	2981	169	0.056692385105669235
128935	45	3	61	0	0.0
128935	2	53	5	0	0.0
128935	4	33	154	0	0.0
128935	3	32	94	0	0.0
128935	21	7	257	0	0.0
128935	7	50	28	0	0.0
128935	52	7	33	0	0.0
128935	22	3	560	0	0.0
128935	3	11	51	0	0.0
128935	7	15	38	0	0.0
128935	5	17	5	0	0.0
128935	27	1	84	0	0.0
128935	1	9	164	0	0.0
128935	33	1	545	0	0.0
128935	37	3	551	0	0.0
128935	8	26	113	0	0.0
128935	7	49	11	0	0.0
128935	5	52	4671	643	0.1376578891029758
128935	6	28	1124	198	0.17615658362989323
128935	16	8	21	0	0.0
128935	1	37	7201	3	0.00041660880433273156
128935	2	35	14	0	0.0
128935	1	13	45	0	0.0
128935	3	35	574	0	0.0
128935	7	28	174	1	0.005747126436781609
128935	23	3	633	0	0.0
128935	6	50	982	6	0.006109979633401222
128935	4	15	1	0	0.0
128935	6	15	3518	74	0.021034678794769755
128935	28	8	1048	0	0.0
128935	6	17	17	0	0.0
128935	24	1	91	0	0.0
128935	14	8	5	0	0.0
128935	21	3	1171	1	0.0008539709649871904
128935	28	4	69	0	0.0
128935	39	6	32	3	0.09375
128935	6	52	4183	13	0.0031078173559646186
128935	9	3	27	0	0.0
128935	40	5	3216	6	0.0018656716417910447
128935	1	35	41	0	0.0
128935	5	49	1524	130	0.08530183727034121
128935	54	5	349	10	0.02865329512893983
128935	29	8	208	0	0.0
128935	5	28	126	0	0.0
128935	3	13	5	0	0.0
128935	8	19	785	0	0.0
128935	31	1	374	0	0.0
128935	15	8	31	0	0.0
128935	38	6	2618	15	0.005729564553093965
128935	1	11	221	0	0.0
128935	25	1	3321	14	0.004215597711532671
128935	8	24	2235	0	0.0
128935	2	37	1753	0	0.0
128935	20	3	1248	0	0.0
128935	19	1	13376	39	0.00291566985645933
128935	4	31	2	0	0.0
128935	7	17	2	0	0.0
128935	5	50	908	148	0.16299559471365638
128935	6	33	124	14	0.11290322580645161
128935	5	15	3804	244	0.06414300736067298
128935	40	7	156	0	0.0
128935	8	20	2556	0	0.0
128935	4	35	45	0	0.0
128935	11	4	6	0	0.0
128935	2	33	108	1	0.009259259259259259
128935	24	3	247	0	0.0
128935	39	4	616	0	0.0
128935	39	8	29	0	0.0
128935	1	28	7	0	0.0
128935	25	3	1399	0	0.0
128935	21	1	4217	9	0.0021342186388427793
128935	19	3	10442	0	0.0
128935	3	33	546	0	0.0
128935	20	1	42	0	0.0
128935	31	3	380	0	0.0
128935	8	41	56	0	0.0
128935	43	7	8	0	0.0
128935	22	1	328	0	0.0
128935	27	3	52	0	0.0
128935	2	50	3	0	0.0
128935	4	13	4	0	0.0
128935	6	35	73	9	0.1232876712328767
128935	2	31	5	0	0.0
128935	3	28	42	0	0.0
128935	4	37	54	0	0.0
128935	8	22	967	0	0.0
128935	26	3	3	0	0.0
128935	4	43	44	0	0.0
128935	27	6	28	0	0.0
128935	36	8	33	0	0.0
128935	23	1	209	1	0.004784688995215311
128935	2	45	2184	2	0.0009157509157509158
128935	42	2	1090	15	0.013761467889908258
128935	6	54	13240	23	0.0017371601208459216
128935	2	3	191	0	0.0
128935	23	4	2475	0	0.0
128935	22	4	1878	0	0.0
128935	2	24	81	0	0.0
128935	43	2	1670	2	0.0011976047904191617
128935	6	7	354	8	0.022598870056497175
128935	2	19	2905	3	0.0010327022375215145
128935	4	20	213	0	0.0
128935	37	8	2	0	0.0
128935	26	6	310	9	0.02903225806451613
128935	4	5	7	0	0.0
128935	7	39	7	0	0.0
128935	6	20	2899	78	0.026905829596412557
128935	2	1	3332	661	0.1983793517406963
128935	5	7	447	7	0.015659955257270694
128935	4	7	18	0	0.0
128935	21	4	2411	0	0.0
128935	18	6	1857	167	0.08992999461497038
128935	6	5	5027	1263	0.25124328625422715
128935	39	1	6667	8	0.00119994000299985
128935	35	8	54	0	0.0
128935	6	22	7174	1146	0.15974351826038471
128935	34	8	47	0	0.0
128935	24	6	394	66	0.16751269035532995
128935	19	6	331	14	0.04229607250755287
128935	8	54	31	0	0.0
128935	25	6	50	6	0.12
128935	41	2	15330	145	0.009458577951728636
128935	1	3	966	2	0.002070393374741201
128935	40	2	1	0	0.0
128935	24	4	320	0	0.0
128935	39	3	1541	0	0.0
128935	6	43	2	0	0.0
128935	7	1	26	0	0.0
128935	5	3	7	0	0.0
128935	4	41	1229	0	0.0
128935	8	50	39	0	0.0
128935	4	45	9	0	0.0
128935	38	3	16	0	0.0
128935	21	6	3180	356	0.1119496855345912
128935	2	5	4	0	0.0
128935	44	2	967	8	0.008273009307135471
128935	30	8	3923	0	0.0
128935	4	3	1648	0	0.0
128935	4	1	332	0	0.0
128935	8	33	140	0	0.0
128935	6	1	19	3	0.15789473684210525
128935	2	47	16465	3	0.00018220467658669907
128935	27	4	791	0	0.0
128935	4	19	7897	0	0.0
128935	2	22	1018	7	0.0068762278978389
128935	25	4	995	0	0.0
128935	2	20	18	0	0.0
128935	6	3	23	5	0.21739130434782608
128935	4	26	3	0	0.0
128935	6	45	1	0	0.0
128935	46	2	106	1	0.009433962264150943
128935	2	7	7	0	0.0
128935	3	7	111	0	0.0
128935	23	6	382	51	0.13350785340314136
128935	4	47	1	0	0.0
128935	8	52	8	0	0.0
128935	2	27	1518	40	0.026350461133069828
128935	4	6	90	11	0.12222222222222222
128935	44	6	4	0	0.0
128935	38	7	31	0	0.0
128935	42	4	6	0	0.0
128935	4	40	7	0	0.0
128935	21	2	7704	109	0.014148494288681205
128935	5	38	5901	27	0.004575495678698526
128935	23	2	707	13	0.018387553041018388
128935	46	6	2	0	0.0
128935	46	4	2	0	0.0
128935	2	25	1485	3	0.00202020202020202
128935	8	51	8	0	0.0
130518	2	8	59	0	0.0
128935	6	40	2758	56	0.02030456852791878
130518	25	7	1	0	0.0
128935	4	44	12	0	0.0
130518	31	7	115	0	0.0
128935	4	2	628	8	0.012738853503184714
128935	53	8	2	0	0.0
130518	2	12	45	1	0.022222222222222223
128935	2	6	57	10	0.17543859649122806
130518	1	34	534	1	0.0018726591760299626
130518	19	7	1891	0	0.0
130518	4	29	6091	0	0.0
130518	3	36	286	0	0.0
130518	9	2	3395	0	0.0
130518	48	4	6	0	0.0
130518	5	30	1383	0	0.0
130518	6	53	57	0	0.0
130518	41	3	197	0	0.0
130518	6	16	3681	23	0.006248302091822874
130518	50	1	16	1	0.0625
130518	4	14	6	0	0.0
130518	48	8	1301	0	0.0
130518	44	1	324	23	0.07098765432098765
130518	7	32	873	0	0.0
130518	20	5	8592	133	0.01547951582867784
130518	5	48	5633	737	0.13083614415054146
130518	15	2	1	0	0.0
130518	6	32	1	0	0.0
130518	34	5	188	2	0.010638297872340425
130518	35	5	52	1	0.019230769230769232
130518	49	8	85	0	0.0
130518	21	5	294	7	0.023809523809523808
130518	5	51	894	213	0.23825503355704697
130518	4	30	510	0	0.0
130518	14	2	5	0	0.0
130518	8	18	30	0	0.0
130518	5	14	433	3	0.006928406466512702
130518	28	2	6	0	0.0
130518	7	53	29	0	0.0
130518	45	1	3747	247	0.0659194021884174
130518	40	3	1	0	0.0
130518	7	16	16	0	0.0
130518	8	25	4	0	0.0
130518	29	2	20636	2278	0.11038961038961038
130518	2	36	234	3	0.01282051282051282
130518	18	7	10	0	0.0
130518	1	10	842	6	0.007125890736342043
130518	5	29	29	0	0.0
130518	8	27	63	0	0.0
130518	24	7	1789	0	0.0
130518	3	12	1	0	0.0
130518	3	8	147	0	0.0
130518	1	8	71	0	0.0
130518	2	34	177	1	0.005649717514124294
130518	7	29	274	0	0.0
130518	26	7	93	0	0.0
130518	30	7	504	0	0.0
130518	3	10	230	0	0.0
130518	1	12	9	1	0.1111111111111111
130518	42	3	73	0	0.0
130518	5	16	1065	2	0.0018779342723004694
130518	5	53	79	10	0.12658227848101267
130518	7	51	231	1	0.004329004329004329
130518	6	48	12173	322	0.02645198389879241
130518	6	14	4691	1	0.00021317416329140907
130518	47	1	1278	181	0.14162754303599373
130518	37	5	6	0	0.0
130518	6	51	485	7	0.01443298969072165
130518	46	1	98	5	0.05102040816326531
130518	36	5	5	0	0.0
130518	7	14	13	0	0.0
130518	23	5	16	0	0.0
130518	6	30	22151	2668	0.12044602952462642
130518	4	16	57	0	0.0
130518	16	2	36	1	0.027777777777777776
130518	5	32	57	0	0.0
130518	22	5	3141	16	0.005093919134033747
130518	27	7	4	0	0.0
130518	7	48	480	0	0.0
130518	4	53	2	0	0.0
130518	1	36	393	0	0.0
130518	4	12	1	0	0.0
130518	2	10	5224	0	0.0
130518	43	3	141	0	0.0
130518	4	8	207	0	0.0
130518	33	7	437	0	0.0
130518	23	7	132	0	0.0
130518	3	34	736	0	0.0
130518	37	7	70	0	0.0
130518	6	10	2	0	0.0
130518	6	29	1402	161	0.11483594864479316
130518	3	48	2	0	0.0
130518	7	34	598	0	0.0
130518	3	30	20	0	0.0
130518	1	32	32	0	0.0
130518	42	1	1971	177	0.0898021308980213
130518	9	4	13	0	0.0
130518	3	51	4	0	0.0
130518	2	51	9	0	0.0
130518	46	3	16	0	0.0
130518	27	5	1	0	0.0
130518	8	23	521	0	0.0
130518	33	5	249	7	0.028112449799196786
130518	26	5	85	0	0.0
130518	13	2	166	0	0.0
130518	2	48	87	0	0.0
130518	43	1	2365	181	0.07653276955602537
130518	2	30	345	18	0.05217391304347826
130518	7	10	1	0	0.0
130518	4	36	585	0	0.0
130518	22	7	1368	2	0.0014619883040935672
130518	8	6	1615	85	0.05263157894736842
130518	36	7	1312	0	0.0
130518	1	29	882	0	0.0
130518	6	34	326	19	0.05828220858895705
130518	4	34	1233	0	0.0
130518	5	8	328	52	0.15853658536585366
130518	3	29	320	0	0.0
130518	7	8	2420	0	0.0
130518	44	3	27	0	0.0
130518	20	7	12381	1	8.0768920119538e-05
130518	6	36	26	2	0.07692307692307693
130518	8	21	2720	0	0.0
130518	3	32	15	0	0.0
130518	24	5	194	0	0.0
130518	38	2	8	0	0.0
130518	31	5	1	0	0.0
130518	18	5	278	6	0.02158273381294964
130518	39	2	2230	0	0.0
130518	19	5	855	6	0.007017543859649123
130518	54	1	1	0	0.0
130518	8	40	268	0	0.0
130518	50	3	14	0	0.0
130518	11	2	1224	0	0.0
130518	49	6	1901	49	0.025775907417148868
130518	41	1	4005	195	0.04868913857677903
130518	2	53	34	0	0.0
130518	45	3	161	0	0.0
130518	4	10	81	0	0.0
130518	8	38	142	0	0.0
130518	35	7	214	0	0.0
130518	9	6	3	0	0.0
130518	7	50	99	0	0.0
130518	21	7	801	0	0.0
130518	7	15	113	0	0.0
130518	52	7	214	0	0.0
130518	4	33	130	0	0.0
130518	5	17	25	0	0.0
130518	17	8	6	0	0.0
130518	27	1	95	0	0.0
130518	2	35	14	0	0.0
130518	22	3	1157	0	0.0
130518	8	26	25	0	0.0
130518	3	11	6	0	0.0
130518	5	52	3499	590	0.16861960560160047
130518	33	1	379	11	0.029023746701846966
130518	7	49	114	0	0.0
130518	1	13	47	0	0.0
130518	6	28	169	3	0.01775147928994083
130518	7	28	3	0	0.0
130518	43	5	8	4	0.5
130518	3	35	760	0	0.0
130518	16	8	135	0	0.0
130518	1	37	8180	7	0.0008557457212713936
130518	1	9	330	0	0.0
130518	37	3	640	3	0.0046875
130518	23	3	2170	0	0.0
130518	2	54	9	0	0.0
130518	6	50	840	1	0.0011904761904761906
130518	28	8	940	0	0.0
130518	6	17	140	0	0.0
130518	4	50	2	0	0.0
130518	14	8	45	0	0.0
130518	28	4	18	0	0.0
130518	21	3	1428	0	0.0
130518	45	7	1	0	0.0
130518	39	6	4	0	0.0
130518	9	3	6	0	0.0
130518	6	15	2427	2	0.0008240626287597857
130518	1	35	51	0	0.0
130518	6	52	3850	13	0.0033766233766233766
130518	11	6	6	0	0.0
130518	24	1	71	0	0.0
130518	5	49	2054	248	0.12074001947419669
130518	54	5	852	81	0.09507042253521127
130518	3	13	2	0	0.0
130518	25	1	1699	0	0.0
130518	31	1	658	3	0.004559270516717325
130518	40	5	2561	1	0.0003904724716907458
130518	15	8	58	0	0.0
130518	7	17	1	0	0.0
130518	19	1	8525	172	0.020175953079178886
130518	41	5	2	1	0.5
130518	5	28	32	0	0.0
130518	29	8	1136	0	0.0
130518	38	6	1177	1	0.0008496176720475786
130518	4	31	26	0	0.0
130518	5	15	587	19	0.03236797274275979
130518	20	3	2154	0	0.0
130518	8	24	6063	0	0.0
130518	2	37	556	0	0.0
130518	6	33	253	10	0.039525691699604744
130518	44	7	8	0	0.0
130518	8	19	1013	0	0.0
130518	1	11	197	0	0.0
130518	5	50	1369	299	0.21840759678597516
130518	39	4	424	0	0.0
130518	18	3	1	0	0.0
130518	1	15	1	0	0.0
130518	40	7	9	0	0.0
130518	8	20	3686	0	0.0
130518	11	4	11	0	0.0
130518	2	33	170	6	0.03529411764705882
130518	39	8	14	0	0.0
130518	24	3	90	0	0.0
130518	4	35	26	0	0.0
130518	6	37	15	1	0.06666666666666667
130518	11	8	3	0	0.0
130518	4	54	1	0	0.0
130518	20	1	494	0	0.0
130518	8	41	6	0	0.0
130518	25	3	122	0	0.0
130518	31	3	1123	5	0.004452359750667854
130518	45	5	11	6	0.5454545454545454
130518	21	1	5431	97	0.017860430859878474
130518	10	8	4	0	0.0
130518	1	28	1	0	0.0
130518	38	4	1	0	0.0
130518	2	50	26	1	0.038461538461538464
130518	43	7	2	0	0.0
130518	3	33	401	0	0.0
130518	27	3	161	0	0.0
130518	19	3	17894	141	0.007879736224432771
130518	4	13	20	0	0.0
130518	6	35	118	15	0.1271186440677966
130518	3	28	1	0	0.0
130518	8	22	2531	0	0.0
130518	23	1	302	1	0.0033112582781456954
130518	2	31	1	0	0.0
130518	4	43	12	0	0.0
130518	4	37	17	0	0.0
130518	22	1	485	0	0.0
130518	26	3	1	0	0.0
130518	22	4	2570	0	0.0
130518	27	6	14	1	0.07142857142857142
130518	36	8	25	0	0.0
130518	6	41	12	0	0.0
130518	8	9	3	0	0.0
130518	6	54	12571	55	0.004375149152812028
130518	2	45	2867	5	0.0017439832577607255
130518	43	2	751	1	0.0013315579227696406
130518	7	39	4	0	0.0
130518	26	6	31	0	0.0
130518	4	5	108	0	0.0
130518	2	24	178	6	0.033707865168539325
130518	23	4	4219	0	0.0
130518	6	7	276	4	0.014492753623188406
130518	37	8	12	0	0.0
130518	2	19	685	0	0.0
130518	2	3	146	2	0.0136986301369863
130518	42	2	1524	8	0.005249343832020997
130518	4	20	599	0	0.0
130518	6	20	1250	10	0.008
130518	2	1	3055	388	0.1270049099836334
130518	18	6	841	11	0.013079667063020214
130518	21	4	2053	0	0.0
130518	24	6	632	16	0.02531645569620253
130518	6	5	3241	1081	0.33353903116322126
130518	35	8	111	0	0.0
130518	6	22	9848	609	0.06183996750609261
130518	4	7	212	0	0.0
130518	25	6	2	0	0.0
130518	40	2	5	0	0.0
130518	34	8	167	0	0.0
130518	19	6	87	2	0.022988505747126436
130518	39	1	6035	0	0.0
130518	38	1	54	0	0.0
130518	5	7	1702	54	0.03172737955346651
130518	8	54	28	0	0.0
130518	4	41	397	0	0.0
130518	1	3	2686	40	0.014892032762472078
130518	8	50	11	0	0.0
130518	41	2	9871	39	0.00395096748049843
130518	6	43	62	0	0.0
130518	2	47	5185	9	0.0017357762777242044
130518	7	1	126	1	0.007936507936507936
130518	5	3	108	3	0.027777777777777776
130518	30	8	3262	0	0.0
130518	39	3	27	0	0.0
130518	18	4	1	0	0.0
130518	24	4	543	0	0.0
130518	4	45	3	0	0.0
130518	2	5	12	7	0.5833333333333334
130518	21	6	1046	87	0.08317399617590822
130518	44	2	279	1	0.0035842293906810036
130518	38	3	8	0	0.0
130518	4	3	1577	0	0.0
130518	25	4	229	0	0.0
130518	2	20	5	0	0.0
130518	6	1	5	0	0.0
130518	31	8	1	0	0.0
130518	8	33	799	0	0.0
130518	2	22	911	24	0.026344676180021953
130518	27	4	1043	0	0.0
130518	4	26	1	0	0.0
130518	4	19	6976	0	0.0
130518	4	1	385	2	0.005194805194805195
130518	46	2	170	0	0.0
130518	6	3	32	0	0.0
130518	3	7	245	0	0.0
130518	1	5	87	7	0.08045977011494253
130518	32	8	33	0	0.0
130518	2	7	13	0	0.0
130518	23	6	83	4	0.04819277108433735
130518	44	6	1	0	0.0
130518	4	6	113	5	0.04424778761061947
130518	4	47	8	0	0.0
130518	2	27	138	0	0.0
130518	5	38	2654	12	0.00452147701582517
130518	8	52	4	0	0.0
130518	4	40	7	0	0.0
130518	21	2	6739	274	0.04065885146164119
130518	6	40	1349	1	0.0007412898443291327
130518	23	2	461	18	0.039045553145336226
130518	38	7	1135	0	0.0
130518	42	4	66	0	0.0
130518	46	6	119	0	0.0
130518	2	18	1	0	0.0
130518	46	4	2	0	0.0
130518	2	6	39	5	0.1282051282051282
130518	2	25	481	0	0.0
130518	53	8	2	0	0.0
130518	8	51	8	0	0.0
130518	4	44	7	0	0.0
131722	3	36	60	0	0.0
131722	19	7	1041	0	0.0
131722	25	7	20	0	0.0
131722	4	29	1600	0	0.0
131722	1	34	217	8	0.03686635944700461
130518	4	2	926	50	0.05399568034557235
131722	31	7	88	0	0.0
131722	2	12	61	0	0.0
131722	6	16	1748	7	0.004004576659038902
131722	5	48	2150	45	0.020930232558139535
131722	6	53	12	0	0.0
131722	41	3	87	0	0.0
131722	4	14	5	0	0.0
131722	48	4	4	0	0.0
131722	2	8	12	3	0.25
131722	5	30	763	0	0.0
131722	20	5	6408	280	0.04369538077403246
131722	34	5	176	13	0.07386363636363637
131722	48	8	365	0	0.0
131722	14	2	21	0	0.0
131722	7	32	156	0	0.0
131722	15	2	31	31	1.0
131722	9	2	1876	1	0.0005330490405117271
131722	8	18	2	0	0.0
131722	35	5	33	0	0.0
131722	5	14	83	0	0.0
131722	21	5	57	0	0.0
131722	28	2	1	0	0.0
131722	6	32	23	0	0.0
131722	5	51	333	23	0.06906906906906907
131722	44	1	480	38	0.07916666666666666
131722	51	1	48	48	1.0
131722	49	8	21	0	0.0
131722	4	30	192	0	0.0
131722	7	16	11	0	0.0
131722	40	3	10	0	0.0
131722	2	36	29	2	0.06896551724137931
131722	45	1	4035	156	0.038661710037174724
131722	8	25	47	0	0.0
131722	18	7	15	0	0.0
131722	1	8	32	1	0.03125
131722	5	29	4	0	0.0
131722	3	8	45	0	0.0
131722	24	7	2533	0	0.0
131722	1	10	968	19	0.01962809917355372
131722	29	2	22668	1805	0.07962766896064938
131722	3	12	1	0	0.0
131722	30	7	456	1	0.0021929824561403508
131722	8	27	40	0	0.0
131722	1	12	3	0	0.0
131722	26	7	88	0	0.0
131722	42	3	28	0	0.0
131722	2	34	43	2	0.046511627906976744
131722	7	29	18	0	0.0
131722	5	16	316	0	0.0
131722	3	10	508	0	0.0
131722	4	32	1	0	0.0
131722	5	53	6	0	0.0
131722	7	14	6	0	0.0
131722	47	1	85	2	0.023529411764705882
131722	7	51	122	2	0.01639344262295082
131722	16	2	48	0	0.0
131722	37	5	1	0	0.0
131722	23	5	27	0	0.0
131722	6	14	3569	4	0.0011207621182404036
131722	36	5	12	0	0.0
131722	22	5	969	39	0.04024767801857585
131722	6	51	380	3	0.007894736842105263
131722	5	32	48	0	0.0
131722	6	48	17057	514	0.030134255730785015
131722	4	16	3	0	0.0
131722	1	36	38	1	0.02631578947368421
131722	6	30	26312	3136	0.11918516266342354
131722	46	1	93	1	0.010752688172043012
131722	6	29	1492	138	0.09249329758713137
131722	2	10	3334	5	0.0014997000599880025
131722	7	48	45	0	0.0
131722	4	8	47	0	0.0
131722	3	34	469	0	0.0
131722	4	12	5	0	0.0
131722	37	7	14	0	0.0
131722	27	7	18	0	0.0
131722	33	7	170	0	0.0
131722	7	34	329	0	0.0
131722	43	3	317	0	0.0
131722	3	48	2	0	0.0
131722	1	32	34	0	0.0
131722	23	7	132	0	0.0
131722	6	10	30	29	0.9666666666666667
131722	9	4	8	0	0.0
131722	3	30	37	0	0.0
131722	42	1	920	34	0.03695652173913044
131722	3	14	1	0	0.0
131722	13	2	32	0	0.0
131722	3	51	10	1	0.1
131722	2	51	65	62	0.9538461538461539
131722	8	23	432	0	0.0
131722	26	5	99	0	0.0
131722	43	1	1442	70	0.04854368932038835
131722	33	5	62	1	0.016129032258064516
131722	52	3	1	0	0.0
131722	22	7	1175	2	0.001702127659574468
131722	46	3	39	0	0.0
131722	2	48	1	0	0.0
131722	2	30	243	5	0.0205761316872428
131722	6	34	218	18	0.08256880733944955
131722	3	29	137	0	0.0
131722	4	36	27	0	0.0
131722	7	10	6	0	0.0
131722	36	7	1207	0	0.0
131722	5	8	127	10	0.07874015748031496
131722	8	6	546	40	0.07326007326007326
131722	4	34	529	0	0.0
131722	5	12	1	1	1.0
131722	1	29	560	0	0.0
131722	7	8	1777	1	0.0005627462014631402
131722	5	10	11	10	0.9090909090909091
131722	20	7	4577	2	0.00043696744592527855
131722	41	1	889	16	0.01799775028121485
131722	8	21	1373	0	0.0
131722	3	16	1	0	0.0
131722	50	3	10	0	0.0
131722	6	36	43	8	0.18604651162790697
131722	19	5	56	0	0.0
131722	44	3	266	0	0.0
131722	2	32	1	0	0.0
131722	38	2	1	0	0.0
131722	11	2	904	0	0.0
131722	31	5	5	0	0.0
131722	24	5	273	10	0.03663003663003663
131722	3	32	35	0	0.0
131722	35	7	90	0	0.0
131722	8	40	204	0	0.0
131722	45	3	499	0	0.0
131722	18	5	335	1	0.0029850746268656717
131722	39	2	3766	3	0.0007966011683483802
131722	1	30	3	0	0.0
131722	49	6	1637	10	0.006108735491753207
131722	4	10	659	0	0.0
131722	8	38	30	0	0.0
131722	4	33	127	0	0.0
131722	21	7	308	0	0.0
131722	9	6	5	1	0.2
131722	6	31	6	1	0.16666666666666666
131722	7	15	215	0	0.0
131722	22	3	670	0	0.0
131722	33	1	128	8	0.0625
131722	17	8	3	0	0.0
131722	27	1	44	1	0.022727272727272728
131722	2	35	25	3	0.12
131722	52	7	55	0	0.0
131722	7	28	226	0	0.0
131722	1	9	52	0	0.0
131722	43	5	1	1	1.0
131722	7	50	48	0	0.0
131722	5	17	13	0	0.0
131722	6	28	408	12	0.029411764705882353
131722	3	11	10	0	0.0
131722	8	26	44	0	0.0
131722	1	13	15	0	0.0
131722	5	52	3201	103	0.03217744454857857
131722	7	49	3	0	0.0
131722	1	37	3818	4	0.0010476689366160294
131722	37	3	160	0	0.0
131722	16	8	11	0	0.0
131722	21	3	684	0	0.0
131722	23	3	1356	0	0.0
131722	28	4	17	0	0.0
131722	3	35	487	0	0.0
131722	6	17	122	0	0.0
131722	6	50	1417	7	0.004940014114326041
131722	4	15	6	0	0.0
131722	6	15	2373	11	0.004635482511588706
131722	28	8	520	0	0.0
131722	6	52	2183	3	0.001374255611543747
131722	14	8	4	0	0.0
131722	9	3	3	0	0.0
131722	11	6	7	0	0.0
131722	39	6	8	0	0.0
131722	40	5	1361	3	0.002204261572373255
131722	24	1	89	5	0.056179775280898875
131722	5	49	681	37	0.05433186490455213
131722	1	35	18	0	0.0
131722	54	5	126	4	0.031746031746031744
131722	29	8	102	0	0.0
131722	19	1	5954	252	0.0423244877393349
131722	1	11	74	0	0.0
131722	2	37	299	0	0.0
131722	5	28	50	1	0.02
131722	38	6	1152	39	0.033854166666666664
131722	4	31	2	0	0.0
131722	25	1	192	5	0.026041666666666668
131722	31	1	232	0	0.0
131722	8	24	3708	0	0.0
131722	20	3	1042	0	0.0
131722	44	7	16	0	0.0
131722	6	33	424	28	0.0660377358490566
131722	15	8	60	0	0.0
131722	3	13	5	0	0.0
131722	8	19	919	0	0.0
131722	8	20	2030	1	0.0004926108374384236
131722	5	15	1190	19	0.015966386554621848
131722	1	15	18	13	0.7222222222222222
131722	21	1	1696	74	0.04363207547169811
131722	39	4	443	0	0.0
131722	11	4	17	0	0.0
131722	1	28	4	0	0.0
131722	2	33	132	13	0.09848484848484848
131722	39	8	38	0	0.0
131722	40	7	60	0	0.0
131722	11	8	1	0	0.0
131722	5	50	1634	91	0.05569155446756426
131722	4	35	16	0	0.0
131722	24	3	231	0	0.0
131722	44	5	164	160	0.975609756097561
131722	20	1	110	2	0.01818181818181818
131722	10	8	7	0	0.0
131722	31	3	1778	0	0.0
131722	25	3	576	0	0.0
131722	38	4	2	0	0.0
131722	3	33	1177	0	0.0
131722	22	1	181	3	0.016574585635359115
131722	27	3	153	0	0.0
131722	43	7	53	0	0.0
131722	6	54	4163	3	0.000720634158059092
131722	23	1	565	92	0.16283185840707964
131722	6	35	114	17	0.14912280701754385
131722	4	37	52	0	0.0
131722	3	28	22	0	0.0
131722	4	13	2	0	0.0
131722	3	15	9	0	0.0
131722	26	3	14	0	0.0
131722	8	22	1743	1	0.0005737234652897303
131722	43	2	1146	3	0.002617801047120419
131722	22	4	788	0	0.0
131722	27	6	7	0	0.0
131722	4	43	56	0	0.0
131722	6	7	554	50	0.09025270758122744
131722	2	31	1	0	0.0
131722	36	8	36	0	0.0
131722	42	2	1448	2	0.0013812154696132596
131722	2	45	2883	10	0.00346860908775581
131722	19	3	14757	4	0.00027105780307650607
131722	6	41	1	0	0.0
131722	26	6	67	5	0.07462686567164178
131722	7	39	18	0	0.0
131722	35	8	43	0	0.0
131722	4	5	1	0	0.0
131722	4	20	385	0	0.0
131722	5	39	1	0	0.0
131722	2	3	465	8	0.017204301075268817
131722	23	4	3600	0	0.0
131722	2	24	58	2	0.034482758620689655
131722	6	20	2832	115	0.04060734463276836
131722	2	1	2065	252	0.12203389830508475
131722	21	4	4564	0	0.0
131722	6	22	11086	1544	0.13927476095976907
131722	39	1	2445	11	0.004498977505112475
131722	18	6	1828	21	0.011487964989059081
131722	6	5	1570	339	0.2159235668789809
131722	24	6	2158	208	0.0963855421686747
131722	2	19	1449	19	0.013112491373360938
131722	38	1	31	3	0.0967741935483871
131722	4	7	31	0	0.0
131722	5	7	866	20	0.023094688221709007
131722	25	6	19	1	0.05263157894736842
131722	34	8	150	0	0.0
131722	5	3	29	0	0.0
131722	8	50	1	0	0.0
131722	24	4	413	0	0.0
131722	7	1	33	0	0.0
131722	39	3	225	0	0.0
131722	19	6	402	27	0.06716417910447761
131722	1	3	1015	93	0.0916256157635468
131722	2	47	4477	2	0.00044672771945499217
131722	4	41	1093	0	0.0
131722	18	4	1	0	0.0
131722	30	8	824	0	0.0
131722	41	2	12640	13	0.001028481012658228
131722	4	45	124	0	0.0
131722	2	5	29	27	0.9310344827586207
131722	21	6	2974	118	0.03967720242098184
131722	38	3	10	0	0.0
131722	44	2	462	1	0.0021645021645021645
131722	25	4	933	0	0.0
131722	4	3	1099	0	0.0
131722	4	1	266	3	0.011278195488721804
131722	2	22	234	8	0.03418803418803419
131722	6	3	24	3	0.125
131722	4	19	5835	0	0.0
131722	2	20	6	1	0.16666666666666666
131722	4	26	5	0	0.0
131722	27	4	608	0	0.0
131722	6	1	66	58	0.8787878787878788
131722	8	33	214	0	0.0
131722	32	8	31	0	0.0
131722	3	7	52	0	0.0
131722	1	5	33	32	0.9696969696969697
131722	4	47	47	0	0.0
131722	23	6	515	32	0.062135922330097085
131722	2	7	8	1	0.125
131722	46	2	166	1	0.006024096385542169
131722	8	52	13	0	0.0
131722	44	6	72	71	0.9861111111111112
131722	38	7	278	1	0.0035971223021582736
131722	2	27	581	8	0.013769363166953529
131722	4	6	68	8	0.11764705882352941
131722	5	38	2715	14	0.005156537753222836
131722	6	40	1235	9	0.0072874493927125505
131722	42	4	49	0	0.0
131722	4	40	7	0	0.0
131722	23	2	1000	68	0.068
131722	2	6	171	106	0.6198830409356725
131722	8	51	7	0	0.0
132118	2	8	27	1	0.037037037037037035
131722	46	4	18	0	0.0
131722	21	2	14437	827	0.057283369121008516
131722	4	44	51	0	0.0
131722	2	25	252	3	0.011904761904761904
131722	4	2	967	22	0.022750775594622543
131722	53	8	1	0	0.0
131722	46	6	1	0	0.0
132118	2	12	325	0	0.0
131722	2	18	7	0	0.0
132118	1	34	115	1	0.008695652173913044
132118	4	29	4475	0	0.0
132118	25	7	9	0	0.0
132118	31	7	215	0	0.0
132118	50	1	2	0	0.0
132118	4	14	6	0	0.0
132118	3	36	8	0	0.0
132118	19	7	472	0	0.0
132118	6	53	358	2	0.00558659217877095
132118	44	1	73	10	0.136986301369863
132118	48	8	154	0	0.0
132118	20	5	4917	126	0.025625381330079317
132118	5	48	1363	90	0.06603081438004402
132118	7	32	30	0	0.0
132118	41	3	44	0	0.0
132118	5	30	2448	2	0.0008169934640522876
132118	6	16	2952	79	0.02676151761517615
132118	48	4	3	0	0.0
132118	9	2	3908	0	0.0
132118	6	32	5	0	0.0
132118	28	2	26	0	0.0
132118	29	2	11124	1574	0.14149586479683568
132118	35	5	10	0	0.0
132118	14	2	68	0	0.0
132118	34	5	37	3	0.08108108108108109
132118	15	2	15	11	0.7333333333333333
132118	7	53	9	0	0.0
132118	8	18	19	0	0.0
132118	4	30	313	0	0.0
132118	5	14	356	2	0.0056179775280898875
132118	21	5	201	0	0.0
132118	5	51	199	46	0.23115577889447236
132118	49	8	14	0	0.0
132118	51	1	61	60	0.9836065573770492
132118	45	1	2341	190	0.08116189662537378
132118	40	3	2	0	0.0
132118	7	16	32	0	0.0
132118	18	7	15	0	0.0
132118	1	10	1661	33	0.019867549668874173
132118	5	29	23	0	0.0
132118	8	25	20	0	0.0
132118	1	8	9	0	0.0
132118	24	7	110	0	0.0
132118	2	36	22	1	0.045454545454545456
132118	3	12	4	0	0.0
132118	1	12	82	1	0.012195121951219513
132118	8	27	23	0	0.0
132118	30	7	335	0	0.0
132118	26	7	201	0	0.0
132118	3	8	20	0	0.0
132118	2	34	66	1	0.015151515151515152
132118	7	29	147	0	0.0
132118	3	10	53	0	0.0
132118	5	53	20	1	0.05
132118	37	5	2	2	1.0
132118	5	16	1335	0	0.0
132118	47	1	893	77	0.08622620380739082
132118	42	3	1	0	0.0
132118	6	48	6363	159	0.02498821310702499
132118	7	14	17	0	0.0
132118	23	5	25	0	0.0
132118	6	30	19360	4623	0.2387913223140496
132118	16	2	241	2	0.008298755186721992
132118	36	5	3	0	0.0
132118	7	51	48	4	0.08333333333333333
132118	22	5	2706	43	0.015890613451589063
132118	43	3	18	0	0.0
132118	7	48	27	1	0.037037037037037035
132118	6	14	3137	4	0.001275103602167676
132118	46	1	38	3	0.07894736842105263
132118	5	32	10	0	0.0
132118	33	7	147	0	0.0
132118	6	51	250	3	0.012
132118	4	16	24	0	0.0
132118	52	1	2	2	1.0
132118	1	36	15	0	0.0
132118	27	7	4	0	0.0
132118	4	8	46	0	0.0
132118	2	10	4850	3	0.0006185567010309278
132118	6	29	1937	178	0.09189468249870934
132118	23	7	40	0	0.0
132118	4	12	11	0	0.0
132118	42	1	134	9	0.06716417910447761
132118	3	34	188	0	0.0
132118	26	5	2395	76	0.031732776617954074
132118	9	4	39	0	0.0
132118	7	34	39	0	0.0
132118	13	2	245	6	0.024489795918367346
132118	6	10	23	16	0.6956521739130435
132118	37	7	1	0	0.0
132118	2	51	20	16	0.8
132118	3	30	34	0	0.0
132118	3	14	1	0	0.0
132118	33	5	51	0	0.0
132118	43	1	314	35	0.11146496815286625
132118	46	3	8	0	0.0
132118	36	7	231	0	0.0
132118	2	48	8	0	0.0
132118	2	30	470	11	0.023404255319148935
132118	8	23	213	0	0.0
132118	52	3	3	0	0.0
132118	6	34	84	21	0.25
132118	3	29	222	0	0.0
132118	22	7	223	9	0.04035874439461883
132118	4	34	435	0	0.0
132118	7	8	1800	0	0.0
132118	4	36	36	0	0.0
132118	7	10	4	0	0.0
132118	5	8	209	44	0.21052631578947367
132118	3	51	12	0	0.0
132118	1	29	2121	0	0.0
132118	20	7	796	1	0.001256281407035176
132118	8	6	1046	257	0.245697896749522
132118	18	5	209	4	0.019138755980861243
132118	8	21	1229	0	0.0
132118	41	1	2081	32	0.015377222489187891
132118	6	36	27	0	0.0
132118	24	5	15	0	0.0
132118	3	16	3	0	0.0
132118	50	3	5	0	0.0
132118	19	5	21	0	0.0
132118	11	2	2305	1	0.0004338394793926247
132118	5	10	8	8	1.0
132118	39	2	4648	3	0.0006454388984509467
132118	44	3	1	0	0.0
132118	3	32	7	0	0.0
132118	35	7	23	0	0.0
132118	40	1	2	0	0.0
132118	9	6	104	3	0.028846153846153848
132118	4	10	67	0	0.0
132118	21	7	166	0	0.0
132118	45	3	28	0	0.0
132118	49	6	817	11	0.01346389228886169
132118	8	40	250	0	0.0
132118	4	33	107	0	0.0
132118	7	50	14	2	0.14285714285714285
132118	1	30	8	0	0.0
132118	8	38	89	7	0.07865168539325842
132118	3	11	38	0	0.0
132118	2	53	3	0	0.0
132118	22	3	415	0	0.0
132118	7	15	35	3	0.08571428571428572
132118	27	1	446	1	0.002242152466367713
132118	52	7	79	16	0.20253164556962025
132118	5	17	33	1	0.030303030303030304
132118	6	31	2	0	0.0
132118	5	52	1506	178	0.11819389110225764
132118	1	9	382	1	0.002617801047120419
132118	8	26	234	0	0.0
132118	33	1	298	2	0.006711409395973154
132118	17	8	3	0	0.0
132118	7	28	91	0	0.0
132118	43	5	1	0	0.0
132118	2	35	5	0	0.0
132118	6	28	143	32	0.22377622377622378
132118	16	8	47	0	0.0
132118	1	13	531	0	0.0
132118	3	35	381	0	0.0
132118	7	49	2	2	1.0
132118	13	6	2	0	0.0
132118	37	3	229	6	0.026200873362445413
132118	26	1	1	0	0.0
132118	23	3	95	0	0.0
132118	1	37	18675	23	0.0012315930388219546
132118	6	17	224	2	0.008928571428571428
132118	6	50	1350	3	0.0022222222222222222
132118	21	3	88	0	0.0
132118	6	52	1971	2	0.0010147133434804667
132118	28	4	120	0	0.0
132118	9	3	13	0	0.0
132118	14	8	15	0	0.0
132118	6	15	4489	6	0.0013366005791935842
132118	28	8	1093	0	0.0
132118	1	35	11	0	0.0
132118	24	1	9	0	0.0
132118	54	5	512	74	0.14453125
132118	11	6	160	6	0.0375
132118	5	49	503	104	0.20675944333996024
132118	40	5	2274	16	0.007036059806508356
132118	39	6	5	0	0.0
132118	5	28	158	2	0.012658227848101266
132118	3	13	15	0	0.0
132118	1	11	998	0	0.0
132118	8	24	650	0	0.0
132118	29	8	659	0	0.0
132118	19	1	6460	69	0.010681114551083592
132118	15	8	66	0	0.0
132118	8	19	88	0	0.0
132118	31	1	64	0	0.0
132118	20	3	808	0	0.0
132118	38	6	2475	46	0.018585858585858588
132118	25	1	538	2	0.0037174721189591076
132118	2	37	3808	43	0.011292016806722689
132118	44	7	1	0	0.0
132118	6	33	109	20	0.1834862385321101
132118	1	15	7	7	1.0
132118	5	50	917	160	0.17448200654307525
132118	7	17	6	0	0.0
132118	39	4	393	0	0.0
132118	24	3	29	0	0.0
132118	5	15	675	23	0.034074074074074076
132118	40	7	8	0	0.0
132118	6	37	2	2	1.0
132118	39	8	9	0	0.0
132118	18	3	2	0	0.0
132118	5	11	1	0	0.0
132118	2	33	360	42	0.11666666666666667
132118	11	4	152	0	0.0
132118	8	20	777	0	0.0
132118	4	35	5	0	0.0
132118	7	13	1	0	0.0
132118	1	49	1	1	1.0
132118	7	9	2	0	0.0
132118	21	1	2628	17	0.006468797564687975
132118	38	4	1	0	0.0
132118	1	28	10	0	0.0
132118	11	8	10	0	0.0
132118	45	5	4	4	1.0
132118	2	52	3	1	0.3333333333333333
132118	44	5	29	29	1.0
132118	20	1	27	0	0.0
132118	6	54	7190	18	0.0025034770514603616
132118	27	3	6	0	0.0
132118	3	33	57	0	0.0
132118	31	3	266	0	0.0
132118	41	7	1	0	0.0
132118	25	3	82	0	0.0
132118	43	7	7	0	0.0
132118	2	50	10	0	0.0
132118	8	41	6	0	0.0
132118	19	3	3403	20	0.0058771672054069935
132118	4	13	71	0	0.0
132118	22	1	188	0	0.0
132118	6	35	29	3	0.10344827586206896
132118	36	8	6	0	0.0
132118	23	1	15	0	0.0
132118	8	22	1075	1	0.0009302325581395349
132118	4	37	224	0	0.0
132118	3	28	41	0	0.0
132118	4	43	28	0	0.0
132118	3	15	1	0	0.0
132118	6	41	32	0	0.0
132118	26	3	14	0	0.0
132118	22	4	1444	0	0.0
132118	2	31	12	0	0.0
132118	7	11	1	0	0.0
132118	27	6	19	1	0.05263157894736842
132118	8	9	3	0	0.0
132118	37	8	3	0	0.0
132118	2	45	2189	4	0.001827318410232983
132118	26	6	1392	131	0.09410919540229885
132118	2	24	22	0	0.0
132118	7	39	5	0	0.0
132118	43	2	427	0	0.0
132118	42	2	166	2	0.012048192771084338
132118	2	19	1590	54	0.033962264150943396
132118	6	7	438	61	0.13926940639269406
132118	6	20	1620	59	0.03641975308641975
132118	4	5	12	0	0.0
132118	23	4	1745	0	0.0
132118	2	1	3781	345	0.09124570219518646
132118	4	20	222	0	0.0
132118	2	3	162	2	0.012345679012345678
132118	21	4	943	1	0.0010604453870625664
132118	6	22	8351	1960	0.2347024308466052
132118	5	39	1	0	0.0
132118	35	8	13	0	0.0
132118	4	7	27	0	0.0
132118	18	6	469	18	0.03837953091684435
132118	2	26	4	0	0.0
132118	24	6	218	31	0.14220183486238533
132118	40	2	2	0	0.0
132118	6	5	3651	797	0.21829635716242127
132118	39	1	4610	1	0.00021691973969631235
132118	25	6	13	0	0.0
132118	5	7	720	90	0.125
132118	34	8	22	0	0.0
132118	38	1	4	4	1.0
132118	19	6	45	6	0.13333333333333333
132118	1	3	1726	27	0.015643105446118192
132118	8	54	7	0	0.0
132118	4	41	502	0	0.0
132118	6	43	39	0	0.0
132118	41	2	7255	47	0.00647829083390765
132118	24	4	103	0	0.0
132118	7	1	16	0	0.0
132118	8	50	27	0	0.0
132118	39	3	56	0	0.0
132118	5	3	1	0	0.0
132118	4	45	21	0	0.0
132118	44	2	129	1	0.007751937984496124
132118	30	8	3898	1	0.0002565418163160595
132118	21	6	2124	277	0.13041431261770245
132118	2	47	9690	11	0.0011351909184726522
132118	2	5	67	66	0.9850746268656716
132118	25	4	398	0	0.0
132118	2	20	1	0	0.0
132118	38	3	49	0	0.0
132118	2	22	262	12	0.04580152671755725
132118	4	19	3483	0	0.0
132118	6	1	44	39	0.8863636363636364
132118	4	3	1391	0	0.0
132118	4	1	388	4	0.010309278350515464
132118	8	33	163	0	0.0
132118	27	4	939	0	0.0
132118	6	3	20	3	0.15
132118	3	7	175	0	0.0
132118	2	27	564	7	0.012411347517730497
132118	46	2	56	0	0.0
132118	4	47	111	0	0.0
132118	4	6	60	2	0.03333333333333333
132118	23	6	302	48	0.15894039735099338
132118	2	7	9	2	0.2222222222222222
132118	4	40	21	0	0.0
132118	1	5	45	39	0.8666666666666667
132118	8	52	33	0	0.0
132118	38	7	363	1	0.0027548209366391185
132118	21	2	6203	655	0.10559406738674834
132118	4	26	31	0	0.0
132118	5	38	4232	38	0.008979206049149339
132118	44	6	4	3	0.75
132118	6	40	1368	47	0.03435672514619883
132118	2	25	257	9	0.03501945525291829
132118	23	2	100	1	0.01
132118	46	6	64	0	0.0
132118	42	4	18	0	0.0
132118	2	18	2	0	0.0
132118	53	8	4	1	0.25
132118	2	6	338	58	0.17159763313609466
132118	4	2	444	19	0.04279279279279279
132118	8	51	21	0	0.0
134627	2	8	32	1	0.03125
132118	4	44	3	0	0.0
134627	4	29	1506	0	0.0
132118	46	4	2	0	0.0
134627	1	34	168	0	0.0
134627	25	7	5	0	0.0
134627	31	7	111	0	0.0
134627	19	7	1355	0	0.0
134627	2	12	33	1	0.030303030303030304
134627	3	36	134	0	0.0
134627	6	16	2172	43	0.01979742173112339
134627	4	14	1	0	0.0
134627	44	1	39	0	0.0
134627	41	3	69	0	0.0
134627	6	53	25	1	0.04
134627	5	48	3152	88	0.027918781725888325
134627	9	2	3402	30	0.008818342151675485
134627	7	32	189	0	0.0
134627	48	8	165	0	0.0
134627	35	5	198	1	0.005050505050505051
134627	5	30	2262	26	0.011494252873563218
134627	28	2	9	0	0.0
134627	21	5	135	0	0.0
134627	34	5	381	3	0.007874015748031496
134627	6	32	36	0	0.0
134627	5	14	224	0	0.0
134627	49	8	24	0	0.0
134627	5	51	128	2	0.015625
134627	8	18	8	0	0.0
134627	29	2	17181	2337	0.1360223502706478
134627	20	5	20574	33	0.0016039661708953047
134627	4	30	897	0	0.0
134627	7	53	4	0	0.0
134627	45	1	3397	3	0.0008831321754489255
134627	7	16	30	0	0.0
134627	1	10	457	0	0.0
134627	40	3	8	0	0.0
134627	18	7	5	0	0.0
134627	8	25	4	0	0.0
134627	30	7	382	2	0.005235602094240838
134627	24	7	1744	2	0.0011467889908256881
134627	5	29	25	0	0.0
134627	2	36	68	4	0.058823529411764705
134627	1	8	11	0	0.0
134627	7	29	54	0	0.0
134627	26	7	68	0	0.0
134627	3	12	4	0	0.0
134627	8	27	55	0	0.0
134627	3	8	30	0	0.0
134627	1	12	15	0	0.0
134627	2	34	65	1	0.015384615384615385
134627	42	3	43	0	0.0
134627	3	10	43	0	0.0
134627	5	53	11	0	0.0
134627	5	16	914	2	0.002188183807439825
134627	4	32	1	0	0.0
134627	7	14	11	0	0.0
134627	37	5	2	0	0.0
134627	23	5	24	0	0.0
134627	6	48	8063	570	0.07069329033858365
134627	7	51	70	0	0.0
134627	47	1	678	7	0.01032448377581121
134627	6	14	2008	4	0.00199203187250996
134627	6	51	566	28	0.04946996466431095
134627	22	5	4283	25	0.0058370301190754145
134627	5	32	292	1	0.003424657534246575
134627	16	2	11	0	0.0
134627	36	5	131	0	0.0
134627	46	1	69	0	0.0
134627	4	16	16	0	0.0
134627	1	36	100	1	0.01
134627	2	10	3048	13	0.00426509186351706
134627	6	30	26218	4111	0.15680067129453049
134627	7	34	360	1	0.002777777777777778
134627	27	7	9	0	0.0
134627	3	34	299	0	0.0
134627	43	3	106	0	0.0
134627	37	7	37	0	0.0
134627	23	7	159	0	0.0
134627	33	7	465	0	0.0
134627	9	4	4	0	0.0
134627	7	48	15	0	0.0
134627	4	8	115	0	0.0
134627	6	29	2667	482	0.18072740907386578
134627	1	32	8	0	0.0
134627	33	5	275	0	0.0
134627	8	23	428	0	0.0
134627	26	5	1385	3	0.0021660649819494585
134627	22	7	1545	16	0.010355987055016181
134627	46	3	34	0	0.0
134627	7	10	1	0	0.0
134627	4	36	90	0	0.0
134627	3	29	178	0	0.0
134627	6	34	233	9	0.03862660944206009
134627	13	2	12	0	0.0
134627	2	30	1175	71	0.06042553191489362
134627	42	1	849	2	0.002355712603062426
134627	3	30	14	0	0.0
134627	36	7	1355	0	0.0
134627	43	1	1212	4	0.0033003300330033004
134627	7	8	2674	1	0.00037397157816005983
134627	5	8	223	2	0.008968609865470852
134627	6	36	40	0	0.0
134627	8	21	1662	0	0.0
134627	2	32	6	0	0.0
134627	8	6	650	88	0.13538461538461538
134627	19	5	429	0	0.0
134627	4	34	275	0	0.0
134627	44	3	2	0	0.0
134627	1	29	1004	0	0.0
134627	20	7	10479	0	0.0
134627	41	1	3222	12	0.0037243947858473
134627	31	5	18	0	0.0
134627	38	2	6	1	0.16666666666666666
134627	11	2	1218	72	0.059113300492610835
134627	40	1	2	0	0.0
134627	3	16	1	0	0.0
134627	18	5	276	1	0.0036231884057971015
134627	1	30	15	0	0.0
134627	8	40	202	0	0.0
134627	8	38	65	1	0.015384615384615385
134627	24	5	674	4	0.005934718100890208
134627	7	50	11	0	0.0
134627	35	7	249	0	0.0
134627	49	6	594	20	0.03367003367003367
134627	4	10	9	0	0.0
134627	4	33	222	0	0.0
134627	45	3	25	0	0.0
134627	2	53	4	0	0.0
134627	3	32	82	0	0.0
134627	39	2	5118	15	0.0029308323563892145
134627	7	15	100	0	0.0
134627	21	7	891	0	0.0
134627	52	7	76	0	0.0
134627	6	31	7	0	0.0
134627	3	11	22	0	0.0
134627	5	52	2778	22	0.007919366450683946
134627	22	3	642	0	0.0
134627	5	17	4	0	0.0
134627	1	13	3	0	0.0
134627	8	26	193	0	0.0
134627	7	49	5	0	0.0
134627	16	8	14	0	0.0
134627	6	28	692	23	0.033236994219653176
134627	7	28	103	0	0.0
134627	2	35	51	1	0.0196078431372549
134627	33	1	727	3	0.0041265474552957355
134627	3	35	888	0	0.0
134627	27	1	273	0	0.0
134627	1	9	187	1	0.0053475935828877
134627	1	37	7958	4	0.0005026388539834129
134627	28	8	843	0	0.0
134627	6	50	1027	25	0.024342745861733205
134627	6	52	3044	20	0.006570302233902759
134627	2	54	7	1	0.14285714285714285
134627	14	8	3	0	0.0
134627	23	3	848	0	0.0
134627	5	49	323	8	0.02476780185758514
134627	37	3	694	0	0.0
134627	21	3	2666	0	0.0
134627	1	35	135	0	0.0
134627	6	15	1954	5	0.00255885363357216
134627	6	17	21	0	0.0
134627	9	3	20	0	0.0
134627	24	1	56	0	0.0
134627	28	4	91	0	0.0
134627	39	6	7	0	0.0
134627	15	8	12	0	0.0
134627	1	11	154	1	0.006493506493506494
134627	2	37	2081	36	0.017299375300336376
134627	29	8	925	0	0.0
134627	20	3	1008	0	0.0
134627	5	28	281	1	0.0035587188612099642
134627	38	6	2890	132	0.045674740484429065
134627	4	31	1	0	0.0
134627	25	1	2062	2	0.0009699321047526673
134627	8	19	122	0	0.0
134627	7	17	1	0	0.0
134627	31	1	2677	0	0.0
134627	19	1	19262	43	0.002232374623611255
134627	8	24	3552	0	0.0
134627	40	5	2262	0	0.0
134627	54	5	444	72	0.16216216216216217
134627	11	4	3	0	0.0
134627	2	33	404	10	0.024752475247524754
134627	40	7	61	0	0.0
134627	5	15	461	2	0.004338394793926247
134627	6	33	196	17	0.08673469387755102
134627	5	50	895	44	0.049162011173184354
134627	24	3	193	0	0.0
134627	39	4	225	0	0.0
134627	6	37	2	0	0.0
134627	25	3	569	0	0.0
134627	4	35	56	0	0.0
134627	11	8	4	0	0.0
134627	1	28	1	0	0.0
134627	31	3	616	0	0.0
134627	10	8	2	0	0.0
134627	39	8	20	0	0.0
134627	8	41	3	0	0.0
134627	20	1	228	0	0.0
134627	21	1	4947	62	0.012532848190822721
134627	8	20	3063	0	0.0
134627	3	33	394	0	0.0
134627	8	43	2	0	0.0
134627	2	50	1	0	0.0
134627	19	3	9786	0	0.0
134627	23	1	994	7	0.007042253521126761
134627	3	28	10	0	0.0
134627	27	3	378	0	0.0
134627	4	37	243	3	0.012345679012345678
134627	6	35	136	10	0.07352941176470588
134627	4	43	19	0	0.0
134627	8	22	3278	3	0.0009151921903599756
134627	22	1	189	1	0.005291005291005291
134627	2	31	110	0	0.0
134627	36	8	59	0	0.0
134627	26	3	7	0	0.0
134627	3	15	1	0	0.0
134627	22	4	2603	0	0.0
134627	27	6	17	0	0.0
134627	2	45	2507	16	0.006382130035899481
134627	4	5	13	0	0.0
134627	2	1	3014	232	0.07697412076974121
134627	6	54	15155	451	0.029759155394259322
134627	6	7	240	7	0.029166666666666667
134627	2	3	233	4	0.017167381974248927
134627	7	39	7	0	0.0
134627	42	2	1093	10	0.009149130832570906
134627	26	6	1077	2	0.0018570102135561746
134627	43	2	647	18	0.027820710973724884
134627	4	20	196	0	0.0
134627	2	24	263	12	0.045627376425855515
134627	23	4	2405	0	0.0
134627	6	20	7351	11	0.0014963950482927493
134627	6	22	9268	1327	0.14318083728959863
134627	2	19	5310	9	0.001694915254237288
134627	18	6	366	11	0.030054644808743168
134627	2	26	2	0	0.0
134627	5	39	1	0	0.0
134627	39	1	4806	0	0.0
134627	21	4	4209	0	0.0
134627	4	7	32	0	0.0
134627	40	2	4	0	0.0
134627	6	5	3605	586	0.16255201109570042
134627	34	8	181	0	0.0
134627	35	8	80	0	0.0
134627	24	6	1609	237	0.14729645742697328
134627	25	6	1	0	0.0
134627	5	7	2108	1	0.0004743833017077799
134627	8	54	6	0	0.0
134627	19	6	13	0	0.0
134627	41	2	8491	1435	0.169002473206925
134627	4	41	301	0	0.0
134627	1	3	2361	8	0.0033883947479881405
134627	8	50	10	0	0.0
134627	7	1	29	1	0.034482758620689655
134627	39	3	327	0	0.0
134627	5	3	17	0	0.0
134627	44	2	109	7	0.06422018348623854
134627	24	4	932	0	0.0
134627	30	8	2435	2	0.0008213552361396304
134627	38	3	6	0	0.0
134627	2	5	3	0	0.0
134627	2	47	7856	143	0.01820264765784114
134627	4	45	4	0	0.0
134627	25	4	316	0	0.0
134627	21	6	2672	183	0.06848802395209581
134627	2	22	1166	26	0.022298456260720412
134627	4	3	2317	0	0.0
134627	4	19	4065	0	0.0
134627	6	1	10	0	0.0
134627	4	1	131	1	0.007633587786259542
134627	6	3	19	1	0.05263157894736842
134627	46	2	118	21	0.17796610169491525
134627	27	4	464	0	0.0
134627	3	7	177	0	0.0
134627	8	33	293	0	0.0
134627	2	20	51	1	0.0196078431372549
134627	2	7	10	2	0.2
134627	32	8	3	0	0.0
134627	4	26	9	0	0.0
134627	1	5	8	0	0.0
134627	8	52	10	0	0.0
134627	42	4	12	0	0.0
134627	4	47	30	0	0.0
134627	38	7	274	0	0.0
134627	2	27	1273	21	0.016496465043205028
134627	4	6	85	13	0.15294117647058825
134627	23	6	339	28	0.08259587020648967
134627	5	38	4218	11	0.0026078710289236607
134627	2	25	809	5	0.006180469715698393
134627	6	40	2268	2	0.0008818342151675485
134627	4	40	32	0	0.0
134627	21	2	10446	697	0.06672410492054374
134627	23	2	2008	99	0.04930278884462151
134627	53	8	1	0	0.0
134627	46	4	4	0	0.0
134627	4	2	466	41	0.08798283261802575
134829	31	7	22	0	0.0
134829	6	53	113	1	0.008849557522123894
134829	1	34	149	6	0.040268456375838924
134829	2	8	37	4	0.10810810810810811
134627	4	44	2	0	0.0
134627	2	6	57	18	0.3157894736842105
134829	2	12	75	1	0.013333333333333334
134829	41	3	26	0	0.0
134829	25	7	59	0	0.0
134829	4	29	2168	0	0.0
134829	3	36	198	0	0.0
134829	19	7	1147	0	0.0
134829	5	48	2734	155	0.05669348939283102
134829	5	30	1611	2	0.0012414649286157666
134829	48	8	350	0	0.0
134829	6	16	4694	159	0.03387302939923306
134829	35	5	173	5	0.028901734104046242
134829	44	1	341	2	0.005865102639296188
134829	6	32	29	0	0.0
134829	28	2	27	0	0.0
134829	34	5	115	2	0.017391304347826087
134829	21	5	543	15	0.027624309392265192
134829	7	32	660	0	0.0
134829	15	2	29	29	1.0
134829	9	2	2484	6	0.0024154589371980675
134829	14	2	2	2	1.0
134829	5	14	330	3	0.00909090909090909
134829	5	51	361	63	0.1745152354570637
134829	29	2	18280	2125	0.1162472647702407
134829	7	53	3	0	0.0
134829	7	16	135	0	0.0
134829	4	30	138	0	0.0
134829	40	3	49	0	0.0
134829	49	8	31	0	0.0
134829	1	10	451	3	0.0066518847006651885
134829	8	18	21	0	0.0
134829	5	29	11	0	0.0
134829	8	25	46	0	0.0
134829	20	5	28573	751	0.02628355440450775
134829	30	7	647	0	0.0
134829	51	1	47	47	1.0
134829	18	7	61	0	0.0
134829	2	36	61	8	0.13114754098360656
134829	45	1	4531	161	0.03553299492385787
134829	3	8	308	0	0.0
134829	24	7	2396	0	0.0
134829	2	34	136	10	0.07352941176470588
134829	1	12	23	0	0.0
134829	3	12	4	0	0.0
134829	8	27	58	0	0.0
134829	1	8	20	3	0.15
134829	3	10	68	0	0.0
134829	7	29	58	0	0.0
134829	26	7	2856	0	0.0
134829	42	3	7	0	0.0
134829	53	1	1	0	0.0
134829	7	14	30	0	0.0
134829	5	16	701	1	0.0014265335235378032
134829	37	5	12	1	0.08333333333333333
134829	47	1	333	5	0.015015015015015015
134829	5	53	67	9	0.13432835820895522
134829	6	48	13039	267	0.020477030447120178
134829	16	2	12	0	0.0
134829	6	14	3243	19	0.00585877274128893
134829	7	51	41	1	0.024390243902439025
134829	6	30	17605	2455	0.13944902016472593
134829	22	5	1037	31	0.029893924783027964
134829	23	5	35	0	0.0
134829	36	5	105	1	0.009523809523809525
134829	6	51	221	0	0.0
134829	5	32	412	9	0.021844660194174758
134829	4	16	10	0	0.0
134829	27	7	35	0	0.0
134829	2	10	2397	10	0.004171881518564873
134829	1	36	70	1	0.014285714285714285
134829	6	29	893	70	0.07838745800671892
134829	7	48	48	0	0.0
134829	43	3	20	0	0.0
134829	46	1	141	0	0.0
134829	3	34	405	0	0.0
134829	23	7	181	0	0.0
134829	33	7	707	0	0.0
134829	9	4	35	0	0.0
134829	7	34	166	0	0.0
134829	1	32	16	0	0.0
134829	4	8	190	0	0.0
134829	13	2	171	3	0.017543859649122806
134829	37	7	12	0	0.0
134829	3	30	36	0	0.0
134829	6	10	7	7	1.0
134829	26	5	2167	62	0.02861098292570374
134829	2	51	75	75	1.0
134829	42	1	1704	39	0.022887323943661973
134829	33	5	372	18	0.04838709677419355
134829	27	5	4	0	0.0
134829	3	51	4	0	0.0
134829	8	23	334	0	0.0
134829	52	3	1	0	0.0
134829	22	7	510	2	0.00392156862745098
134829	43	1	1367	38	0.027798098024871983
134829	36	7	547	0	0.0
134829	7	10	5	0	0.0
134829	2	30	22	2	0.09090909090909091
134829	6	34	195	42	0.2153846153846154
134829	46	3	43	0	0.0
134829	5	8	220	5	0.022727272727272728
134829	3	29	420	0	0.0
134829	1	16	1	1	1.0
134829	4	36	63	0	0.0
134829	4	34	449	0	0.0
134829	7	8	2546	0	0.0
134829	50	3	4	0	0.0
134829	5	10	1	1	1.0
134829	8	6	631	107	0.16957210776545167
134829	1	29	1380	1	0.0007246376811594203
134829	44	3	44	0	0.0
134829	6	36	93	11	0.11827956989247312
134829	20	7	11371	10	0.000879430129276229
134829	19	5	216	10	0.046296296296296294
134829	8	21	2043	0	0.0
134829	3	16	1	0	0.0
134829	1	14	1	1	1.0
134829	25	5	8	0	0.0
134829	41	1	3125	61	0.01952
134829	2	32	1	0	0.0
134829	11	2	2477	38	0.015341138473960436
134829	31	5	2	0	0.0
134829	24	5	349	6	0.017191977077363897
134829	18	5	230	2	0.008695652173913044
134829	38	2	4	1	0.25
134829	3	32	92	0	0.0
134829	39	2	3669	32	0.00872172254020169
134829	40	1	2	0	0.0
134829	49	6	1302	15	0.01152073732718894
134829	1	30	1	0	0.0
134829	2	53	3	0	0.0
134829	8	38	22	0	0.0
134829	4	10	38	0	0.0
134829	45	3	32	0	0.0
134829	7	15	86	0	0.0
134829	8	40	729	0	0.0
134829	35	7	338	0	0.0
134829	7	50	15	0	0.0
134829	21	7	1506	0	0.0
134829	6	31	2	0	0.0
134829	4	33	476	0	0.0
134829	52	7	184	0	0.0
134829	5	52	3602	234	0.06496390893947807
134829	5	17	30	0	0.0
134829	3	11	148	0	0.0
134829	2	35	50	2	0.04
134829	22	3	1143	0	0.0
134829	33	1	744	36	0.04838709677419355
134829	27	1	367	3	0.008174386920980926
134829	7	28	271	1	0.0036900369003690036
134829	7	49	19	0	0.0
134829	16	8	52	0	0.0
134829	6	28	1389	143	0.1029517638588913
134829	3	35	714	0	0.0
134829	1	37	5882	19	0.0032301938116286975
134829	26	1	8	0	0.0
134829	1	9	411	0	0.0
134829	8	26	3878	0	0.0
134829	1	13	160	1	0.00625
134829	23	3	1330	0	0.0
134829	6	17	96	2	0.020833333333333332
134829	6	50	1577	7	0.004438807863031071
134829	37	3	1247	0	0.0
134829	6	15	3440	62	0.01802325581395349
134829	28	4	84	0	0.0
134829	9	3	59	0	0.0
134829	11	6	1	1	1.0
134829	39	6	10	2	0.2
134829	6	52	1671	1	0.0005984440454817474
134829	4	15	2	0	0.0
134829	28	8	2738	0	0.0
134829	5	49	790	81	0.10253164556962026
134829	21	3	4443	0	0.0
134829	1	35	108	4	0.037037037037037035
134829	14	8	11	0	0.0
134829	40	5	2110	23	0.010900473933649289
134829	24	1	95	0	0.0
134829	54	5	616	19	0.030844155844155844
134829	25	1	492	25	0.0508130081300813
134829	29	8	886	0	0.0
134829	31	1	2642	16	0.006056018168054504
134829	3	13	35	0	0.0
134829	5	28	286	0	0.0
134829	38	6	1270	4	0.0031496062992125984
134829	44	7	2	0	0.0
134829	5	15	1021	37	0.03623898139079334
134829	15	8	134	0	0.0
134829	6	33	298	92	0.3087248322147651
134829	8	19	637	0	0.0
134829	7	17	1	0	0.0
134829	1	11	747	0	0.0
134829	2	37	1817	32	0.017611447440836543
134829	1	15	7	7	1.0
134829	8	24	5168	0	0.0
134829	2	33	320	16	0.05
134829	4	31	161	0	0.0
134829	20	3	4988	0	0.0
134829	19	1	25411	1285	0.050568651371453305
134829	5	50	2072	148	0.07142857142857142
134829	40	7	441	0	0.0
134829	11	4	74	0	0.0
134829	8	20	9989	0	0.0
134829	24	3	1237	0	0.0
134829	39	4	230	0	0.0
134829	20	1	348	11	0.031609195402298854
134829	11	8	6	0	0.0
134829	21	1	2719	293	0.10776020595807283
134829	1	28	7	0	0.0
134829	6	37	2	1	0.5
134829	44	5	9	9	1.0
134829	10	8	3	0	0.0
134829	39	8	30	0	0.0
134829	7	9	8	0	0.0
134829	25	3	1918	0	0.0
134829	4	35	101	0	0.0
134829	31	3	1840	1	0.0005434782608695652
134829	38	4	1	0	0.0
134829	8	41	10	0	0.0
134829	19	3	11995	23	0.001917465610671113
134829	22	1	151	2	0.013245033112582781
134829	43	7	14	0	0.0
134829	4	13	5	0	0.0
134829	27	3	626	0	0.0
134829	3	33	690	0	0.0
134829	23	1	360	8	0.022222222222222223
134829	2	50	6	0	0.0
134829	3	28	73	0	0.0
134829	6	54	5556	14	0.0025197984161267097
134829	6	35	129	19	0.14728682170542637
134829	4	37	40	0	0.0
134829	2	31	82	5	0.06097560975609756
134829	8	22	3144	0	0.0
134829	4	43	6	0	0.0
134829	26	3	167	0	0.0
134829	6	41	14	0	0.0
134829	22	4	2502	0	0.0
134829	36	8	125	0	0.0
134829	27	6	14	1	0.07142857142857142
134829	42	2	2058	3	0.0014577259475218659
134829	2	45	2774	1	0.0003604902667627974
134829	6	7	254	29	0.1141732283464567
134829	43	2	519	0	0.0
134829	26	6	2370	231	0.09746835443037975
134829	4	5	33	1	0.030303030303030304
134829	2	3	447	66	0.1476510067114094
134829	2	24	286	18	0.06293706293706294
134829	37	8	5	1	0.2
134829	23	4	4116	0	0.0
134829	7	39	31	0	0.0
134829	2	1	3658	617	0.16867140513942044
134829	6	20	8671	739	0.08522661746050052
134829	4	20	2475	0	0.0
134829	2	19	7829	172	0.021969600204368375
134829	18	6	710	13	0.018309859154929577
134829	21	4	5199	0	0.0
134829	5	39	7	1	0.14285714285714285
134829	35	8	194	0	0.0
134829	6	5	4221	778	0.18431651267472163
134829	4	7	116	0	0.0
134829	6	22	6423	1411	0.21967927759613887
134829	2	26	21	2	0.09523809523809523
134829	40	2	4	0	0.0
134829	39	1	3891	23	0.005911076843998972
134829	24	6	2549	509	0.19968615143193408
134829	5	7	1003	18	0.01794616151545364
134829	38	1	13	4	0.3076923076923077
134829	25	6	14	2	0.14285714285714285
134829	34	8	189	0	0.0
134829	19	6	73	6	0.0821917808219178
134829	8	54	3	0	0.0
134829	41	2	8401	173	0.02059278657302702
134829	6	43	12	0	0.0
134829	4	41	314	0	0.0
134829	7	1	54	5	0.09259259259259259
134829	24	4	1094	0	0.0
134829	5	3	52	2	0.038461538461538464
134829	39	3	2568	0	0.0
134829	30	8	3122	0	0.0
134829	8	50	8	0	0.0
134829	1	3	1980	79	0.0398989898989899
134829	2	47	6645	2	0.00030097817908201655
134829	4	45	4	0	0.0
134829	21	6	1061	115	0.10838831291234684
134829	44	2	173	3	0.017341040462427744
134829	2	5	99	95	0.9595959595959596
134829	4	3	1988	0	0.0
134829	38	3	27	0	0.0
134829	25	4	95	0	0.0
134829	4	26	133	0	0.0
134829	2	20	96	10	0.10416666666666667
134829	4	1	251	4	0.01593625498007968
134829	2	7	29	2	0.06896551724137931
134829	27	4	833	0	0.0
134829	46	2	167	2	0.011976047904191617
134829	6	3	59	16	0.2711864406779661
134829	6	1	53	46	0.8679245283018868
134829	2	22	1234	58	0.04700162074554295
134829	1	5	45	35	0.7777777777777778
134829	32	8	108	0	0.0
134829	8	33	692	0	0.0
134829	4	19	7483	0	0.0
134829	23	6	129	19	0.14728682170542637
134829	3	7	488	0	0.0
134829	8	52	2	0	0.0
134829	2	27	1765	77	0.04362606232294618
134829	38	7	311	0	0.0
134829	4	6	49	9	0.1836734693877551
134829	42	4	40	0	0.0
134829	4	40	32	0	0.0
134829	44	6	11	11	1.0
134829	46	6	2	0	0.0
134829	5	38	1909	9	0.004714510214772132
134829	4	44	10	0	0.0
134829	23	2	1760	253	0.14375
134829	6	40	2818	146	0.051809794180269694
134829	2	25	320	11	0.034375
134829	2	6	171	158	0.9239766081871345
134829	4	2	700	97	0.13857142857142857
135124	1	34	823	8	0.009720534629404616
134829	46	4	15	0	0.0
134829	8	51	2	0	0.0
134829	21	2	8651	1176	0.13593804184487343
135124	2	8	119	4	0.03361344537815126
135124	25	7	11	0	0.0
135124	2	12	68	0	0.0
135124	31	7	69	0	0.0
135124	3	36	184	0	0.0
135124	41	3	447	0	0.0
135124	4	29	997	0	0.0
135124	50	1	4	0	0.0
135124	19	7	526	0	0.0
135124	6	53	60	0	0.0
135124	5	30	3306	1	0.00030248033877797946
135124	44	1	343	87	0.2536443148688047
135124	9	2	3460	5	0.001445086705202312
135124	5	48	3376	132	0.03909952606635071
135124	6	16	2304	52	0.022569444444444444
135124	4	14	5	0	0.0
135124	15	2	10	0	0.0
135124	7	32	41	0	0.0
135124	34	5	208	7	0.03365384615384615
135124	48	8	545	0	0.0
135124	5	51	463	132	0.28509719222462204
135124	35	5	86	0	0.0
135124	28	2	93	0	0.0
135124	49	8	47	0	0.0
135124	29	2	15871	1451	0.09142461092558755
135124	20	5	10473	431	0.04115344218466533
135124	45	1	2035	135	0.06633906633906633
135124	14	2	8	0	0.0
135124	8	18	18	0	0.0
135124	21	5	518	3	0.005791505791505791
135124	5	14	225	0	0.0
135124	7	53	8	0	0.0
135124	4	30	443	0	0.0
135124	30	7	572	0	0.0
135124	2	36	162	3	0.018518518518518517
135124	5	29	14	0	0.0
135124	3	12	7	0	0.0
135124	8	27	49	0	0.0
135124	40	3	41	0	0.0
135124	8	25	45	0	0.0
135124	1	12	46	0	0.0
135124	1	10	686	34	0.04956268221574344
135124	18	7	5	0	0.0
135124	7	16	25	0	0.0
135124	3	8	41	0	0.0
135124	24	7	1598	0	0.0
135124	1	8	41	0	0.0
135124	2	34	968	50	0.05165289256198347
135124	42	3	23	0	0.0
135124	5	16	546	1	0.0018315018315018315
135124	47	1	391	46	0.11764705882352941
135124	5	53	55	11	0.2
135124	7	29	34	0	0.0
135124	3	10	131	0	0.0
135124	26	7	215	0	0.0
135124	6	48	11883	609	0.051249684423125476
135124	7	51	43	0	0.0
135124	37	5	7	0	0.0
135124	23	5	82	0	0.0
135124	43	3	24	0	0.0
135124	4	16	42	0	0.0
135124	22	5	3413	112	0.032815704658658074
135124	4	53	1	0	0.0
135124	16	2	49	2	0.04081632653061224
135124	6	51	556	4	0.007194244604316547
135124	36	5	79	3	0.0379746835443038
135124	7	14	7	0	0.0
135124	46	1	82	4	0.04878048780487805
135124	7	48	51	0	0.0
135124	6	30	23011	3336	0.14497414280126897
135124	5	32	2	0	0.0
135124	6	14	3403	18	0.005289450484866294
135124	2	10	4663	2	0.0004289084280506112
135124	6	29	1049	167	0.15919923736892277
135124	1	36	242	2	0.008264462809917356
135124	7	34	55	0	0.0
135124	3	48	1	0	0.0
135124	6	10	2	0	0.0
135124	4	8	160	0	0.0
135124	4	12	5	0	0.0
135124	33	7	252	0	0.0
135124	3	34	518	0	0.0
135124	8	42	2	0	0.0
135124	42	1	2134	142	0.06654170571696345
135124	37	7	106	0	0.0
135124	23	7	22	0	0.0
135124	9	4	9	0	0.0
135124	3	30	8	0	0.0
135124	27	7	3	0	0.0
135124	1	32	2	0	0.0
135124	3	51	1	0	0.0
135124	33	5	147	2	0.013605442176870748
135124	2	48	2	0	0.0
135124	2	30	583	27	0.04631217838765009
135124	43	1	1501	180	0.11992005329780146
135124	27	5	5	0	0.0
135124	13	2	46	0	0.0
135124	26	5	1700	65	0.03823529411764706
135124	22	7	482	12	0.024896265560165973
135124	36	7	896	0	0.0
135124	4	36	165	0	0.0
135124	7	10	16	0	0.0
135124	8	23	227	0	0.0
135124	46	3	81	0	0.0
135124	3	29	514	0	0.0
135124	44	3	48	0	0.0
135124	6	34	240	15	0.0625
135124	6	36	45	2	0.044444444444444446
135124	3	16	3	0	0.0
135124	25	5	4	0	0.0
135124	1	29	1196	0	0.0
135124	50	3	1	0	0.0
135124	8	6	1086	116	0.10681399631675875
135124	7	8	2914	2	0.0006863417982155113
135124	20	7	6372	17	0.0026679221594475833
135124	4	34	992	0	0.0
135124	5	8	440	27	0.06136363636363636
135124	8	21	1698	0	0.0
135124	41	1	3220	111	0.034472049689440995
135124	19	5	170	0	0.0
135124	38	2	2	0	0.0
135124	11	2	630	7	0.011111111111111112
135124	39	2	4394	9	0.002048247610377788
135124	24	5	133	0	0.0
135124	8	40	861	0	0.0
135124	3	32	1	0	0.0
135124	49	6	1461	15	0.01026694045174538
135124	21	7	244	0	0.0
135124	4	10	152	0	0.0
135124	2	53	3	0	0.0
135124	8	38	124	0	0.0
135124	1	30	9	0	0.0
135124	35	7	99	0	0.0
135124	45	3	131	0	0.0
135124	18	5	258	0	0.0
135124	40	1	26	0	0.0
135124	9	6	7	0	0.0
135124	3	11	19	0	0.0
135124	7	50	39	0	0.0
135124	7	15	54	0	0.0
135124	4	33	118	0	0.0
135124	5	17	41	8	0.1951219512195122
135124	1	9	111	2	0.018018018018018018
135124	2	35	56	2	0.03571428571428571
135124	33	1	216	6	0.027777777777777776
135124	17	8	2	0	0.0
135124	8	26	668	0	0.0
135124	7	28	121	0	0.0
135124	52	7	40	0	0.0
135124	1	13	22	0	0.0
135124	27	1	153	1	0.006535947712418301
135124	22	3	1386	0	0.0
135124	5	52	2974	203	0.06825823806321453
135124	37	3	200	0	0.0
135124	7	49	8	0	0.0
135124	6	50	808	1	0.0012376237623762376
135124	6	28	584	53	0.09075342465753425
135124	4	50	2	0	0.0
135124	26	1	13	0	0.0
135124	3	35	1540	0	0.0
135124	23	3	564	0	0.0
135124	1	37	7268	41	0.005641166758392956
135124	6	15	2779	16	0.0057574667146455556
135124	16	8	60	0	0.0
135124	4	15	12	0	0.0
135124	28	4	125	0	0.0
135124	39	6	67	1	0.014925373134328358
135124	28	8	1092	0	0.0
135124	6	52	1370	2	0.00145985401459854
135124	54	5	810	10	0.012345679012345678
135124	5	28	211	3	0.014218009478672985
135124	11	6	2	0	0.0
135124	21	3	2750	0	0.0
135124	14	8	22	0	0.0
135124	5	49	1981	101	0.05098435133770823
135124	9	3	18	0	0.0
135124	1	35	106	1	0.009433962264150943
135124	6	17	245	2	0.00816326530612245
135124	24	1	210	6	0.02857142857142857
135124	40	5	1281	5	0.0039032006245121
135124	3	13	1	0	0.0
135124	15	8	162	0	0.0
135124	1	11	102	0	0.0
135124	29	8	427	0	0.0
135124	25	1	696	3	0.004310344827586207
135124	7	17	1	0	0.0
135124	4	31	1	0	0.0
135124	8	19	112	0	0.0
135124	31	1	167	0	0.0
135124	6	33	164	8	0.04878048780487805
135124	38	6	1802	32	0.017758046614872364
135124	8	24	3617	0	0.0
135124	19	1	11113	93	0.008368577341851886
135124	2	37	1785	1	0.0005602240896358543
135124	44	7	7	0	0.0
135124	20	3	3058	0	0.0
135124	5	50	1671	159	0.09515260323159784
135124	8	20	1784	0	0.0
135124	2	33	231	9	0.03896103896103896
135124	1	15	3	0	0.0
135124	39	8	75	0	0.0
135124	6	37	1	0	0.0
135124	40	7	90	0	0.0
135124	11	8	2	0	0.0
135124	11	4	23	0	0.0
135124	39	4	914	0	0.0
135124	5	15	684	89	0.1301169590643275
135124	24	3	400	0	0.0
135124	7	9	3	0	0.0
135124	4	35	56	0	0.0
135124	21	1	3492	125	0.03579610538373425
135124	10	8	21	0	0.0
135124	1	28	14	0	0.0
135124	31	3	71	0	0.0
135124	8	41	2	0	0.0
135124	25	3	980	1	0.0010204081632653062
135124	20	1	1280	3	0.00234375
135124	2	52	1	0	0.0
135124	3	33	430	0	0.0
135124	19	3	10595	9	0.0008494572911750826
135124	43	7	1	0	0.0
135124	4	13	3	0	0.0
135124	26	3	56	0	0.0
135124	2	50	29	0	0.0
135124	38	4	3	0	0.0
135124	6	35	92	13	0.14130434782608695
135124	2	31	4	0	0.0
135124	27	3	99	0	0.0
135124	23	1	44	1	0.022727272727272728
135124	3	28	29	0	0.0
135124	3	15	3	0	0.0
135124	4	37	115	0	0.0
135124	8	22	1666	0	0.0
135124	22	1	1309	7	0.0053475935828877
135124	4	43	10	0	0.0
135124	27	6	53	0	0.0
135124	6	41	14	0	0.0
135124	36	8	21	0	0.0
135124	2	45	1246	6	0.004815409309791332
135124	6	54	9589	25	0.0026071540306601315
135124	43	2	1468	0	0.0
135124	8	9	2	0	0.0
135124	7	39	20	0	0.0
135124	6	7	302	5	0.016556291390728478
135124	23	4	2339	0	0.0
135124	37	8	5	0	0.0
135124	42	2	880	1	0.0011363636363636363
135124	4	5	45	0	0.0
135124	2	24	609	11	0.0180623973727422
135124	26	6	1527	3	0.0019646365422396855
135124	22	4	3240	0	0.0
135124	2	3	528	12	0.022727272727272728
135124	2	19	2380	6	0.0025210084033613447
135124	6	20	4274	74	0.01731399157697707
135124	2	1	2340	648	0.27692307692307694
135124	4	20	1380	0	0.0
135124	21	4	2953	0	0.0
135124	6	22	7786	1058	0.13588492165425123
135124	40	2	56	2	0.03571428571428571
135124	4	7	39	0	0.0
135124	2	26	16	1	0.0625
135124	5	39	16	0	0.0
135124	39	1	4492	2	0.0004452359750667854
135124	24	6	366	39	0.10655737704918032
135124	35	8	105	0	0.0
135124	18	6	807	18	0.022304832713754646
135124	6	5	3157	599	0.18973709217611656
135124	25	6	25	1	0.04
135124	38	1	13	0	0.0
135124	5	7	1402	26	0.018544935805991442
135124	34	8	96	0	0.0
135124	19	6	9	0	0.0
135124	8	54	8	0	0.0
135124	1	3	1895	31	0.016358839050131926
135124	4	41	1145	0	0.0
135124	7	1	49	0	0.0
135124	5	3	39	3	0.07692307692307693
135124	39	3	1034	0	0.0
135124	6	43	6	0	0.0
135124	41	2	10340	366	0.03539651837524178
135124	24	4	831	0	0.0
135124	8	50	17	0	0.0
135124	21	6	1926	198	0.102803738317757
135124	38	3	5	0	0.0
135124	30	8	3434	4	0.0011648223645894002
135124	25	4	478	0	0.0
135124	44	2	385	1	0.0025974025974025974
135124	4	45	37	0	0.0
135124	4	3	2222	0	0.0
135124	2	47	9815	1	0.00010188487009679063
135124	2	20	58	1	0.017241379310344827
135124	6	1	49	7	0.14285714285714285
135124	2	5	45	1	0.022222222222222223
135124	4	19	1820	0	0.0
135124	27	4	732	0	0.0
135124	4	1	347	18	0.05187319884726225
135124	2	22	2104	72	0.034220532319391636
135124	3	7	86	0	0.0
135124	6	3	27	2	0.07407407407407407
135124	46	2	125	1	0.008
135124	8	33	195	0	0.0
135124	2	7	25	1	0.04
135124	1	5	31	2	0.06451612903225806
135124	4	26	37	0	0.0
135124	8	52	9	0	0.0
135124	2	27	1418	26	0.018335684062059238
135124	44	6	4	0	0.0
135124	4	47	3	0	0.0
135124	4	6	135	21	0.15555555555555556
135124	5	38	3149	23	0.007303906001905367
135124	42	4	18	0	0.0
135124	38	7	481	0	0.0
135124	23	2	220	11	0.05
135124	6	40	1774	17	0.009582863585118376
135124	23	6	205	30	0.14634146341463414
135124	4	40	87	0	0.0
135124	21	2	10239	480	0.046879578083797245
135124	4	2	823	47	0.05710814094775213
137128	8	44	2	0	0.0
135124	53	8	2	0	0.0
135124	2	25	470	7	0.014893617021276596
135124	8	51	12	0	0.0
135124	46	6	5	0	0.0
135124	46	4	11	0	0.0
135124	4	44	42	0	0.0
135124	2	6	149	34	0.22818791946308725
137128	1	34	11	0	0.0
137128	19	7	714	0	0.0
137128	2	8	56	5	0.08928571428571429
137128	2	12	33	0	0.0
137128	31	7	74	0	0.0
137128	4	29	4368	0	0.0
137128	25	7	1	0	0.0
137128	50	1	2	0	0.0
137128	44	1	518	26	0.05019305019305019
137128	6	53	141	6	0.0425531914893617
137128	9	2	2736	2	0.0007309941520467836
137128	3	36	11	0	0.0
137128	41	3	506	0	0.0
137128	6	16	1362	15	0.011013215859030838
137128	5	30	3875	3	0.0007741935483870968
137128	48	8	322	0	0.0
137128	5	48	4161	32	0.007690459024273011
137128	7	32	94	0	0.0
137128	34	5	194	0	0.0
137128	15	2	5	0	0.0
137128	35	5	12	0	0.0
137128	14	2	27	2	0.07407407407407407
137128	20	5	2102	6	0.0028544243577545195
137128	28	2	1	0	0.0
137128	29	2	17727	2189	0.12348395103514413
137128	8	18	2	0	0.0
137128	21	5	414	2	0.004830917874396135
137128	7	16	6	0	0.0
137128	49	8	22	0	0.0
137128	5	51	513	85	0.16569200779727095
137128	2	36	28	1	0.03571428571428571
137128	7	53	5	0	0.0
137128	30	7	322	0	0.0
137128	4	30	84	0	0.0
137128	5	14	251	0	0.0
137128	5	29	44	0	0.0
137128	3	8	2	0	0.0
137128	26	7	1	0	0.0
137128	40	3	2	0	0.0
137128	45	1	7639	203	0.02657415892132478
137128	24	7	28	0	0.0
137128	1	10	1583	25	0.015792798483891344
137128	18	7	1	0	0.0
137128	2	34	11	0	0.0
137128	8	27	16	0	0.0
137128	3	12	2	0	0.0
137128	1	12	6	0	0.0
137128	42	3	225	0	0.0
137128	3	10	280	0	0.0
137128	7	29	332	0	0.0
137128	5	53	60	3	0.05
137128	46	1	14	1	0.07142857142857142
137128	7	51	61	0	0.0
137128	16	2	37	2	0.05405405405405406
137128	36	5	6	0	0.0
137128	7	48	268	0	0.0
137128	5	16	575	0	0.0
137128	22	5	4690	7	0.0014925373134328358
137128	6	48	9910	845	0.08526740665993945
137128	7	14	4	0	0.0
137128	6	51	382	10	0.02617801047120419
137128	23	5	174	1	0.005747126436781609
137128	6	14	1706	36	0.021101992966002344
137128	4	16	6	0	0.0
137128	47	1	3059	106	0.03465184700882641
137128	1	36	4	0	0.0
137128	4	8	45	0	0.0
137128	43	3	33	0	0.0
137128	2	10	3529	6	0.001700198356474922
137128	8	46	2	0	0.0
137128	33	7	120	0	0.0
137128	7	34	80	0	0.0
137128	27	7	8	0	0.0
137128	6	10	11	0	0.0
137128	37	7	4	0	0.0
137128	4	12	6	0	0.0
137128	3	34	63	0	0.0
137128	6	29	1737	229	0.1318364997121474
137128	23	7	141	0	0.0
137128	9	4	28	0	0.0
137128	53	3	1	0	0.0
137128	6	30	31069	4996	0.16080337313721071
137128	2	51	8	2	0.25
137128	8	42	8	0	0.0
137128	26	5	2	0	0.0
137128	33	5	98	0	0.0
137128	13	2	43	1	0.023255813953488372
137128	3	51	1	0	0.0
137128	3	30	5	0	0.0
137128	42	1	2712	45	0.016592920353982302
137128	2	48	11	0	0.0
137128	43	1	3144	105	0.033396946564885496
137128	2	30	303	16	0.052805280528052806
137128	4	36	12	0	0.0
137128	8	23	527	0	0.0
137128	3	29	331	0	0.0
137128	36	7	619	0	0.0
137128	4	34	50	0	0.0
137128	7	8	1729	2	0.001156737998843262
137128	6	34	58	10	0.1724137931034483
137128	46	3	19	0	0.0
137128	22	7	157	0	0.0
137128	5	8	465	10	0.021505376344086023
137128	1	29	1014	0	0.0
137128	20	7	366	0	0.0
137128	50	3	4	0	0.0
137128	19	5	1	0	0.0
137128	6	36	25	4	0.16
137128	8	21	876	0	0.0
137128	3	32	112	0	0.0
137128	44	3	31	0	0.0
137128	18	5	86	0	0.0
137128	24	5	215	0	0.0
137128	11	2	980	1	0.0010204081632653062
137128	3	16	1	0	0.0
137128	8	6	750	31	0.04133333333333333
137128	39	2	5597	2	0.00035733428622476324
137128	8	40	174	0	0.0
137128	54	1	1	0	0.0
137128	41	1	4083	131	0.03208425177565515
137128	49	6	1670	61	0.03652694610778443
137128	45	3	825	0	0.0
137128	1	30	6	0	0.0
137128	9	6	37	1	0.02702702702702703
137128	35	7	58	0	0.0
137128	52	7	300	0	0.0
137128	4	10	116	0	0.0
137128	7	50	39	0	0.0
137128	7	15	103	0	0.0
137128	2	53	3	0	0.0
137128	8	38	31	0	0.0
137128	4	33	272	0	0.0
137128	21	7	398	0	0.0
137128	5	17	11	0	0.0
137128	22	3	89	0	0.0
137128	3	11	34	0	0.0
137128	5	52	4586	125	0.027256868730920192
137128	2	35	32	1	0.03125
137128	6	28	22	2	0.09090909090909091
137128	1	13	10	0	0.0
137128	8	26	11	0	0.0
137128	7	28	1	0	0.0
137128	33	1	330	5	0.015151515151515152
137128	3	35	956	0	0.0
137128	27	1	108	0	0.0
137128	16	8	9	0	0.0
137128	7	49	33	0	0.0
137128	13	6	1	0	0.0
137128	2	54	1	0	0.0
137128	1	37	7805	2	0.00025624599615631005
137128	17	8	1	0	0.0
137128	1	9	158	1	0.006329113924050633
137128	23	3	222	0	0.0
137128	6	52	2237	32	0.014304872597228431
137128	4	50	1	0	0.0
137128	37	3	193	0	0.0
137128	6	50	1706	3	0.0017584994138335288
137128	6	15	1767	18	0.010186757215619695
137128	28	4	8	0	0.0
137128	6	17	36	1	0.027777777777777776
137128	24	1	2	0	0.0
137128	39	6	1	0	0.0
137128	28	8	287	0	0.0
137128	9	3	32	0	0.0
137128	3	13	3	0	0.0
137128	5	49	1402	29	0.020684736091298145
137128	14	8	6	0	0.0
137128	40	5	640	0	0.0
137128	54	5	2144	46	0.021455223880597014
137128	11	6	73	3	0.0410958904109589
137128	5	28	1	0	0.0
137128	21	3	2912	0	0.0
137128	1	35	7	0	0.0
137128	25	1	42	0	0.0
137128	20	3	105	0	0.0
137128	15	8	73	0	0.0
137128	8	24	349	0	0.0
137128	19	1	3854	32	0.008303061754021795
137128	2	37	1247	1	0.0008019246190858059
137128	29	8	1250	0	0.0
137128	38	6	1551	19	0.012250161186331399
137128	31	1	888	0	0.0
137128	5	50	2820	164	0.05815602836879433
137128	7	17	2	0	0.0
137128	5	15	1714	26	0.015169194865810968
137128	4	31	1	0	0.0
137128	44	7	2	0	0.0
137128	1	11	96	0	0.0
137128	8	20	87	0	0.0
137128	8	19	12	0	0.0
137128	6	33	59	5	0.0847457627118644
137128	2	33	163	0	0.0
137128	39	4	364	0	0.0
137128	40	7	15	0	0.0
137128	54	7	1	0	0.0
137128	24	3	3	0	0.0
137128	5	11	3	0	0.0
137128	11	4	73	0	0.0
137128	21	1	8756	100	0.011420740063956145
137128	39	8	2	0	0.0
137128	4	35	4	0	0.0
137128	11	8	12	0	0.0
137128	20	1	6	0	0.0
137128	25	3	196	0	0.0
137128	10	8	1	0	0.0
137128	6	54	5220	109	0.020881226053639845
137128	41	7	3	0	0.0
137128	7	9	1	0	0.0
137128	43	7	4	0	0.0
137128	2	52	1	0	0.0
137128	19	3	3072	1	0.0003255208333333333
137128	31	3	448	0	0.0
137128	2	50	7	0	0.0
137128	3	33	217	0	0.0
137128	27	3	29	0	0.0
137128	8	41	91	0	0.0
137128	22	1	38	0	0.0
137128	4	13	19	0	0.0
137128	23	1	443	2	0.004514672686230248
137128	7	11	2	0	0.0
137128	8	22	2527	2	0.0007914523149980214
137128	4	37	26	0	0.0
137128	6	35	46	4	0.08695652173913043
137128	6	41	114	0	0.0
137128	2	31	12	0	0.0
137128	36	8	12	0	0.0
137128	42	7	1	0	0.0
137128	27	6	6	0	0.0
137128	4	43	7	0	0.0
137128	43	2	1423	4	0.0028109627547434997
137128	22	4	724	0	0.0
137128	2	45	2712	19	0.007005899705014749
137128	7	39	4	0	0.0
137128	3	15	1	0	0.0
137128	4	5	11	0	0.0
137128	42	2	1484	51	0.03436657681940701
137128	6	20	248	3	0.012096774193548387
137128	8	9	4	0	0.0
137128	2	24	22	0	0.0
137128	6	7	196	8	0.04081632653061224
137128	26	6	9	0	0.0
137128	2	19	786	0	0.0
137128	23	4	8198	0	0.0
137128	2	3	382	1	0.002617801047120419
137128	4	20	11	0	0.0
137128	18	6	256	3	0.01171875
137128	5	39	1	0	0.0
137128	4	7	12	0	0.0
137128	6	5	4122	1034	0.25084910237748664
137128	24	6	1077	16	0.014856081708449397
137128	21	4	7045	0	0.0
137128	2	1	3200	378	0.118125
137128	39	1	1320	0	0.0
137128	5	7	902	16	0.017738359201773836
137128	40	2	1	0	0.0
137128	34	8	62	0	0.0
137128	35	8	14	0	0.0
137128	6	22	11966	1191	0.09953200735417014
137128	8	54	40	0	0.0
137128	41	2	10222	854	0.08354529446292311
137128	2	47	5686	58	0.01020049243756595
137128	1	3	2072	19	0.00916988416988417
137128	7	1	12	0	0.0
137128	4	41	607	0	0.0
137128	8	50	5	0	0.0
137128	6	43	168	2	0.011904761904761904
137128	5	3	6	0	0.0
137128	30	8	1508	2	0.001326259946949602
137128	44	2	316	4	0.012658227848101266
137128	39	3	368	0	0.0
137128	24	4	47	0	0.0
137128	4	45	92	0	0.0
137128	2	5	6	4	0.6666666666666666
137128	21	6	691	58	0.08393632416787265
137128	38	3	30	0	0.0
137128	25	4	35	0	0.0
137128	4	3	3389	0	0.0
137128	2	20	1	0	0.0
137128	4	19	911	0	0.0
137128	6	1	1	0	0.0
137128	46	2	66	5	0.07575757575757576
137128	4	1	543	0	0.0
137128	8	33	81	0	0.0
137128	2	22	250	3	0.012
137128	27	4	751	0	0.0
137128	6	3	7	2	0.2857142857142857
137128	2	7	4	0	0.0
137128	3	7	117	0	0.0
137128	4	47	38	0	0.0
137128	8	52	13	0	0.0
137128	2	27	1032	1	0.0009689922480620155
137128	4	6	27	2	0.07407407407407407
137128	23	6	206	11	0.05339805825242718
137128	38	7	291	0	0.0
137128	2	18	6	0	0.0
137128	5	38	3191	9	0.002820432466311501
137128	4	40	12	0	0.0
137128	6	40	587	4	0.0068143100511073255
137128	2	6	185	29	0.15675675675675677
137128	21	2	11927	329	0.027584472205919343
137128	53	8	2	0	0.0
137128	8	51	14	0	0.0
137128	4	44	24	0	0.0
137128	2	25	46	1	0.021739130434782608
137128	23	2	1192	48	0.040268456375838924
137128	44	6	12	4	0.3333333333333333
137128	6	42	1	0	0.0
137128	46	4	15	0	0.0
137128	46	6	91	7	0.07692307692307693
137128	4	2	1000	17	0.017
137128	42	4	143	0	0.0
140117	1	34	141	0	0.0
140117	41	3	333	0	0.0
140117	48	4	1	0	0.0
140117	6	53	69	2	0.028985507246376812
140117	25	7	87	0	0.0
140117	44	1	127	8	0.06299212598425197
140117	2	8	28	0	0.0
140117	31	7	8	0	0.0
140117	19	7	626	0	0.0
140117	2	12	232	2	0.008620689655172414
140117	6	16	1471	35	0.02379333786539769
140117	5	48	3568	119	0.03335201793721973
140117	3	36	46	0	0.0
140117	48	8	962	1	0.0010395010395010396
140117	9	2	3044	12	0.003942181340341655
140117	4	14	3	0	0.0
140117	4	29	2241	0	0.0
140117	50	1	7	0	0.0
140117	20	5	2890	1	0.00034602076124567473
140117	5	30	2186	0	0.0
140117	14	2	32	0	0.0
140117	34	5	10	0	0.0
140117	35	5	30	0	0.0
140117	21	5	142	0	0.0
140117	28	2	66	0	0.0
140117	15	2	139	135	0.9712230215827338
140117	5	14	121	0	0.0
140117	8	18	41	0	0.0
140117	5	51	307	37	0.12052117263843648
140117	7	16	59	0	0.0
140117	4	30	446	0	0.0
140117	49	8	36	0	0.0
140117	51	1	20	20	1.0
140117	18	7	28	0	0.0
140117	2	36	19	0	0.0
140117	8	25	46	0	0.0
140117	7	53	6	0	0.0
140117	45	1	2163	88	0.04068423485899214
140117	30	7	209	0	0.0
140117	5	29	22	0	0.0
140117	24	7	394	1	0.0025380710659898475
140117	3	12	26	0	0.0
140117	29	2	13571	3330	0.24537616977378232
140117	40	3	12	0	0.0
140117	1	10	1003	10	0.009970089730807577
140117	2	34	96	0	0.0
140117	1	8	7	0	0.0
140117	8	27	65	0	0.0
140117	26	7	675	1	0.0014814814814814814
140117	7	29	140	0	0.0
140117	1	12	51	0	0.0
140117	3	8	26	0	0.0
140117	5	53	48	5	0.10416666666666667
140117	3	10	314	0	0.0
140117	5	16	372	1	0.002688172043010753
140117	37	5	17	11	0.6470588235294118
140117	7	51	17	0	0.0
140117	16	2	50	4	0.08
140117	7	14	37	0	0.0
140117	47	1	591	9	0.015228426395939087
140117	42	3	9	0	0.0
140117	23	5	51	0	0.0
140117	6	48	12182	1081	0.08873748153012642
140117	4	16	6	0	0.0
140117	2	10	4874	7	0.001436192039392696
140117	46	1	100	0	0.0
140117	6	51	328	25	0.07621951219512195
140117	43	3	18	0	0.0
140117	1	36	53	0	0.0
140117	36	5	15	0	0.0
140117	7	48	654	0	0.0
140117	6	30	16794	1947	0.11593426223651304
140117	6	14	3259	17	0.005216324025774778
140117	22	5	1364	0	0.0
140117	6	29	1084	89	0.08210332103321033
140117	33	7	56	0	0.0
140117	27	7	49	0	0.0
140117	3	34	198	0	0.0
140117	7	34	23	0	0.0
140117	23	7	204	0	0.0
140117	4	8	79	0	0.0
140117	4	12	9	0	0.0
140117	37	7	43	0	0.0
140117	6	10	20	18	0.9
140117	3	48	1	0	0.0
140117	53	3	2	0	0.0
140117	9	4	38	0	0.0
140117	3	30	7	0	0.0
140117	27	5	11	0	0.0
140117	43	1	1050	51	0.04857142857142857
140117	42	1	202	2	0.009900990099009901
140117	3	51	2	0	0.0
140117	13	2	322	7	0.021739130434782608
140117	2	30	1139	165	0.14486391571553994
140117	33	5	20	0	0.0
140117	26	5	3066	1	0.00032615786040443573
140117	8	23	397	0	0.0
140117	2	51	27	25	0.9259259259259259
140117	1	32	1	0	0.0
140117	46	3	75	0	0.0
140117	52	3	2	0	0.0
140117	2	48	24	0	0.0
140117	7	10	9	2	0.2222222222222222
140117	3	29	623	0	0.0
140117	4	36	63	0	0.0
140117	22	7	123	2	0.016260162601626018
140117	5	8	340	13	0.03823529411764706
140117	44	3	4	0	0.0
140117	20	7	1689	1	0.0005920663114268798
140117	31	5	9	0	0.0
140117	4	34	482	0	0.0
140117	8	21	1225	0	0.0
140117	6	36	6	0	0.0
140117	8	6	740	106	0.14324324324324325
140117	41	1	4102	26	0.006338371526084837
140117	36	7	386	0	0.0
140117	1	29	1542	0	0.0
140117	7	8	2782	0	0.0
140117	6	34	8	4	0.5
140117	5	10	18	14	0.7777777777777778
140117	38	2	2	1	0.5
140117	25	5	5	0	0.0
140117	8	38	96	2	0.020833333333333332
140117	3	32	3	0	0.0
140117	18	5	187	0	0.0
140117	8	40	780	0	0.0
140117	1	30	59	0	0.0
140117	11	2	1580	33	0.02088607594936709
140117	45	3	104	0	0.0
140117	35	7	98	0	0.0
140117	39	2	5918	6	0.001013856032443393
140117	49	6	1107	55	0.04968383017163505
140117	4	10	53	0	0.0
140117	40	1	2	0	0.0
140117	24	5	676	1	0.0014792899408284023
140117	2	53	11	0	0.0
140117	21	7	253	0	0.0
140117	7	50	25	0	0.0
140117	9	6	44	0	0.0
140117	5	17	54	0	0.0
140117	4	33	83	0	0.0
140117	52	7	149	3	0.020134228187919462
140117	33	1	154	0	0.0
140117	17	8	9	0	0.0
140117	1	9	149	1	0.006711409395973154
140117	3	11	85	0	0.0
140117	27	1	55	0	0.0
140117	5	52	4299	176	0.04093975343103047
140117	22	3	944	0	0.0
140117	8	26	1218	0	0.0
140117	2	35	29	0	0.0
140117	1	13	109	0	0.0
140117	7	15	346	5	0.014450867052023121
140117	7	28	51	0	0.0
140117	6	28	481	36	0.07484407484407485
140117	1	37	11724	4	0.000341180484476288
140117	16	8	93	0	0.0
140117	7	49	2	0	0.0
140117	23	3	368	0	0.0
140117	37	3	911	0	0.0
140117	3	35	458	0	0.0
140117	26	1	13	0	0.0
140117	6	15	4069	42	0.010321946424182845
140117	6	17	293	8	0.027303754266211604
140117	4	15	6	0	0.0
140117	45	7	2	2	1.0
140117	21	3	1079	0	0.0
140117	6	52	3605	9	0.0024965325936199723
140117	6	50	1053	7	0.006647673314339981
140117	28	8	3206	0	0.0
140117	1	35	29	1	0.034482758620689655
140117	24	1	169	0	0.0
140117	54	5	497	4	0.008048289738430584
140117	39	6	24	3	0.125
140117	5	49	533	51	0.09568480300187618
140117	14	8	28	0	0.0
140117	28	4	187	0	0.0
140117	9	3	74	0	0.0
140117	11	6	53	1	0.018867924528301886
140117	40	5	1832	1	0.0005458515283842794
140117	5	28	192	0	0.0
140117	29	8	677	0	0.0
140117	3	13	9	0	0.0
140117	25	1	1779	1	0.0005621135469364812
140117	19	1	1595	1	0.0006269592476489029
140117	31	1	39	0	0.0
140117	15	8	277	1	0.0036101083032490976
140117	8	19	80	0	0.0
140117	4	31	3	0	0.0
140117	1	11	363	0	0.0
140117	2	37	1253	3	0.0023942537909018356
140117	7	17	6	0	0.0
140117	38	6	885	22	0.024858757062146894
140117	44	7	4	1	0.25
140117	6	33	28	0	0.0
140117	5	50	2004	176	0.08782435129740519
140117	20	3	1130	0	0.0
140117	8	24	2006	0	0.0
140117	1	15	79	72	0.9113924050632911
140117	8	20	896	0	0.0
140117	2	33	72	4	0.05555555555555555
140117	5	15	2888	408	0.14127423822714683
140117	40	7	41	0	0.0
140117	11	4	152	0	0.0
140117	39	8	39	0	0.0
140117	39	4	1817	0	0.0
140117	7	9	1	0	0.0
140117	24	3	412	0	0.0
140117	4	35	23	0	0.0
140117	45	5	12	9	0.75
140117	21	1	5437	5	0.0009196247930844216
140117	6	37	20	17	0.85
140117	1	49	1	1	1.0
140117	31	3	128	0	0.0
140117	1	28	30	0	0.0
140117	44	5	40	39	0.975
140117	11	8	12	0	0.0
140117	25	3	730	0	0.0
140117	10	8	1	0	0.0
140117	2	52	4	2	0.5
140117	8	41	1	0	0.0
140117	19	3	3319	0	0.0
140117	20	1	215	2	0.009302325581395349
140117	38	4	1	0	0.0
140117	3	33	140	0	0.0
140117	2	50	12	0	0.0
140117	4	13	52	0	0.0
140117	7	11	1	0	0.0
140117	43	7	5	0	0.0
140117	4	37	628	0	0.0
140117	27	3	370	0	0.0
140117	6	54	5619	133	0.023669692116034882
140117	6	35	21	1	0.047619047619047616
140117	22	1	703	3	0.004267425320056899
140117	6	41	12	0	0.0
140117	8	22	1725	0	0.0
140117	26	3	88	0	0.0
140117	23	1	231	0	0.0
140117	2	31	19	0	0.0
140117	3	15	3	0	0.0
140117	3	28	13	0	0.0
140117	4	43	22	0	0.0
140117	27	6	35	2	0.05714285714285714
140117	43	2	614	0	0.0
140117	36	8	7	0	0.0
140117	4	5	4	0	0.0
140117	8	9	9	0	0.0
140117	7	39	31	0	0.0
140117	6	7	459	11	0.023965141612200435
140117	26	6	661	4	0.006051437216338881
140117	2	45	3544	1	0.0002821670428893905
140117	37	8	3	0	0.0
140117	22	4	3055	0	0.0
140117	42	2	451	9	0.019955654101995565
140117	2	3	880	4	0.004545454545454545
140117	2	19	585	2	0.003418803418803419
140117	2	24	245	5	0.02040816326530612
140117	6	20	537	3	0.00558659217877095
140117	5	39	4	0	0.0
140117	23	4	2105	0	0.0
140117	35	8	32	0	0.0
140117	18	6	520	22	0.04230769230769231
140117	2	26	15	0	0.0
140117	2	1	2882	295	0.10235947258848022
140117	6	5	2866	504	0.17585484996510817
140117	4	20	1466	0	0.0
140117	6	22	4853	637	0.1312590150422419
140117	21	4	5368	0	0.0
140117	24	6	1739	335	0.1926394479585969
140117	39	1	5767	0	0.0
140117	40	2	19	1	0.05263157894736842
140117	4	7	66	0	0.0
140117	34	8	22	0	0.0
140117	5	7	1586	13	0.00819672131147541
140117	38	1	4	0	0.0
140117	8	50	31	0	0.0
140117	25	6	13	3	0.23076923076923078
140117	19	6	5	0	0.0
140117	6	43	14	0	0.0
140117	8	54	28	0	0.0
140117	5	3	9	0	0.0
140117	2	47	6331	9	0.001421576370241668
140117	1	3	2778	13	0.004679625629949604
140117	24	4	905	0	0.0
140117	4	41	1015	0	0.0
140117	7	1	69	6	0.08695652173913043
140117	39	3	453	0	0.0
140117	30	8	3251	0	0.0
140117	4	45	17	0	0.0
140117	41	2	12114	750	0.06191183754333829
140117	2	20	21	0	0.0
140117	2	22	933	54	0.05787781350482315
140117	21	6	804	103	0.1281094527363184
140117	6	47	7	0	0.0
140117	44	2	204	2	0.00980392156862745
140117	4	19	1230	0	0.0
140117	25	4	1060	0	0.0
140117	2	5	96	88	0.9166666666666666
140117	4	1	668	7	0.010479041916167664
140117	38	3	3	0	0.0
140117	8	33	114	0	0.0
140117	4	3	2917	0	0.0
140117	6	1	48	39	0.8125
140117	27	4	2517	0	0.0
140117	3	7	106	0	0.0
140117	2	7	31	12	0.3870967741935484
140117	4	26	96	0	0.0
140117	1	5	91	60	0.6593406593406593
140117	6	45	3	0	0.0
140117	8	52	14	0	0.0
140117	6	3	15	1	0.06666666666666667
140117	4	6	46	7	0.15217391304347827
140117	4	47	22	0	0.0
140117	46	2	76	0	0.0
140117	23	6	197	48	0.2436548223350254
140117	2	27	696	18	0.02586206896551724
140117	44	6	19	12	0.631578947368421
140117	38	7	721	3	0.004160887656033287
140117	5	38	2377	6	0.002524190155658393
140117	2	25	277	2	0.007220216606498195
140117	42	4	7	0	0.0
140117	46	6	16	0	0.0
140117	2	6	121	60	0.49586776859504134
140117	8	51	15	0	0.0
140117	23	2	526	26	0.049429657794676805
140117	6	40	1989	13	0.006535947712418301
140117	2	18	1	0	0.0
140117	53	8	2	0	0.0
140117	21	2	8652	858	0.09916782246879334
140117	4	40	58	0	0.0
140117	4	44	6	1	0.16666666666666666
140117	4	2	850	36	0.042352941176470586
140117	46	4	1	0	0.0
144226	41	3	322	0	0.0
144226	8	44	1	0	0.0
144226	1	34	128	0	0.0
144226	31	7	179	0	0.0
144226	25	7	96	0	0.0
144226	19	7	1113	0	0.0
144226	2	8	46	3	0.06521739130434782
144226	2	12	89	2	0.02247191011235955
144226	4	29	498	0	0.0
144226	3	36	42	0	0.0
144226	5	48	3664	97	0.026473799126637554
144226	6	53	110	0	0.0
144226	15	2	4	0	0.0
144226	50	1	22	0	0.0
144226	7	32	1	0	0.0
144226	20	5	3596	149	0.0414349276974416
144226	6	16	5676	47	0.00828047921071177
144226	44	1	470	19	0.04042553191489362
144226	35	5	21	0	0.0
144226	34	5	505	38	0.07524752475247524
144226	14	2	7	0	0.0
144226	5	30	2681	8	0.0029839612085042896
144226	48	8	358	0	0.0
144226	9	2	5025	34	0.006766169154228856
144226	4	14	3	0	0.0
144226	21	5	107	1	0.009345794392523364
144226	28	2	24	0	0.0
144226	7	16	19	0	0.0
144226	5	14	2723	8	0.0029379360998898272
144226	49	8	10	0	0.0
144226	5	51	460	35	0.07608695652173914
144226	7	53	13	0	0.0
144226	40	3	1	0	0.0
144226	29	2	22343	4257	0.19052947231795192
144226	4	30	687	0	0.0
144226	45	1	3008	76	0.02526595744680851
144226	8	25	217	0	0.0
144226	1	10	2571	48	0.01866977829638273
144226	24	7	58	1	0.017241379310344827
144226	18	7	7	0	0.0
144226	5	29	34	0	0.0
144226	2	36	54	8	0.14814814814814814
144226	30	7	101	3	0.0297029702970297
144226	1	8	53	2	0.03773584905660377
144226	8	27	512	0	0.0
144226	1	12	6	0	0.0
144226	26	7	90	0	0.0
144226	3	12	6	0	0.0
144226	3	8	42	0	0.0
144226	7	29	39	0	0.0
144226	2	34	100	8	0.08
144226	3	10	142	0	0.0
144226	42	3	86	0	0.0
144226	53	1	1	0	0.0
144226	5	53	120	6	0.05
144226	7	14	15	0	0.0
144226	47	1	375	5	0.013333333333333334
144226	5	16	4171	0	0.0
144226	6	48	9103	102	0.011205097220696474
144226	36	5	9	1	0.1111111111111111
144226	23	5	39	0	0.0
144226	16	2	63	0	0.0
144226	7	51	67	0	0.0
144226	6	14	6360	2	0.00031446540880503143
144226	46	1	113	2	0.017699115044247787
144226	6	51	413	0	0.0
144226	4	16	27	0	0.0
144226	22	5	6755	203	0.03005181347150259
144226	4	53	1	0	0.0
144226	7	48	184	0	0.0
144226	6	30	25264	3045	0.12052723242558581
144226	4	12	3	0	0.0
144226	2	10	5735	9	0.0015693112467306015
144226	43	3	60	0	0.0
144226	27	7	54	0	0.0
144226	37	7	116	0	0.0
144226	1	36	37	2	0.05405405405405406
144226	4	8	392	0	0.0
144226	7	34	673	0	0.0
144226	3	34	432	0	0.0
144226	33	7	288	0	0.0
144226	6	10	2	0	0.0
144226	23	7	264	0	0.0
144226	2	51	2	0	0.0
144226	9	4	15	0	0.0
144226	42	1	1275	17	0.013333333333333334
144226	6	29	1927	86	0.04462895692786715
144226	27	5	17	0	0.0
144226	3	30	16	0	0.0
144226	8	23	2011	0	0.0
144226	13	2	151	6	0.039735099337748346
144226	43	1	3141	83	0.026424705507800062
144226	26	5	2085	10	0.004796163069544364
144226	33	5	55	2	0.03636363636363636
144226	2	30	1059	142	0.13408876298394712
144226	2	48	38	0	0.0
144226	36	7	792	0	0.0
144226	7	10	5	0	0.0
144226	8	6	500	41	0.082
144226	52	3	1	0	0.0
144226	5	8	84	1	0.011904761904761904
144226	6	34	280	41	0.14642857142857144
144226	3	29	180	0	0.0
144226	20	7	3706	1	0.0002698327037236913
144226	22	7	2294	5	0.002179598953792502
144226	44	3	22	0	0.0
144226	6	36	26	0	0.0
144226	1	29	2940	0	0.0
144226	4	34	454	0	0.0
144226	50	3	3	0	0.0
144226	4	36	91	0	0.0
144226	46	3	36	0	0.0
144226	7	8	5055	0	0.0
144226	3	16	2	0	0.0
144226	8	40	477	0	0.0
144226	1	30	99	0	0.0
144226	49	6	637	2	0.0031397174254317113
144226	24	5	160	1	0.00625
144226	31	5	22	0	0.0
144226	25	5	5	0	0.0
144226	8	21	2419	0	0.0
144226	11	2	2026	31	0.015301085883514315
144226	3	32	13	0	0.0
144226	18	5	975	3	0.003076923076923077
144226	8	38	35	0	0.0
144226	45	3	153	0	0.0
144226	2	53	30	0	0.0
144226	41	1	3389	26	0.0076718796105045735
144226	19	5	9	1	0.1111111111111111
144226	54	1	1	0	0.0
144226	40	1	7	1	0.14285714285714285
144226	39	2	3778	9	0.002382212811011117
144226	35	7	193	0	0.0
144226	9	6	11	0	0.0
144226	4	33	207	0	0.0
144226	21	7	1166	0	0.0
144226	4	10	49	0	0.0
144226	1	13	73	0	0.0
144226	6	31	1	0	0.0
144226	8	26	220	0	0.0
144226	5	17	54	1	0.018518518518518517
144226	27	1	605	13	0.021487603305785124
144226	3	11	20	0	0.0
144226	52	7	232	0	0.0
144226	7	15	222	0	0.0
144226	1	9	598	0	0.0
144226	33	1	902	15	0.01662971175166297
144226	7	50	138	0	0.0
144226	5	52	3513	139	0.03956732137773982
144226	22	3	580	0	0.0
144226	2	35	20	0	0.0
144226	6	28	130	2	0.015384615384615385
144226	7	28	33	0	0.0
144226	2	54	39	0	0.0
144226	16	8	4	0	0.0
144226	3	35	873	0	0.0
144226	21	3	1117	1	0.0008952551477170994
144226	1	37	7533	4	0.0005309969467675561
144226	6	50	2135	0	0.0
144226	23	3	1352	0	0.0
144226	6	17	203	0	0.0
144226	7	49	34	0	0.0
144226	4	50	6	0	0.0
144226	45	7	1	0	0.0
144226	37	3	522	0	0.0
144226	28	4	133	0	0.0
144226	4	15	5	0	0.0
144226	6	15	4193	1	0.00023849272597185786
144226	9	3	19	0	0.0
144226	6	52	2700	0	0.0
144226	3	13	1	0	0.0
144226	5	49	594	24	0.04040404040404041
144226	14	8	1	0	0.0
144226	24	1	67	1	0.014925373134328358
144226	1	35	13	0	0.0
144226	5	28	45	0	0.0
144226	39	6	47	0	0.0
144226	11	6	52	0	0.0
144226	15	8	22	0	0.0
144226	31	1	413	0	0.0
144226	54	5	1720	55	0.03197674418604651
144226	29	8	488	0	0.0
144226	28	8	1134	0	0.0
144226	40	5	6514	3	0.000460546515198035
144226	25	1	2667	21	0.007874015748031496
144226	19	1	9382	38	0.004050309102536773
144226	1	11	622	1	0.001607717041800643
144226	2	37	683	0	0.0
144226	8	19	280	0	0.0
144226	7	17	2	0	0.0
144226	20	3	796	0	0.0
144226	8	20	285	0	0.0
144226	38	6	956	4	0.0041841004184100415
144226	44	7	4	0	0.0
144226	40	7	7	0	0.0
144226	11	4	15	0	0.0
144226	5	50	3083	142	0.046059033409017194
144226	2	33	262	4	0.015267175572519083
144226	5	15	5521	58	0.01050534323492121
144226	8	24	4815	0	0.0
144226	6	33	110	18	0.16363636363636364
144226	24	3	21	0	0.0
144226	39	4	849	0	0.0
144226	5	11	1	0	0.0
144226	6	37	1	0	0.0
144226	39	8	122	0	0.0
144226	31	3	482	0	0.0
144226	4	35	31	0	0.0
144226	11	8	7	0	0.0
144226	2	52	4	0	0.0
144226	20	1	72	3	0.041666666666666664
144226	27	3	289	0	0.0
144226	25	3	971	0	0.0
144226	1	28	15	0	0.0
144226	4	13	2	0	0.0
144226	2	50	52	0	0.0
144226	3	33	354	0	0.0
144226	19	3	6750	0	0.0
144226	43	7	3	0	0.0
144226	10	8	10	0	0.0
144226	21	1	11261	355	0.03152473137376787
144226	22	1	604	11	0.018211920529801324
144226	6	35	52	4	0.07692307692307693
144226	3	28	8	0	0.0
144226	6	54	7905	3	0.0003795066413662239
144226	7	11	1	0	0.0
144226	4	37	40	1	0.025
144226	26	3	7	0	0.0
144226	8	22	5133	0	0.0
144226	23	1	199	2	0.010050251256281407
144226	2	31	43	0	0.0
144226	27	6	160	20	0.125
144226	3	15	1	0	0.0
144226	4	43	48	0	0.0
144226	6	41	6	0	0.0
144226	22	4	3317	0	0.0
144226	36	8	13	0	0.0
144226	4	5	12	0	0.0
144226	8	9	2	0	0.0
144226	7	39	13	0	0.0
144226	43	2	2197	0	0.0
144226	2	45	2728	0	0.0
144226	37	8	2	0	0.0
144226	42	2	956	11	0.011506276150627616
144226	2	19	1434	0	0.0
144226	2	3	194	3	0.015463917525773196
144226	6	7	228	6	0.02631578947368421
144226	26	6	677	0	0.0
144226	6	20	1050	48	0.045714285714285714
144226	23	4	7019	0	0.0
144226	2	24	60	7	0.11666666666666667
144226	4	20	247	0	0.0
144226	18	6	1514	18	0.011889035667107
144226	2	1	4426	314	0.07094441934026209
144226	21	4	4082	0	0.0
144226	35	8	78	0	0.0
144226	6	5	5326	1470	0.2760045061960195
144226	5	39	3	0	0.0
144226	24	6	628	68	0.10828025477707007
144226	2	26	2	1	0.5
144226	6	22	16086	2674	0.16623150565709313
144226	4	7	34	0	0.0
144226	39	1	8112	12	0.0014792899408284023
144226	40	2	6	0	0.0
144226	25	6	46	2	0.043478260869565216
144226	19	6	40	3	0.075
144226	1	3	1535	8	0.005211726384364821
144226	8	50	42	0	0.0
144226	34	8	486	0	0.0
144226	5	7	844	6	0.0071090047393364926
144226	6	43	9	0	0.0
144226	8	54	36	0	0.0
144226	4	41	355	0	0.0
144226	41	2	7740	54	0.0069767441860465115
144226	24	4	563	0	0.0
144226	39	3	116	0	0.0
144226	2	47	5590	2	0.00035778175313059033
144226	5	3	14	1	0.07142857142857142
144226	7	1	39	1	0.02564102564102564
144226	30	8	336	1	0.002976190476190476
144226	21	6	1123	120	0.10685663401602849
144226	4	45	12	0	0.0
144226	4	3	1532	0	0.0
144226	2	5	2	0	0.0
144226	38	3	1	0	0.0
144226	4	19	1927	0	0.0
144226	25	4	908	0	0.0
144226	44	2	461	2	0.004338394793926247
144226	4	1	257	2	0.007782101167315175
144226	8	33	295	0	0.0
144226	2	22	1122	118	0.1051693404634581
144226	6	1	24	3	0.125
144226	2	20	8	0	0.0
144226	27	4	2500	0	0.0
144226	4	26	21	0	0.0
144226	6	3	13	0	0.0
144226	46	2	405	1	0.0024691358024691358
144226	2	7	16	0	0.0
144226	6	45	1	1	1.0
144226	3	7	356	0	0.0
144226	44	6	3	0	0.0
144226	5	38	2596	6	0.0023112480739599386
144226	4	47	10	0	0.0
144226	23	6	393	48	0.12213740458015267
144226	4	6	127	13	0.10236220472440945
144226	2	27	891	34	0.038159371492704826
144226	8	52	68	0	0.0
144226	4	40	61	0	0.0
144226	38	7	404	0	0.0
144226	42	4	10	0	0.0
144226	2	25	727	0	0.0
144226	6	40	1511	0	0.0
144226	46	6	10	0	0.0
144226	2	6	64	3	0.046875
144226	46	4	13	0	0.0
144226	23	2	596	91	0.15268456375838926
144226	4	44	1	0	0.0
144226	21	2	11428	1355	0.11856842842142107
144226	8	51	3	0	0.0
145834	2	8	24	1	0.041666666666666664
145834	1	34	127	1	0.007874015748031496
145834	2	12	271	1	0.0036900369003690036
144226	53	8	5	0	0.0
145834	31	7	313	0	0.0
144226	4	2	455	31	0.06813186813186813
145834	4	29	2617	0	0.0
145834	25	7	9	0	0.0
145834	3	36	253	0	0.0
145834	41	3	28	0	0.0
145834	19	7	1293	0	0.0
145834	44	1	275	23	0.08363636363636363
145834	5	30	2179	0	0.0
145834	5	48	2315	374	0.1615550755939525
145834	9	2	3016	4	0.001326259946949602
145834	48	8	311	0	0.0
145834	6	16	3150	139	0.044126984126984126
145834	14	2	4	0	0.0
145834	6	53	327	24	0.07339449541284404
145834	7	32	1284	0	0.0
145834	34	5	51	1	0.0196078431372549
145834	4	14	4	0	0.0
145834	50	1	3	0	0.0
145834	28	2	15	0	0.0
145834	35	5	97	1	0.010309278350515464
145834	5	51	153	59	0.38562091503267976
145834	5	14	210	13	0.06190476190476191
145834	6	32	10	0	0.0
145834	8	18	8	1	0.125
145834	21	5	85	0	0.0
145834	49	8	46	0	0.0
145834	20	5	18873	201	0.010650135113654428
145834	4	30	139	0	0.0
145834	7	53	2	0	0.0
145834	7	16	21	0	0.0
145834	8	25	5	0	0.0
145834	29	2	13912	1588	0.1141460609545716
145834	40	3	10	0	0.0
145834	45	1	3082	126	0.040882543802725504
145834	1	10	832	20	0.02403846153846154
145834	18	7	5	0	0.0
145834	3	8	23	0	0.0
145834	30	7	150	0	0.0
145834	5	29	26	0	0.0
145834	2	36	34	3	0.08823529411764706
145834	24	7	477	0	0.0
145834	1	8	8	0	0.0
145834	3	12	5	0	0.0
145834	8	27	29	0	0.0
145834	1	12	46	0	0.0
145834	7	29	204	0	0.0
145834	26	7	205	0	0.0
145834	2	34	125	11	0.088
145834	3	10	75	0	0.0
145834	42	3	1	0	0.0
145834	7	51	23	0	0.0
145834	5	53	69	23	0.3333333333333333
145834	5	16	602	14	0.023255813953488372
145834	7	14	8	0	0.0
145834	37	5	3	0	0.0
145834	16	2	41	0	0.0
145834	47	1	367	33	0.08991825613079019
145834	23	5	12	0	0.0
145834	36	5	53	0	0.0
145834	22	5	1299	7	0.005388760585065435
145834	4	53	3	0	0.0
145834	43	3	43	0	0.0
145834	6	14	2997	28	0.009342676009342675
145834	5	32	87	1	0.011494252873563218
145834	7	48	28	0	0.0
145834	46	1	120	5	0.041666666666666664
145834	4	16	26	0	0.0
145834	6	51	249	10	0.040160642570281124
145834	6	48	10664	1558	0.14609902475618905
145834	1	36	75	0	0.0
145834	6	30	23321	3310	0.14193216414390464
145834	27	7	11	0	0.0
145834	2	10	3637	5	0.0013747594171020072
145834	6	29	1692	162	0.09574468085106383
145834	3	34	223	0	0.0
145834	3	48	5	0	0.0
145834	7	34	207	0	0.0
145834	4	8	48	0	0.0
145834	33	7	376	0	0.0
145834	9	4	8	0	0.0
145834	37	7	35	0	0.0
145834	33	5	54	1	0.018518518518518517
145834	42	1	420	10	0.023809523809523808
145834	3	51	2	0	0.0
145834	23	7	46	0	0.0
145834	26	5	1539	46	0.029889538661468484
145834	53	3	1	0	0.0
145834	3	30	4	0	0.0
145834	3	14	1	0	0.0
145834	13	2	417	2	0.004796163069544364
145834	46	3	26	0	0.0
145834	7	10	1	0	0.0
145834	6	34	100	13	0.13
145834	4	34	431	0	0.0
145834	43	1	1861	150	0.08060182697474476
145834	4	36	77	0	0.0
145834	2	30	245	13	0.053061224489795916
145834	52	3	3	0	0.0
145834	22	7	787	0	0.0
145834	8	23	152	0	0.0
145834	3	29	298	0	0.0
145834	7	8	2016	0	0.0
145834	1	29	1103	0	0.0
145834	5	8	142	4	0.028169014084507043
145834	2	48	2	0	0.0
145834	36	7	2006	0	0.0
145834	8	6	463	41	0.08855291576673865
145834	19	5	6	0	0.0
145834	6	36	40	1	0.025
145834	38	2	6	1	0.16666666666666666
145834	44	3	26	0	0.0
145834	41	1	1694	22	0.012987012987012988
145834	49	6	1792	174	0.09709821428571429
145834	8	40	92	0	0.0
145834	1	30	1	0	0.0
145834	24	5	588	1	0.0017006802721088435
145834	8	21	1229	0	0.0
145834	3	32	41	0	0.0
145834	18	5	226	13	0.05752212389380531
145834	11	2	2321	16	0.006893580353295993
145834	31	5	30	0	0.0
145834	39	2	3538	8	0.0022611644997173543
145834	20	7	16165	3	0.00018558614290133005
145834	35	7	376	0	0.0
145834	7	50	29	0	0.0
145834	4	33	229	0	0.0
145834	9	6	4	0	0.0
145834	2	53	20	0	0.0
145834	8	38	49	1	0.02040816326530612
145834	5	17	85	19	0.2235294117647059
145834	22	3	483	0	0.0
145834	52	7	81	0	0.0
145834	4	10	15	0	0.0
145834	7	15	53	0	0.0
145834	21	7	906	0	0.0
145834	3	11	42	0	0.0
145834	45	3	207	0	0.0
145834	33	1	203	0	0.0
145834	27	1	251	0	0.0
145834	1	13	66	1	0.015151515151515152
145834	8	26	365	0	0.0
145834	1	9	221	0	0.0
145834	5	52	1986	431	0.21701913393756295
145834	6	28	1618	114	0.07045735475896168
145834	7	49	12	0	0.0
145834	2	35	33	1	0.030303030303030304
145834	7	28	61	0	0.0
145834	3	35	958	0	0.0
145834	16	8	22	0	0.0
145834	26	1	6	0	0.0
145834	1	37	8224	11	0.0013375486381322957
145834	6	52	2268	11	0.0048500881834215165
145834	23	3	656	0	0.0
145834	2	54	8	0	0.0
145834	6	17	233	7	0.030042918454935622
145834	37	3	650	0	0.0
145834	21	3	2622	0	0.0
145834	6	15	2544	20	0.007861635220125786
145834	6	50	1377	18	0.013071895424836602
145834	39	6	4	0	0.0
145834	9	3	22	0	0.0
145834	11	6	36	4	0.1111111111111111
145834	28	4	26	0	0.0
145834	1	35	65	0	0.0
145834	24	1	40	0	0.0
145834	40	5	2329	9	0.0038643194504079004
145834	14	8	8	1	0.125
145834	5	49	760	199	0.2618421052631579
145834	54	5	1086	254	0.23388581952117865
145834	28	8	305	0	0.0
145834	5	28	241	2	0.008298755186721992
145834	3	13	3	0	0.0
145834	29	8	397	0	0.0
145834	7	17	9	0	0.0
145834	15	8	17	0	0.0
145834	1	11	508	2	0.003937007874015748
145834	5	15	458	118	0.2576419213973799
145834	38	6	2311	60	0.025962786672436174
145834	6	33	147	15	0.10204081632653061
145834	8	24	2172	0	0.0
145834	31	1	1540	0	0.0
145834	8	20	8211	0	0.0
145834	8	19	37	0	0.0
145834	20	3	864	0	0.0
145834	25	1	2105	9	0.004275534441805225
145834	19	1	16724	81	0.004843338914135374
145834	2	37	2676	0	0.0
145834	5	50	1744	570	0.3268348623853211
145834	4	31	11	0	0.0
145834	18	3	1	0	0.0
145834	39	4	515	0	0.0
145834	2	33	110	7	0.06363636363636363
145834	6	37	4	0	0.0
145834	1	28	5	0	0.0
145834	4	35	86	0	0.0
145834	10	8	1	0	0.0
145834	40	7	28	0	0.0
145834	39	8	10	0	0.0
145834	24	3	37	0	0.0
145834	7	9	2	0	0.0
145834	11	8	5	0	0.0
145834	21	1	4673	17	0.0036379199657607534
145834	11	4	26	0	0.0
145834	20	1	40	0	0.0
145834	25	3	314	0	0.0
145834	8	41	9	0	0.0
145834	31	3	3057	0	0.0
145834	2	50	25	0	0.0
145834	22	1	215	0	0.0
145834	27	3	148	0	0.0
145834	38	4	3	0	0.0
145834	19	3	16782	66	0.003932785126921702
145834	4	13	4	0	0.0
145834	43	7	1	0	0.0
145834	6	54	8271	280	0.03385322210131786
145834	3	33	327	2	0.0061162079510703364
145834	6	35	59	4	0.06779661016949153
145834	3	28	7	0	0.0
145834	7	11	1	0	0.0
145834	27	6	22	0	0.0
145834	23	1	668	0	0.0
145834	4	43	35	0	0.0
145834	6	41	1	0	0.0
145834	4	37	66	0	0.0
145834	26	3	13	0	0.0
145834	2	45	2337	0	0.0
145834	8	22	1988	0	0.0
145834	2	31	87	0	0.0
145834	36	8	80	0	0.0
145834	43	2	2219	0	0.0
145834	22	4	1778	0	0.0
145834	4	5	7	0	0.0
145834	42	2	601	5	0.008319467554076539
145834	2	24	196	6	0.030612244897959183
145834	7	39	3	0	0.0
145834	23	4	2259	0	0.0
145834	2	19	3408	24	0.007042253521126761
145834	2	1	3152	272	0.08629441624365482
145834	6	20	5827	264	0.045306332589668784
145834	2	3	261	7	0.02681992337164751
145834	4	20	127	0	0.0
145834	6	7	236	8	0.03389830508474576
145834	26	6	1129	37	0.03277236492471213
145834	6	5	2472	833	0.33697411003236244
145834	6	22	6773	994	0.14675919090506423
145834	21	4	3979	0	0.0
145834	18	6	1234	71	0.05753646677471637
145834	39	1	7943	4	0.0005035880649628604
145834	35	8	80	0	0.0
145834	2	26	15	0	0.0
145834	4	7	43	0	0.0
145834	40	2	4	0	0.0
145834	19	6	18	0	0.0
145834	24	6	2993	410	0.136986301369863
145834	34	8	93	0	0.0
145834	5	7	1218	20	0.016420361247947456
145834	41	2	9878	71	0.0071876898157521765
145834	4	41	335	0	0.0
145834	44	2	629	13	0.02066772655007949
145834	8	54	5	0	0.0
145834	39	3	159	0	0.0
145834	8	50	17	0	0.0
145834	5	3	50	0	0.0
145834	24	4	303	0	0.0
145834	7	1	83	1	0.012048192771084338
145834	6	43	22	0	0.0
145834	4	45	14	0	0.0
145834	1	3	1518	12	0.007905138339920948
145834	21	6	1693	53	0.03130537507383343
145834	30	8	3399	0	0.0
145834	2	5	1	0	0.0
145834	2	47	8119	0	0.0
145834	8	33	214	0	0.0
145834	3	7	269	0	0.0
145834	4	3	1475	0	0.0
145834	4	26	25	0	0.0
145834	2	20	14	0	0.0
145834	2	7	19	0	0.0
145834	6	1	4	1	0.25
145834	25	4	518	0	0.0
145834	46	2	481	3	0.006237006237006237
145834	2	22	1098	26	0.023679417122040074
145834	4	1	336	0	0.0
145834	6	45	3	0	0.0
145834	38	3	36	0	0.0
145834	6	3	34	4	0.11764705882352941
145834	27	4	1621	0	0.0
145834	5	38	2735	63	0.02303473491773309
145834	23	6	260	14	0.05384615384615385
145834	4	19	8009	0	0.0
145834	2	27	1764	24	0.013605442176870748
145834	4	47	7	0	0.0
145834	38	7	762	0	0.0
145834	4	6	53	3	0.05660377358490566
145834	21	2	9342	1069	0.1144294583600942
145834	4	40	6	0	0.0
145834	44	6	2	0	0.0
145834	8	52	6	0	0.0
145834	6	40	3512	29	0.00825740318906606
145834	46	6	27	0	0.0
145834	8	51	7	0	0.0
145834	4	2	459	45	0.09803921568627451
145834	2	6	34	4	0.11764705882352941
145834	42	4	2	0	0.0
145834	2	25	1087	4	0.0036798528058877645
145834	4	44	15	0	0.0
145834	23	2	1953	182	0.0931899641577061
145834	46	4	17	0	0.0
146129	1	34	108	4	0.037037037037037035
146129	25	7	112	0	0.0
146129	2	8	76	14	0.18421052631578946
146129	2	12	2110	4	0.0018957345971563982
146129	6	53	16	0	0.0
146129	3	36	77	0	0.0
146129	31	7	51	0	0.0
146129	19	7	2335	0	0.0
146129	41	3	92	0	0.0
146129	4	29	5478	0	0.0
146129	5	48	2664	43	0.01614114114114114
146129	44	1	312	24	0.07692307692307693
146129	48	8	637	0	0.0
146129	5	30	1843	11	0.005968529571351058
146129	9	2	4796	11	0.0022935779816513763
146129	7	32	64	0	0.0
146129	34	5	79	3	0.0379746835443038
146129	6	16	3253	36	0.011066707654472794
146129	15	2	55	50	0.9090909090909091
146129	35	5	82	3	0.036585365853658534
146129	28	2	17	0	0.0
146129	5	14	233	0	0.0
146129	6	32	3	0	0.0
146129	49	8	62	0	0.0
146129	8	18	9	0	0.0
146129	21	5	219	5	0.0228310502283105
146129	14	2	1	0	0.0
146129	5	51	107	14	0.1308411214953271
146129	20	5	15521	453	0.0291862637716642
146129	51	1	7	7	1.0
146129	4	30	248	0	0.0
146129	2	36	121	15	0.12396694214876033
146129	29	2	22766	4674	0.20530615830624616
146129	18	7	17	0	0.0
146129	40	3	34	0	0.0
146129	7	53	1	0	0.0
146129	7	16	58	0	0.0
146129	5	29	8	0	0.0
146129	45	1	3411	310	0.09088243916739959
146129	30	7	322	0	0.0
146129	3	12	37	0	0.0
146129	8	25	219	0	0.0
146129	1	10	1592	35	0.02198492462311558
146129	24	7	2567	0	0.0
146129	1	8	45	2	0.044444444444444446
146129	3	8	118	0	0.0
146129	1	12	128	1	0.0078125
146129	8	27	220	0	0.0
146129	2	34	97	3	0.030927835051546393
146129	26	7	2074	0	0.0
146129	3	10	71	0	0.0
146129	7	29	45	0	0.0
146129	47	1	190	15	0.07894736842105263
146129	5	53	7	0	0.0
146129	6	48	7171	278	0.03876725700739088
146129	5	16	799	1	0.0012515644555694619
146129	16	2	33	0	0.0
146129	7	14	8	0	0.0
146129	37	5	46	1	0.021739130434782608
146129	7	51	18	0	0.0
146129	23	5	28	0	0.0
146129	42	3	13	0	0.0
146129	6	14	3615	7	0.0019363762102351315
146129	6	30	25911	3315	0.1279379414148431
146129	22	5	3412	152	0.044548651817116064
146129	6	51	449	12	0.026726057906458798
146129	36	5	131	2	0.015267175572519083
146129	46	1	62	3	0.04838709677419355
146129	43	3	9	0	0.0
146129	4	16	11	0	0.0
146129	5	32	105	1	0.009523809523809525
146129	1	36	37	1	0.02702702702702703
146129	7	48	44	0	0.0
146129	33	7	232	0	0.0
146129	6	29	3070	202	0.06579804560260587
146129	3	34	351	0	0.0
146129	27	7	27	0	0.0
146129	2	10	11537	25	0.002166941145878478
146129	37	7	31	0	0.0
146129	4	8	117	0	0.0
146129	7	34	225	0	0.0
146129	3	48	2	0	0.0
146129	4	12	7	0	0.0
146129	23	7	105	0	0.0
146129	8	42	1	0	0.0
146129	27	5	2	0	0.0
146129	6	10	15	15	1.0
146129	13	2	863	11	0.012746234067207415
146129	42	1	591	48	0.08121827411167512
146129	1	32	19	0	0.0
146129	9	4	10	0	0.0
146129	2	51	6	5	0.8333333333333334
146129	3	30	34	0	0.0
146129	26	5	3873	134	0.034598502452878904
146129	33	5	174	7	0.040229885057471264
146129	3	14	1	0	0.0
146129	46	3	21	0	0.0
146129	43	1	409	35	0.08557457212713937
146129	4	36	173	0	0.0
146129	36	7	664	0	0.0
146129	7	10	2	0	0.0
146129	3	29	654	0	0.0
146129	6	34	68	8	0.11764705882352941
146129	4	34	326	0	0.0
146129	8	23	668	0	0.0
146129	3	51	8	0	0.0
146129	5	8	324	11	0.033950617283950615
146129	22	7	1914	0	0.0
146129	1	29	1211	3	0.002477291494632535
146129	2	48	3	0	0.0
146129	8	6	715	82	0.11468531468531469
146129	7	8	3392	0	0.0
146129	2	30	317	10	0.031545741324921134
146129	6	36	83	11	0.13253012048192772
146129	5	10	10	7	0.7
146129	44	3	35	0	0.0
146129	2	32	11	0	0.0
146129	50	3	4	0	0.0
146129	8	21	2227	0	0.0
146129	19	5	439	8	0.018223234624145785
146129	25	5	8	1	0.125
146129	41	1	2407	62	0.02575820523473203
146129	20	7	11393	3	0.00026331958219959624
146129	11	2	4386	39	0.008891928864569083
146129	8	40	307	0	0.0
146129	49	6	439	13	0.029612756264236904
146129	3	32	14	0	0.0
146129	38	2	3	0	0.0
146129	40	1	6	1	0.16666666666666666
146129	1	30	3	0	0.0
146129	31	5	41	0	0.0
146129	39	2	4922	42	0.008533116619260463
146129	18	5	432	0	0.0
146129	24	5	1366	13	0.00951683748169839
146129	45	3	23	0	0.0
146129	8	38	75	0	0.0
146129	4	10	66	0	0.0
146129	52	7	14	0	0.0
146129	35	7	109	0	0.0
146129	1	9	247	0	0.0
146129	5	17	5	0	0.0
146129	4	33	119	0	0.0
146129	27	1	1790	134	0.07486033519553073
146129	7	50	16	0	0.0
146129	21	7	477	0	0.0
146129	33	1	122	8	0.06557377049180328
146129	9	6	1	0	0.0
146129	5	52	2132	112	0.0525328330206379
146129	7	15	87	1	0.011494252873563218
146129	3	11	110	0	0.0
146129	22	3	1120	0	0.0
146129	7	49	2	0	0.0
146129	1	13	143	0	0.0
146129	7	28	443	0	0.0
146129	2	35	40	5	0.125
146129	6	28	845	66	0.07810650887573964
146129	8	26	541	0	0.0
146129	26	1	5	1	0.2
146129	3	35	797	0	0.0
146129	37	3	1156	2	0.0017301038062283738
146129	4	15	6	0	0.0
146129	6	15	4179	19	0.004546542234984446
146129	23	3	968	0	0.0
146129	6	50	772	2	0.0025906735751295338
146129	16	8	7	0	0.0
146129	1	37	12288	126	0.01025390625
146129	21	3	1938	0	0.0
146129	9	3	15	0	0.0
146129	39	6	36	1	0.027777777777777776
146129	11	6	32	3	0.09375
146129	1	35	39	3	0.07692307692307693
146129	5	28	417	5	0.011990407673860911
146129	28	8	629	0	0.0
146129	5	49	154	4	0.025974025974025976
146129	14	8	5	0	0.0
146129	28	4	61	0	0.0
146129	24	1	25	2	0.08
146129	40	5	4830	66	0.013664596273291925
146129	6	52	1252	0	0.0
146129	6	17	64	1	0.015625
146129	3	13	5	0	0.0
146129	8	24	2469	0	0.0
146129	54	5	1904	51	0.026785714285714284
146129	1	11	687	2	0.002911208151382824
146129	25	1	3040	212	0.06973684210526315
146129	38	6	2154	17	0.007892293407613741
146129	29	8	1305	0	0.0
146129	15	8	101	1	0.009900990099009901
146129	31	1	954	4	0.0041928721174004195
146129	2	37	2910	3	0.0010309278350515464
146129	44	7	6	0	0.0
146129	5	15	1686	95	0.05634638196915777
146129	24	3	256	0	0.0
146129	20	3	1288	0	0.0
146129	4	31	3	0	0.0
146129	1	15	23	16	0.6956521739130435
146129	19	1	15256	706	0.0462768746722601
146129	2	33	59	4	0.06779661016949153
146129	11	4	117	0	0.0
146129	6	33	184	20	0.10869565217391304
146129	8	20	7194	0	0.0
146129	8	19	1652	0	0.0
146129	6	37	1	0	0.0
146129	40	7	352	0	0.0
146129	5	50	722	53	0.07340720221606649
146129	39	4	1632	0	0.0
146129	10	8	4	0	0.0
146129	38	4	2	0	0.0
146129	44	5	94	91	0.9680851063829787
146129	3	33	160	0	0.0
146129	2	50	1	0	0.0
146129	21	1	4822	431	0.08938199917046868
146129	4	35	47	0	0.0
146129	11	8	22	0	0.0
146129	39	8	59	0	0.0
146129	8	41	5	0	0.0
146129	43	7	8	0	0.0
146129	31	3	448	0	0.0
146129	25	3	3886	0	0.0
146129	41	7	1	0	0.0
146129	20	1	157	1	0.006369426751592357
146129	22	1	208	8	0.038461538461538464
146129	9	5	1	0	0.0
146129	19	3	23132	6	0.0002593809441466367
146129	4	13	42	0	0.0
146129	27	3	2047	0	0.0
146129	3	28	40	0	0.0
146129	26	3	105	0	0.0
146129	23	1	235	4	0.01702127659574468
146129	6	35	231	36	0.15584415584415584
146129	4	37	475	0	0.0
146129	7	11	2	0	0.0
146129	4	43	6	0	0.0
146129	3	15	24	0	0.0
146129	22	4	1726	0	0.0
146129	6	54	11794	14	0.0011870442597931151
146129	2	31	168	0	0.0
146129	36	8	44	0	0.0
146129	8	22	3723	0	0.0
146129	2	45	2620	60	0.022900763358778626
146129	8	9	1	0	0.0
146129	27	6	133	3	0.022556390977443608
146129	37	8	6	0	0.0
146129	42	2	1243	61	0.04907481898632341
146129	6	7	482	85	0.17634854771784234
146129	2	24	245	14	0.05714285714285714
146129	23	4	2671	0	0.0
146129	43	2	984	23	0.023373983739837397
146129	4	5	20	1	0.05
146129	2	19	2599	49	0.018853405155829166
146129	26	6	2220	101	0.045495495495495496
146129	2	1	3260	325	0.09969325153374232
146129	7	39	19	0	0.0
146129	2	3	273	25	0.09157509157509157
146129	6	20	4928	303	0.06148538961038961
146129	4	20	284	0	0.0
146129	21	4	3770	1	0.0002652519893899204
146129	5	39	5	0	0.0
146129	4	7	50	0	0.0
146129	18	6	1117	7	0.006266786034019696
146129	35	8	150	0	0.0
146129	5	7	1027	41	0.03992210321324245
146129	24	6	3124	342	0.10947503201024328
146129	6	5	3301	542	0.16419266888821568
146129	6	22	11539	1626	0.14091342404021145
146129	40	2	10	0	0.0
146129	38	1	7	0	0.0
146129	25	6	111	3	0.02702702702702703
146129	39	1	11164	220	0.019706198495163023
146129	34	8	117	0	0.0
146129	7	1	31	1	0.03225806451612903
146129	8	54	22	0	0.0
146129	4	41	586	0	0.0
146129	24	4	371	0	0.0
146129	19	6	566	17	0.030035335689045935
146129	6	43	5	0	0.0
146129	1	3	1300	71	0.054615384615384614
146129	8	50	7	0	0.0
146129	41	2	11312	232	0.02050919377652051
146129	39	3	2245	0	0.0
146129	4	45	6	0	0.0
146129	30	8	1778	0	0.0
146129	5	3	42	5	0.11904761904761904
146129	44	2	351	16	0.045584045584045586
146129	21	6	2795	147	0.05259391771019678
146129	2	47	11727	48	0.004093118444614991
146129	2	5	41	35	0.8536585365853658
146129	25	4	1931	0	0.0
146129	31	8	1	0	0.0
146129	6	1	41	26	0.6341463414634146
146129	2	20	24	0	0.0
146129	4	3	1671	0	0.0
146129	4	19	7147	0	0.0
146129	4	1	410	17	0.041463414634146344
146129	38	3	11	0	0.0
146129	2	22	1055	67	0.06350710900473934
146129	8	33	374	0	0.0
146129	27	4	3999	0	0.0
146129	6	3	57	7	0.12280701754385964
146129	46	2	82	1	0.012195121951219513
146129	4	26	45	0	0.0
146129	3	7	168	0	0.0
146129	2	7	14	0	0.0
146129	4	47	5	0	0.0
146129	38	7	282	0	0.0
146129	1	5	26	17	0.6538461538461539
146129	4	6	77	8	0.1038961038961039
146129	23	6	494	36	0.0728744939271255
146129	2	27	3168	287	0.09059343434343434
146129	8	52	5	0	0.0
146129	44	6	9	6	0.6666666666666666
146129	5	38	4957	25	0.005043373007867662
146129	4	40	41	0	0.0
146129	42	4	160	0	0.0
146129	23	2	909	112	0.12321232123212321
146129	46	6	5	0	0.0
146129	6	40	4213	27	0.006408734868264894
146129	21	2	11419	1729	0.15141430948419302
146129	2	25	755	24	0.031788079470198675
146129	46	4	1	0	0.0
146129	4	44	16	0	0.0
146129	53	8	1	0	0.0
146129	2	6	122	62	0.5081967213114754
146129	4	2	1049	137	0.1306005719733079
146432	25	7	92	0	0.0
146432	2	8	61	2	0.03278688524590164
146432	31	7	32	0	0.0
146129	8	51	34	0	0.0
146432	2	12	144	2	0.013888888888888888
146432	1	34	752	32	0.0425531914893617
146432	41	3	22	0	0.0
146432	19	7	2830	0	0.0
146432	3	36	228	0	0.0
146432	4	29	2364	0	0.0
146432	6	53	35	0	0.0
146432	44	1	549	55	0.10018214936247723
146432	5	48	1124	47	0.04181494661921708
146432	6	16	2090	7	0.0033492822966507177
146432	5	30	4405	1	0.00022701475595913735
146432	9	2	3549	2	0.0005635390250774866
146432	7	32	89	0	0.0
146432	48	8	447	0	0.0
146432	34	5	123	1	0.008130081300813009
146432	21	5	470	7	0.014893617021276596
146432	28	2	14	0	0.0
146432	5	51	452	112	0.24778761061946902
146432	6	32	2	0	0.0
146432	35	5	109	4	0.03669724770642202
146432	8	18	5	0	0.0
146432	5	14	666	0	0.0
146432	4	30	83	0	0.0
146432	7	16	108	0	0.0
146432	45	1	1852	73	0.03941684665226782
146432	20	5	18598	251	0.013496074846757716
146432	49	8	2	0	0.0
146432	29	2	13493	1193	0.08841621581560809
146432	1	10	896	2	0.002232142857142857
146432	8	25	34	0	0.0
146432	40	3	35	0	0.0
146432	30	7	381	0	0.0
146432	24	7	7170	0	0.0
146432	2	36	57	4	0.07017543859649122
146432	5	29	4	0	0.0
146432	3	12	4	0	0.0
146432	8	27	71	0	0.0
146432	18	7	13	0	0.0
146432	1	8	61	2	0.03278688524590164
146432	3	8	616	0	0.0
146432	7	29	26	0	0.0
146432	3	10	84	0	0.0
146432	26	7	570	0	0.0
146432	1	12	30	0	0.0
146432	2	34	145	8	0.05517241379310345
146432	7	51	34	0	0.0
146432	42	3	15	0	0.0
146432	47	1	1	0	0.0
146432	4	32	6	0	0.0
146432	5	53	32	8	0.25
146432	7	14	39	0	0.0
146432	16	2	6	0	0.0
146432	6	51	714	6	0.008403361344537815
146432	6	48	10576	378	0.035741301059001515
146432	5	16	1583	0	0.0
146432	5	32	23	1	0.043478260869565216
146432	36	5	45	1	0.022222222222222223
146432	6	14	3658	6	0.0016402405686167304
146432	7	48	12	0	0.0
146432	46	1	64	6	0.09375
146432	23	5	102	2	0.0196078431372549
146432	22	5	4906	25	0.005095801059926621
146432	43	3	25	0	0.0
146432	6	30	17284	2908	0.1682480907197408
146432	4	12	2	0	0.0
146432	6	29	159	7	0.0440251572327044
146432	1	32	2	0	0.0
146432	3	34	1423	0	0.0
146432	1	36	113	3	0.02654867256637168
146432	3	30	3	0	0.0
146432	2	10	5134	5	0.0009738994935722633
146432	27	7	34	0	0.0
146432	33	7	1001	0	0.0
146432	4	8	256	0	0.0
146432	13	2	378	1	0.0026455026455026454
146432	37	7	3	0	0.0
146432	27	5	3	0	0.0
146432	26	5	2422	21	0.008670520231213872
146432	42	1	1560	45	0.028846153846153848
146432	7	34	386	0	0.0
146432	33	5	803	24	0.029887920298879204
146432	23	7	504	0	0.0
146432	9	4	23	0	0.0
146432	22	7	4977	0	0.0
146432	4	36	110	0	0.0
146432	46	3	2	0	0.0
146432	8	23	709	0	0.0
146432	2	30	71	1	0.014084507042253521
146432	43	1	794	27	0.03400503778337532
146432	36	7	1044	0	0.0
146432	4	34	1730	0	0.0
146432	5	8	545	4	0.007339449541284404
146432	7	10	3	0	0.0
146432	7	8	2729	0	0.0
146432	1	29	1816	0	0.0
146432	3	29	254	0	0.0
146432	6	34	85	7	0.08235294117647059
146432	8	6	824	177	0.21480582524271843
146432	44	3	25	0	0.0
146432	25	5	10	0	0.0
146432	11	2	2240	2	0.0008928571428571428
146432	41	1	2366	16	0.006762468300929839
146432	31	5	1	0	0.0
146432	19	5	278	4	0.014388489208633094
146432	8	21	3261	0	0.0
146432	6	36	32	4	0.125
146432	20	7	14753	0	0.0
146432	40	1	3	0	0.0
146432	3	32	48	0	0.0
146432	35	7	226	0	0.0
146432	8	40	551	0	0.0
146432	1	30	1	0	0.0
146432	45	3	147	0	0.0
146432	39	2	3355	4	0.0011922503725782414
146432	24	5	1605	1	0.0006230529595015577
146432	8	38	10	0	0.0
146432	2	53	1	0	0.0
146432	18	5	478	1	0.0020920502092050207
146432	21	7	2832	0	0.0
146432	4	10	39	0	0.0
146432	4	33	345	0	0.0
146432	49	6	2445	38	0.015541922290388548
146432	7	50	6	0	0.0
146432	6	31	1	0	0.0
146432	3	11	162	0	0.0
146432	7	15	86	0	0.0
146432	5	17	75	0	0.0
146432	5	52	2536	253	0.0997634069400631
146432	52	7	34	0	0.0
146432	27	1	429	0	0.0
146432	8	26	1038	0	0.0
146432	22	3	3674	0	0.0
146432	2	35	46	0	0.0
146432	1	13	136	0	0.0
146432	33	1	604	20	0.033112582781456956
146432	1	9	400	0	0.0
146432	7	28	380	0	0.0
146432	16	8	22	0	0.0
146432	28	4	114	0	0.0
146432	6	28	551	34	0.06170598911070781
146432	23	3	4698	0	0.0
146432	26	1	1	0	0.0
146432	7	49	1	0	0.0
146432	6	15	3836	7	0.0018248175182481751
146432	3	35	259	0	0.0
146432	37	3	109	0	0.0
146432	6	17	198	1	0.005050505050505051
146432	21	3	5711	0	0.0
146432	6	50	680	0	0.0
146432	1	37	2876	4	0.0013908205841446453
146432	9	3	53	0	0.0
146432	6	52	6293	6	0.0009534403305259812
146432	39	6	13	0	0.0
146432	14	8	11	0	0.0
146432	11	6	2	0	0.0
146432	24	1	49	1	0.02040816326530612
146432	1	35	98	2	0.02040816326530612
146432	28	8	2112	0	0.0
146432	5	28	410	2	0.004878048780487805
146432	40	5	2266	4	0.00176522506619594
146432	29	8	158	0	0.0
146432	54	5	36	0	0.0
146432	3	13	18	0	0.0
146432	25	1	2154	32	0.014856081708449397
146432	5	49	628	43	0.06847133757961783
146432	31	1	1650	0	0.0
146432	5	50	539	81	0.150278293135436
146432	15	8	29	0	0.0
146432	8	19	548	0	0.0
146432	7	17	12	0	0.0
146432	1	11	675	0	0.0
146432	38	6	941	3	0.003188097768331562
146432	4	31	10	0	0.0
146432	2	33	461	15	0.03253796095444685
146432	6	33	240	49	0.20416666666666666
146432	2	37	1662	4	0.0024067388688327317
146432	5	15	1455	56	0.03848797250859107
146432	19	1	22844	331	0.014489581509367886
146432	20	3	6299	0	0.0
146432	8	24	3828	0	0.0
146432	40	7	161	0	0.0
146432	8	20	9219	0	0.0
146432	39	4	1003	0	0.0
146432	11	4	31	0	0.0
146432	24	3	655	0	0.0
146432	31	3	87	0	0.0
146432	20	1	382	6	0.015706806282722512
146432	39	8	53	0	0.0
146432	10	8	1	0	0.0
146432	4	35	43	0	0.0
146432	38	4	1	0	0.0
146432	25	3	2526	0	0.0
146432	4	13	9	0	0.0
146432	19	3	24073	0	0.0
146432	22	1	461	11	0.02386117136659436
146432	2	50	2	0	0.0
146432	3	33	539	0	0.0
146432	27	3	709	0	0.0
146432	21	1	7452	249	0.03341384863123994
146432	6	35	78	2	0.02564102564102564
146432	3	28	64	0	0.0
146432	6	54	4427	2	0.00045177320984865596
146432	36	8	37	0	0.0
146432	27	6	7	0	0.0
146432	23	1	534	5	0.009363295880149813
146432	4	43	8	0	0.0
146432	2	31	114	0	0.0
146432	22	4	3001	0	0.0
146432	4	37	32	0	0.0
146432	43	2	1126	4	0.003552397868561279
146432	2	45	4078	5	0.0012260912211868563
146432	26	3	106	0	0.0
146432	8	22	4751	0	0.0
146432	26	6	1320	22	0.016666666666666666
146432	6	7	278	45	0.1618705035971223
146432	7	39	30	0	0.0
146432	42	2	1556	9	0.005784061696658098
146432	4	5	99	2	0.020202020202020204
146432	2	24	122	1	0.00819672131147541
146432	18	6	588	4	0.006802721088435374
146432	23	4	8424	0	0.0
146432	4	20	1078	0	0.0
146432	2	3	576	51	0.08854166666666667
146432	21	4	10056	0	0.0
146432	2	1	2743	230	0.08384979948960991
146432	35	8	198	0	0.0
146432	2	19	9442	57	0.006036856598178352
146432	6	22	9434	1830	0.19397922408310367
146432	6	20	9795	255	0.026033690658499236
146432	5	39	8	0	0.0
146432	6	5	3048	640	0.2099737532808399
146432	24	6	2646	453	0.1712018140589569
146432	39	1	6355	2	0.0003147128245476003
146432	4	7	418	0	0.0
146432	2	26	2	0	0.0
146432	40	2	15	0	0.0
146432	5	7	1187	32	0.02695871946082561
146432	25	6	3	0	0.0
146432	1	3	1910	60	0.031413612565445025
146432	34	8	209	0	0.0
146432	19	6	47	3	0.06382978723404255
146432	4	41	671	0	0.0
146432	7	1	163	10	0.06134969325153374
146432	24	4	671	0	0.0
146432	5	3	271	19	0.07011070110701106
146432	21	6	1298	59	0.045454545454545456
146432	39	3	1246	0	0.0
146432	41	2	15527	272	0.01751787209377214
146432	2	47	7152	33	0.004614093959731544
146432	4	45	5	0	0.0
146432	30	8	4175	0	0.0
146432	2	5	6	0	0.0
146432	44	2	736	13	0.017663043478260868
146432	2	22	683	10	0.014641288433382138
146432	38	3	10	0	0.0
146432	25	4	625	0	0.0
146432	2	20	20	0	0.0
146432	4	3	1685	0	0.0
146432	6	1	6	1	0.16666666666666666
146432	4	26	48	0	0.0
146432	4	1	381	4	0.010498687664041995
146432	8	33	1623	0	0.0
146432	6	3	40	11	0.275
146432	46	2	64	1	0.015625
146432	27	4	2265	0	0.0
146432	4	19	8267	0	0.0
146432	3	7	431	0	0.0
146432	2	7	48	11	0.22916666666666666
146432	8	52	1	0	0.0
146432	23	6	260	17	0.06538461538461539
146432	38	7	261	0	0.0
146432	4	6	51	7	0.13725490196078433
146432	44	6	1	0	0.0
146432	6	40	1956	16	0.0081799591002045
146432	23	2	2089	82	0.03925323121110579
146432	32	8	3	0	0.0
146432	5	38	1625	6	0.0036923076923076922
146432	4	40	35	0	0.0
146432	2	27	1632	29	0.017769607843137254
146432	1	5	34	1	0.029411764705882353
146432	2	6	24	3	0.125
146432	46	4	1	0	0.0
146735	2	8	44	0	0.0
146432	21	2	17285	726	0.042001735608909456
146735	31	7	472	0	0.0
146432	4	44	14	0	0.0
146735	1	34	165	0	0.0
146432	4	2	1146	40	0.034904013961605584
146735	25	7	36	0	0.0
146735	3	36	151	0	0.0
146432	2	25	1177	4	0.0033984706881903144
146735	48	4	33	0	0.0
146735	4	29	2403	0	0.0
146735	19	7	3013	0	0.0
146735	41	3	138	0	0.0
146735	2	12	518	0	0.0
146735	5	48	2782	79	0.028396836808051763
146735	6	53	65	0	0.0
146735	6	16	3914	26	0.006642820643842616
146735	48	8	996	0	0.0
146735	5	30	865	0	0.0
146735	44	1	365	70	0.1917808219178082
146735	9	2	3767	0	0.0
146735	50	1	3	0	0.0
146735	14	2	19	0	0.0
146735	34	5	125	0	0.0
146735	4	14	4	0	0.0
146735	7	32	220	0	0.0
146735	15	2	5	0	0.0
146735	29	2	12335	85	0.006890960680989056
146735	21	5	608	0	0.0
146735	35	5	136	1	0.007352941176470588
146735	28	2	79	0	0.0
146735	5	51	591	206	0.34856175972927245
146735	20	5	14304	105	0.007340604026845637
146735	5	14	331	1	0.0030211480362537764
146735	6	32	16	0	0.0
146735	8	18	15	0	0.0
146735	7	16	88	0	0.0
146735	4	30	460	0	0.0
146735	49	8	125	0	0.0
146735	8	25	59	0	0.0
146735	7	53	11	0	0.0
146735	40	3	16	0	0.0
146735	49	4	2	0	0.0
146735	2	36	113	0	0.0
146735	18	7	33	0	0.0
146735	45	1	4890	327	0.06687116564417178
146735	5	29	2	0	0.0
146735	1	10	683	46	0.06734992679355783
146735	24	7	907	0	0.0
146735	3	12	11	0	0.0
146735	30	7	218	0	0.0
146735	1	8	22	0	0.0
146735	3	8	68	0	0.0
146735	1	12	77	5	0.06493506493506493
146735	8	27	133	0	0.0
146735	26	7	1286	0	0.0
146735	42	3	57	0	0.0
146735	2	34	229	1	0.004366812227074236
146735	7	29	58	0	0.0
146735	3	10	171	0	0.0
146735	5	16	648	0	0.0
146735	5	53	39	3	0.07692307692307693
146735	7	51	127	0	0.0
146735	6	48	10888	182	0.01671565025716385
146735	7	14	33	0	0.0
146735	23	5	136	0	0.0
146735	22	5	633	0	0.0
146735	6	30	16559	1493	0.09016244942327435
146735	37	5	1	0	0.0
146735	16	2	117	0	0.0
146735	47	1	3224	309	0.09584367245657568
146735	36	5	51	2	0.0392156862745098
146735	6	51	652	0	0.0
146735	6	14	4848	2	0.00041254125412541255
146735	46	1	78	9	0.11538461538461539
146735	5	32	470	2	0.00425531914893617
146735	4	16	57	0	0.0
146735	1	36	32	0	0.0
146735	7	48	324	0	0.0
146735	33	7	535	0	0.0
146735	4	8	107	0	0.0
146735	4	12	3	0	0.0
146735	7	34	416	0	0.0
146735	27	7	43	0	0.0
146735	43	3	175	0	0.0
146735	37	7	16	0	0.0
146735	2	10	6787	0	0.0
146735	6	10	3	0	0.0
146735	3	34	264	0	0.0
146735	23	7	248	0	0.0
146735	6	29	269	15	0.055762081784386616
146735	9	4	13	0	0.0
146735	47	3	1	0	0.0
146735	1	32	1	0	0.0
146735	3	14	1	0	0.0
146735	3	30	16	0	0.0
146735	8	23	945	0	0.0
146735	8	42	2	0	0.0
146735	33	5	421	4	0.009501187648456057
146735	27	5	16	0	0.0
146735	13	2	425	0	0.0
146735	2	51	5	0	0.0
146735	42	1	785	47	0.05987261146496815
146735	4	36	103	0	0.0
146735	46	3	13	0	0.0
146735	2	30	413	0	0.0
146735	43	1	1312	100	0.07621951219512195
146735	2	48	15	0	0.0
146735	7	10	18	0	0.0
146735	26	5	519	2	0.0038535645472061657
146735	22	7	1389	1	0.0007199424046076314
146735	3	29	171	0	0.0
146735	36	7	2285	0	0.0
146735	6	34	55	1	0.01818181818181818
146735	44	3	71	0	0.0
146735	3	16	7	0	0.0
146735	5	8	146	2	0.0136986301369863
146735	1	29	211	0	0.0
146735	4	34	360	0	0.0
146735	31	5	8	0	0.0
146735	7	8	2333	0	0.0
146735	8	6	611	33	0.054009819967266774
146735	50	3	1	0	0.0
146735	6	36	55	2	0.03636363636363636
146735	41	1	2674	144	0.05385190725504862
146735	25	5	19	0	0.0
146735	8	21	2028	0	0.0
146735	20	7	16629	2	0.00012027181430031872
146735	19	5	1711	10	0.0058445353594389245
146735	38	2	2	0	0.0
146735	11	2	1476	1	0.0006775067750677507
146735	3	32	69	0	0.0
146735	2	53	9	0	0.0
146735	18	5	302	6	0.019867549668874173
146735	40	1	10	0	0.0
146735	24	5	257	0	0.0
146735	49	6	1539	14	0.009096816114359974
146735	8	38	126	0	0.0
146735	8	40	377	0	0.0
146735	1	30	11	0	0.0
146735	45	3	230	0	0.0
146735	39	2	5624	0	0.0
146735	35	7	179	0	0.0
146735	4	33	215	0	0.0
146735	7	50	85	0	0.0
146735	9	6	17	0	0.0
146735	7	15	196	0	0.0
146735	5	17	90	2	0.022222222222222223
146735	4	10	151	0	0.0
146735	21	7	830	0	0.0
146735	52	7	538	0	0.0
146735	6	31	3	0	0.0
146735	3	11	57	0	0.0
146735	22	3	422	0	0.0
146735	27	1	228	1	0.0043859649122807015
146735	33	1	197	3	0.015228426395939087
146735	1	9	160	0	0.0
146735	1	13	155	2	0.012903225806451613
146735	7	49	144	0	0.0
146735	2	35	74	0	0.0
146735	6	28	1277	59	0.04620203602192639
146735	1	37	7443	13	0.0017466075507187962
146735	3	35	2385	0	0.0
146735	26	1	20	0	0.0
146735	37	3	501	0	0.0
146735	8	26	1137	0	0.0
146735	23	3	2662	0	0.0
146735	5	52	7493	712	0.09502202055251568
146735	16	8	56	0	0.0
146735	7	28	153	0	0.0
146735	2	54	5	0	0.0
146735	4	15	12	0	0.0
146735	14	8	15	0	0.0
146735	39	6	63	0	0.0
146735	28	4	187	0	0.0
146735	9	3	11	0	0.0
146735	6	15	6309	24	0.0038040893961008085
146735	6	17	556	1	0.0017985611510791368
146735	28	8	2298	0	0.0
146735	11	6	34	0	0.0
146735	24	1	78	0	0.0
146735	6	50	1104	1	0.0009057971014492754
146735	21	3	974	0	0.0
146735	1	35	37	0	0.0
146735	4	50	2	0	0.0
146735	6	52	4533	4	0.0008824178248400617
146735	5	49	1430	103	0.07202797202797202
146735	40	5	1526	0	0.0
146735	3	13	19	0	0.0
146735	4	31	5	0	0.0
146735	25	1	934	1	0.0010706638115631692
146735	54	5	2249	85	0.0377945753668297
146735	15	8	128	0	0.0
146735	5	28	237	0	0.0
146735	31	1	2135	22	0.010304449648711944
146735	1	11	349	1	0.0028653295128939827
146735	20	3	1468	0	0.0
146735	8	24	2167	0	0.0
146735	8	19	2322	0	0.0
146735	29	8	380	0	0.0
146735	38	6	2160	13	0.0060185185185185185
146735	2	37	3685	1	0.000271370420624152
146735	19	1	16105	126	0.00782365724930146
146735	7	17	31	0	0.0
146735	6	33	413	8	0.01937046004842615
146735	5	15	698	52	0.07449856733524356
146735	5	50	1174	111	0.09454855195911414
146735	8	20	4708	0	0.0
146735	3	17	1	0	0.0
146735	40	7	180	0	0.0
146735	6	37	5	0	0.0
146735	18	3	4	0	0.0
146735	24	3	44	0	0.0
146735	4	35	63	0	0.0
146735	39	8	42	0	0.0
146735	10	8	5	0	0.0
146735	39	4	1594	0	0.0
146735	21	1	795	0	0.0
146735	1	28	6	0	0.0
146735	11	4	42	0	0.0
146735	11	8	10	0	0.0
146735	20	1	353	0	0.0
146735	2	33	143	1	0.006993006993006993
146735	38	4	8	0	0.0
146735	22	1	204	0	0.0
146735	3	33	354	0	0.0
146735	31	3	1558	1	0.0006418485237483953
146735	25	3	2145	0	0.0
146735	2	52	1	0	0.0
146735	2	50	11	0	0.0
146735	27	3	1602	0	0.0
146735	3	28	5	0	0.0
146735	8	41	75	0	0.0
146735	19	3	25804	2	7.750736319950395e-05
146735	4	13	15	0	0.0
146735	7	11	1	0	0.0
146735	6	35	121	1	0.008264462809917356
146735	23	1	155	0	0.0
146735	3	15	16	0	0.0
146735	46	5	1	0	0.0
146735	2	31	29	2	0.06896551724137931
146735	6	54	14372	13	0.0009045365989423879
146735	27	6	101	3	0.0297029702970297
146735	4	37	606	0	0.0
146735	6	41	17	0	0.0
146735	22	4	1581	0	0.0
146735	2	45	2662	3	0.0011269722013523666
146735	8	22	2088	0	0.0
146735	26	3	47	0	0.0
146735	4	43	25	0	0.0
146735	36	8	48	0	0.0
146735	8	9	8	0	0.0
146735	37	8	13	0	0.0
146735	23	4	4055	0	0.0
146735	42	2	561	0	0.0
146735	6	7	551	11	0.019963702359346643
146735	7	39	18	0	0.0
146735	43	2	979	1	0.0010214504596527069
146735	2	24	272	0	0.0
146735	4	20	867	0	0.0
146735	6	20	3978	37	0.00930115635997989
146735	26	6	770	7	0.00909090909090909
146735	18	6	1450	14	0.009655172413793104
146735	2	1	2204	603	0.2735934664246824
146735	2	19	4748	17	0.0035804549283909013
146735	6	5	3187	1153	0.3617822403514277
146735	5	39	6	0	0.0
146735	2	3	542	1	0.0018450184501845018
146735	21	4	1960	0	0.0
146735	4	5	30	0	0.0
146735	35	8	185	0	0.0
146735	24	6	1399	100	0.07147962830593281
146735	2	26	49	0	0.0
146735	6	22	4108	303	0.07375851996105161
146735	39	1	2174	2	0.0009199632014719411
146735	4	7	69	0	0.0
146735	40	2	22	0	0.0
146735	8	54	64	0	0.0
146735	5	7	1269	10	0.007880220646178092
146735	25	6	23	1	0.043478260869565216
146735	6	43	93	0	0.0
146735	34	8	95	0	0.0
146735	1	3	1140	17	0.014912280701754385
146735	7	1	41	0	0.0
146735	38	1	2	0	0.0
146735	24	4	604	0	0.0
146735	8	50	37	0	0.0
146735	5	3	45	0	0.0
146735	2	47	6928	24	0.003464203233256351
146735	21	6	838	57	0.06801909307875895
146735	41	2	9673	28	0.0028946552258864882
146735	4	41	407	0	0.0
146735	19	6	406	20	0.04926108374384237
146735	30	8	6130	0	0.0
146735	39	3	433	0	0.0
146735	25	4	1200	0	0.0
146735	2	5	3	0	0.0
146735	4	45	19	0	0.0
146735	44	2	652	1	0.0015337423312883436
146735	4	19	8216	0	0.0
146735	4	3	1644	0	0.0
146735	38	3	17	0	0.0
146735	2	22	704	0	0.0
146735	2	20	112	0	0.0
146735	6	1	8	0	0.0
146735	3	7	125	0	0.0
146735	8	33	695	0	0.0
146735	4	1	212	2	0.009433962264150943
146735	4	26	205	0	0.0
146735	27	4	2593	0	0.0
146735	6	3	36	1	0.027777777777777776
146735	31	8	2	0	0.0
146735	6	45	1	0	0.0
146735	46	2	110	0	0.0
146735	38	7	195	0	0.0
146735	1	5	12	0	0.0
146735	2	27	1512	4	0.0026455026455026454
146735	4	47	12	0	0.0
146735	2	7	39	0	0.0
146735	23	6	556	31	0.05575539568345324
146735	4	6	49	3	0.061224489795918366
146735	8	52	26	0	0.0
146735	32	8	1	0	0.0
146735	42	4	74	0	0.0
146735	21	2	4946	17	0.0034371209057824505
146735	4	40	58	0	0.0
146735	44	6	7	0	0.0
146735	5	38	2208	25	0.011322463768115942
146735	46	6	64	0	0.0
146735	6	40	2418	23	0.009511993382961124
146735	8	51	33	0	0.0
146735	4	2	786	1	0.001272264631043257
146735	2	25	1110	1	0.0009009009009009009
146735	23	2	820	2	0.0024390243902439024
146937	7	25	4	0	0.0
146735	2	6	66	4	0.06060606060606061
146735	53	8	3	0	0.0
146735	4	44	38	0	0.0
146735	2	18	1	0	0.0
146937	7	19	1130	0	0.0
146735	46	4	6	0	0.0
146937	2	8	125	0	0.0
146937	7	31	133	0	0.0
146937	1	44	160	23	0.14375
146937	3	41	90	0	0.0
146937	4	48	1	0	0.0
146937	2	9	3182	0	0.0
146937	1	50	17	1	0.058823529411764705
146937	5	35	59	0	0.0
146937	5	20	10242	60	0.005858230814294083
146937	7	24	202	0	0.0
146937	8	48	694	0	0.0
146937	2	15	1	0	0.0
146937	8	49	47	0	0.0
146937	7	30	234	0	0.0
146937	5	21	932	1	0.001072961373390558
146937	2	29	22048	803	0.036420537010159654
146937	3	40	6	0	0.0
146937	2	28	72	0	0.0
146937	2	14	15	0	0.0
146937	7	18	17	0	0.0
146937	5	34	514	2	0.0038910505836575876
146937	1	45	3674	276	0.07512248230811105
146937	1	8	36	0	0.0
146937	7	32	47	0	0.0
146937	5	23	265	0	0.0
146937	3	8	13	0	0.0
146937	7	26	12	0	0.0
146937	2	16	60	0	0.0
146937	3	42	34	0	0.0
146937	5	22	1884	23	0.012208067940552018
146937	1	46	251	17	0.06772908366533864
146937	3	43	87	0	0.0
146937	4	8	393	0	0.0
146937	5	36	12	1	0.08333333333333333
146937	7	37	12	0	0.0
146937	1	42	1269	97	0.0764381402679275
146937	1	47	1010	86	0.08514851485148515
146937	7	23	159	0	0.0
146937	7	33	221	0	0.0
146937	4	9	2	0	0.0
146937	2	13	51	0	0.0
146937	5	32	36	0	0.0
146937	5	26	858	4	0.004662004662004662
146937	2	12	70	0	0.0
146937	5	27	11	0	0.0
146937	5	33	144	0	0.0
146937	3	44	4	0	0.0
146937	7	36	1106	0	0.0
146937	3	46	38	0	0.0
146937	7	34	1063	0	0.0
146937	7	8	2888	0	0.0
146937	8	6	650	84	0.12923076923076923
146937	5	8	264	21	0.07954545454545454
146937	5	19	16	0	0.0
146937	1	43	1144	85	0.0743006993006993
146937	5	25	5	0	0.0
146937	3	52	2	0	0.0
146937	2	10	4324	4	0.0009250693802035153
146937	1	41	3211	254	0.07910308315166614
146937	7	22	1974	0	0.0
146937	3	50	1	0	0.0
146937	7	20	6597	0	0.0
146937	2	38	1	0	0.0
146937	6	48	15137	1201	0.07934200964524014
146937	5	24	143	3	0.02097902097902098
146937	3	22	492	0	0.0
146937	1	40	7	0	0.0
146937	2	11	2065	1	0.00048426150121065375
146937	5	30	2101	7	0.0033317467872441696
146937	5	18	194	1	0.005154639175257732
146937	7	21	1260	0	0.0
146937	2	39	4077	0	0.0
146937	7	52	44	0	0.0
146937	8	17	3	0	0.0
146937	3	36	77	0	0.0
146937	7	35	358	0	0.0
146937	3	45	50	0	0.0
146937	1	27	196	1	0.00510204081632653
146937	6	9	11	0	0.0
146937	6	49	1066	34	0.03189493433395872
146937	1	26	1	0	0.0
146937	1	33	658	1	0.001519756838905775
146937	8	16	30	0	0.0
146937	1	9	98	1	0.01020408163265306
146937	6	39	11	2	0.18181818181818182
146937	7	45	1	0	0.0
146937	3	35	714	0	0.0
146937	3	23	659	0	0.0
146937	7	51	13	0	0.0
146937	7	53	21	0	0.0
146937	3	21	338	0	0.0
146937	1	30	39	0	0.0
146937	3	37	427	0	0.0
146937	4	16	72	0	0.0
146937	8	14	15	0	0.0
146937	4	28	418	0	0.0
146937	4	14	9	0	0.0
146937	8	28	964	0	0.0
146937	5	54	311	61	0.19614147909967847
146937	6	10	1	0	0.0
146937	1	24	87	0	0.0
146937	1	31	2630	0	0.0
146937	4	15	8	0	0.0
146937	5	40	2017	3	0.001487357461576599
146937	6	11	36	2	0.05555555555555555
146937	1	25	2181	4	0.0018340210912425492
146937	8	29	774	0	0.0
146937	3	20	896	0	0.0
146937	8	15	68	0	0.0
146937	3	34	464	0	0.0
146937	6	38	2519	22	0.008733624454148471
146937	1	19	12248	17	0.0013879817112998042
146937	2	48	10	0	0.0
146937	4	29	1194	0	0.0
146937	7	40	34	0	0.0
146937	3	30	7	0	0.0
146937	7	50	13	0	0.0
146937	8	39	15	0	0.0
146937	3	24	25	0	0.0
146937	6	14	3733	38	0.01017948031074203
146937	4	39	449	0	0.0
146937	8	11	35	0	0.0
146937	4	11	13	0	0.0
146937	6	28	459	47	0.10239651416122005
146937	5	50	551	136	0.24682395644283123
146937	5	51	195	63	0.3230769230769231
146937	1	35	25	0	0.0
146937	6	29	4220	614	0.14549763033175356
146937	1	20	16	0	0.0
146937	3	25	247	0	0.0
146937	1	21	6996	0	0.0
146937	1	34	41	0	0.0
146937	8	10	2	0	0.0
146937	7	43	4	0	0.0
146937	4	10	13	0	0.0
146937	8	38	23	3	0.13043478260869565
146937	3	31	829	0	0.0
146937	3	27	8	0	0.0
146937	4	12	2	0	0.0
146937	4	38	2	0	0.0
146937	6	15	2730	14	0.005128205128205128
146937	3	19	3294	0	0.0
146937	1	22	223	0	0.0
146937	6	17	114	1	0.008771929824561403
146937	3	33	66	0	0.0
146937	1	36	84	0	0.0
146937	5	53	117	29	0.24786324786324787
146937	8	36	31	0	0.0
146937	6	16	1896	103	0.054324894514767935
146937	4	36	99	0	0.0
146937	4	22	1861	0	0.0
146937	1	23	316	0	0.0
146937	1	37	12697	38	0.0029928329526659843
146937	5	52	1923	356	0.18512740509620385
146937	1	12	17	0	0.0
146937	4	13	10	0	0.0
146937	8	22	1014	0	0.0
146937	6	33	360	22	0.06111111111111111
146937	6	7	157	6	0.03821656050955414
146937	3	26	1	0	0.0
146937	2	42	1671	12	0.00718132854578097
146937	3	32	22	0	0.0
146937	6	27	90	1	0.011111111111111112
146937	8	23	1200	0	0.0
146937	2	43	578	1	0.0017301038062283738
146937	1	13	12	0	0.0
146937	6	26	622	5	0.008038585209003215
146937	4	5	87	0	0.0
146937	4	23	3815	0	0.0
146937	8	37	3	0	0.0
146937	2	3	60	0	0.0
146937	4	37	109	0	0.0
146937	2	1	3520	562	0.15965909090909092
146937	3	14	1	0	0.0
146937	3	28	5	0	0.0
146937	6	24	232	18	0.07758620689655173
146937	4	35	20	0	0.0
146937	8	35	89	1	0.011235955056179775
146937	4	21	2602	0	0.0
146937	1	11	125	0	0.0
146937	4	7	9	0	0.0
146937	6	5	3431	1191	0.3471291168755465
146937	6	18	866	47	0.054272517321016164
146937	8	21	2980	0	0.0
146937	1	39	8978	1	0.00011138338159946537
146937	5	49	546	103	0.18864468864468864
146937	2	40	10	0	0.0
146937	2	54	4	0	0.0
146937	5	7	875	6	0.006857142857142857
146937	8	20	1795	0	0.0
146937	1	10	1902	164	0.08622502628811778
146937	3	29	49	0	0.0
146937	5	48	3531	396	0.11214953271028037
146937	6	25	26	2	0.07692307692307693
146937	4	34	201	0	0.0
146937	7	1	12	0	0.0
146937	8	34	173	0	0.0
146937	6	19	33	3	0.09090909090909091
146937	1	3	456	7	0.015350877192982455
146937	4	20	35	0	0.0
146937	7	49	5	0	0.0
146937	6	30	21387	3275	0.15313040632159725
146937	4	24	1010	0	0.0
146937	2	41	12076	32	0.002649884067572044
146937	4	30	470	0	0.0
146937	3	39	197	0	0.0
146937	8	24	1165	0	0.0
146937	3	11	2	0	0.0
146937	4	18	1	0	0.0
146937	6	35	141	10	0.07092198581560284
146937	2	50	13	0	0.0
146937	5	3	10	0	0.0
146937	2	51	3	0	0.0
146937	8	18	41	0	0.0
146937	1	28	16	0	0.0
146937	8	30	1037	0	0.0
146937	6	21	3141	288	0.09169054441260745
146937	2	44	341	2	0.005865102639296188
146937	8	25	26	0	0.0
146937	2	45	2928	12	0.004098360655737705
146937	2	5	30	0	0.0
146937	1	29	358	3	0.008379888268156424
146937	3	10	24	0	0.0
146937	6	20	1961	9	0.004589495155532891
146937	3	38	4	0	0.0
146937	6	1	25	4	0.16
146937	4	33	113	0	0.0
146937	4	19	1634	0	0.0
146937	7	48	177	0	0.0
146937	8	19	139	0	0.0
146937	4	25	624	0	0.0
146937	4	1	436	4	0.009174311926605505
146937	6	34	158	19	0.12025316455696203
146937	6	3	16	0	0.0
146937	4	3	2296	0	0.0
146937	4	31	6	0	0.0
146937	4	27	1750	0	0.0
146937	3	12	1	0	0.0
146937	6	36	36	1	0.027777777777777776
146937	3	7	224	0	0.0
146937	2	46	148	1	0.006756756756756757
146937	2	53	5	0	0.0
146937	8	33	279	0	0.0
146937	8	27	115	0	0.0
146937	8	26	26	0	0.0
146937	4	26	18	0	0.0
146937	1	5	3	0	0.0
146937	6	23	820	59	0.07195121951219512
146937	6	37	2	0	0.0
146937	6	22	5359	790	0.1474155626049636
146937	2	7	11	0	0.0
146937	7	38	91	0	0.0
146937	2	47	3152	14	0.004441624365482234
146937	7	10	1	0	0.0
146937	4	6	228	23	0.10087719298245613
146937	3	13	1	0	0.0
146937	3	48	3	0	0.0
146937	4	41	409	0	0.0
146937	5	15	1051	197	0.1874405328258801
146937	6	50	625	2	0.0032
146937	2	34	34	0	0.0
146937	2	20	1	0	0.0
146937	5	29	228	1	0.0043859649122807015
146937	5	28	169	1	0.005917159763313609
146937	6	44	5	0	0.0
146937	5	14	239	13	0.05439330543933055
146937	2	35	16	0	0.0
146937	2	21	8172	35	0.004282917278511992
146937	6	45	1	0	0.0
146937	6	51	449	17	0.0378619153674833
146937	4	40	127	0	0.0
146937	8	54	15	0	0.0
146937	7	39	3	0	0.0
146937	8	40	377	0	0.0
146937	4	42	11	0	0.0
146937	6	53	110	2	0.01818181818181818
146937	5	16	330	11	0.03333333333333333
146937	4	47	16	0	0.0
146937	4	43	5	0	0.0
146937	2	22	1299	8	0.006158583525789068
146937	6	46	46	2	0.043478260869565216
146937	2	6	214	35	0.16355140186915887
146937	7	16	25	0	0.0
146937	2	36	88	2	0.022727272727272728
146937	6	43	98	1	0.01020408163265306
146937	8	9	8	0	0.0
146937	4	46	2	0	0.0
146937	2	23	604	1	0.0016556291390728477
146937	5	17	39	8	0.20512820512820512
146937	2	26	1	0	0.0
146937	2	27	1836	5	0.0027233115468409588
146937	8	52	14	0	0.0
146937	8	53	4	0	0.0
146937	2	37	2648	2	0.0007552870090634441
146937	6	52	2940	12	0.004081632653061225
146937	2	33	200	1	0.005
146937	2	31	53	0	0.0
146937	7	29	33	0	0.0
146937	7	15	66	0	0.0
146937	4	44	4	0	0.0
146937	7	17	3	0	0.0
146937	5	38	2856	52	0.018207282913165267
146937	6	41	3	0	0.0
146937	2	19	1844	1	0.0005422993492407809
146937	8	51	8	0	0.0
146937	2	25	800	0	0.0
146937	2	30	2038	71	0.03483807654563297
146937	2	24	184	3	0.016304347826086956
146937	8	50	12	0	0.0
146937	4	2	1280	4	0.003125
146937	5	39	6	0	0.0
146937	6	40	1697	24	0.014142604596346494
146937	4	45	6	0	0.0
146937	7	28	34	0	0.0
148133	3	36	34	0	0.0
148133	1	34	21	0	0.0
148133	4	29	2703	0	0.0
146937	6	54	4595	40	0.008705114254624592
146937	7	14	19	0	0.0
148133	41	3	135	0	0.0
148133	31	7	2	0	0.0
148133	2	8	10	0	0.0
148133	5	48	4264	128	0.0300187617260788
148133	19	7	489	0	0.0
148133	48	8	615	0	0.0
148133	48	4	13	0	0.0
148133	5	30	1854	0	0.0
148133	6	53	88	0	0.0
148133	44	1	177	17	0.096045197740113
148133	25	7	12	0	0.0
148133	6	16	3756	100	0.026624068157614485
148133	2	12	386	1	0.0025906735751295338
148133	9	2	3549	0	0.0
148133	20	5	7527	38	0.005048492095124219
148133	7	32	832	0	0.0
148133	50	1	1	0	0.0
148133	34	5	122	3	0.02459016393442623
148133	6	32	18	0	0.0
148133	21	5	292	1	0.003424657534246575
148133	28	2	6	0	0.0
148133	5	14	244	1	0.004098360655737705
148133	35	5	26	0	0.0
148133	40	3	5	0	0.0
148133	4	30	112	0	0.0
148133	49	8	26	0	0.0
148133	8	18	42	0	0.0
148133	29	2	14538	600	0.041271151465125874
148133	8	25	7	0	0.0
148133	5	51	390	219	0.5615384615384615
148133	7	16	60	1	0.016666666666666666
148133	45	1	3816	126	0.0330188679245283
148133	1	10	750	23	0.030666666666666665
148133	5	29	6	0	0.0
148133	3	8	23	0	0.0
148133	1	8	4	0	0.0
148133	24	7	810	0	0.0
148133	2	36	20	0	0.0
148133	30	7	387	0	0.0
148133	8	27	17	0	0.0
148133	18	7	19	0	0.0
148133	2	34	71	0	0.0
148133	1	12	37	0	0.0
148133	3	12	4	0	0.0
148133	26	7	10	0	0.0
148133	7	29	13	0	0.0
148133	5	53	42	6	0.14285714285714285
148133	37	5	2	2	1.0
148133	23	5	53	0	0.0
148133	16	2	3	0	0.0
148133	7	51	44	0	0.0
148133	42	3	14	0	0.0
148133	5	16	838	0	0.0
148133	22	5	674	3	0.004451038575667656
148133	53	1	1	0	0.0
148133	6	51	930	11	0.011827956989247311
148133	3	10	52	0	0.0
148133	47	1	1586	38	0.02395964691046658
148133	36	5	12	0	0.0
148133	7	14	26	0	0.0
148133	6	30	15689	2716	0.17311492128242717
148133	4	8	31	0	0.0
148133	46	1	137	4	0.029197080291970802
148133	27	7	11	0	0.0
148133	4	12	17	0	0.0
148133	1	36	13	0	0.0
148133	43	3	10	0	0.0
148133	7	48	161	0	0.0
148133	33	7	142	0	0.0
148133	6	14	3870	3	0.0007751937984496124
148133	3	34	150	0	0.0
148133	2	10	9051	4	0.00044194011711413104
148133	6	29	359	85	0.23676880222841226
148133	6	48	13941	484	0.03471773904311025
148133	4	16	1	0	0.0
148133	5	32	288	2	0.006944444444444444
148133	7	34	453	0	0.0
148133	37	7	2	0	0.0
148133	6	10	1	0	0.0
148133	3	30	7	0	0.0
148133	42	1	746	25	0.03351206434316354
148133	3	48	2	0	0.0
148133	9	4	12	0	0.0
148133	23	7	88	0	0.0
148133	2	51	3	2	0.6666666666666666
148133	3	14	1	0	0.0
148133	33	5	129	0	0.0
148133	26	5	536	0	0.0
148133	13	2	328	0	0.0
148133	8	23	275	0	0.0
148133	2	30	217	0	0.0
148133	4	36	28	0	0.0
148133	27	5	2	0	0.0
148133	3	51	4	0	0.0
148133	52	3	3	0	0.0
148133	7	10	2	1	0.5
148133	46	3	10	0	0.0
148133	43	1	1520	76	0.05
148133	22	7	1060	0	0.0
148133	36	7	1623	0	0.0
148133	44	3	3	0	0.0
148133	8	6	335	22	0.06567164179104477
148133	4	34	148	0	0.0
148133	6	34	169	1	0.005917159763313609
148133	5	8	101	12	0.1188118811881188
148133	5	10	6	5	0.8333333333333334
148133	1	29	507	0	0.0
148133	25	5	2	0	0.0
148133	8	21	1124	0	0.0
148133	3	29	93	0	0.0
148133	6	36	19	0	0.0
148133	41	1	4276	88	0.0205799812909261
148133	19	5	154	0	0.0
148133	20	7	5415	0	0.0
148133	50	3	5	0	0.0
148133	7	8	2434	0	0.0
148133	24	5	38	0	0.0
148133	3	32	3	0	0.0
148133	1	30	1	0	0.0
148133	8	40	26	0	0.0
148133	40	1	1	0	0.0
148133	4	10	116	0	0.0
148133	18	5	176	6	0.03409090909090909
148133	21	7	180	0	0.0
148133	39	2	4506	0	0.0
148133	45	3	141	0	0.0
148133	8	38	42	0	0.0
148133	4	33	393	0	0.0
148133	11	2	2477	2	0.0008074283407347598
148133	49	6	2431	38	0.01563142739613328
148133	2	53	3	0	0.0
148133	35	7	138	0	0.0
148133	7	15	73	0	0.0
148133	27	1	183	2	0.01092896174863388
148133	52	7	147	1	0.006802721088435374
148133	1	13	70	0	0.0
148133	17	8	4	0	0.0
148133	43	5	2	1	0.5
148133	22	3	132	0	0.0
148133	5	17	195	36	0.18461538461538463
148133	1	9	91	0	0.0
148133	7	28	56	0	0.0
148133	7	50	32	0	0.0
148133	2	35	15	0	0.0
148133	33	1	311	3	0.00964630225080386
148133	8	26	26	0	0.0
148133	3	11	41	0	0.0
148133	5	52	2596	215	0.08281972265023113
148133	6	28	229	6	0.026200873362445413
148133	3	35	374	0	0.0
148133	6	15	5081	7	0.0013776815587482779
148133	7	49	16	0	0.0
148133	16	8	72	0	0.0
148133	6	52	3736	11	0.0029443254817987153
148133	45	7	6	2	0.3333333333333333
148133	4	15	5	0	0.0
148133	21	3	866	0	0.0
148133	1	37	6795	20	0.0029433406916850625
148133	6	17	823	1	0.001215066828675577
148133	6	50	643	0	0.0
148133	23	3	1340	0	0.0
148133	24	1	22	0	0.0
148133	9	3	14	0	0.0
148133	39	6	3	0	0.0
148133	4	50	3	0	0.0
148133	37	3	158	0	0.0
148133	14	8	4	0	0.0
148133	28	4	24	0	0.0
148133	28	8	152	0	0.0
148133	5	49	1353	102	0.07538802660753881
148133	1	35	7	0	0.0
148133	40	5	2281	0	0.0
148133	31	1	25	0	0.0
148133	25	1	791	10	0.012642225031605562
148133	54	5	1189	8	0.00672834314550042
148133	2	37	1714	0	0.0
148133	8	24	4542	0	0.0
148133	5	28	76	1	0.013157894736842105
148133	38	6	2752	7	0.002543604651162791
148133	15	8	31	0	0.0
148133	3	13	4	0	0.0
148133	29	8	72	0	0.0
148133	1	11	267	1	0.003745318352059925
148133	8	19	984	0	0.0
148133	19	1	7318	115	0.01571467614102214
148133	44	7	4	3	0.75
148133	7	17	34	0	0.0
148133	6	33	301	2	0.006644518272425249
148133	20	3	192	0	0.0
148133	5	50	622	90	0.14469453376205788
148133	2	33	347	0	0.0
148133	5	15	653	42	0.06431852986217458
148133	11	4	59	0	0.0
148133	24	3	58	0	0.0
148133	40	7	26	0	0.0
148133	8	20	3264	0	0.0
148133	39	8	6	0	0.0
148133	45	5	2	2	1.0
148133	4	35	37	0	0.0
148133	21	1	1064	7	0.006578947368421052
148133	39	4	267	0	0.0
148133	10	8	1	0	0.0
148133	8	41	3	0	0.0
148133	25	3	414	0	0.0
148133	38	4	1	0	0.0
148133	19	3	13227	1	7.560293339381567e-05
148133	31	3	196	0	0.0
148133	44	5	5	5	1.0
148133	20	1	9	0	0.0
148133	3	33	517	0	0.0
148133	27	3	222	0	0.0
148133	2	50	1	0	0.0
148133	22	1	39	0	0.0
148133	43	7	3	0	0.0
148133	2	31	3	0	0.0
148133	6	41	2	0	0.0
148133	23	1	658	4	0.0060790273556231
148133	8	22	3252	0	0.0
148133	26	3	4	0	0.0
148133	4	13	50	0	0.0
148133	4	37	123	0	0.0
148133	6	35	50	0	0.0
148133	4	43	57	0	0.0
148133	3	15	2	0	0.0
148133	3	28	20	0	0.0
148133	22	4	799	0	0.0
148133	27	6	12	0	0.0
148133	36	8	18	0	0.0
148133	6	54	6203	14	0.0022569724326938576
148133	2	24	67	0	0.0
148133	26	6	389	0	0.0
148133	6	7	335	10	0.029850746268656716
148133	7	39	4	0	0.0
148133	6	20	3631	19	0.005232718259432663
148133	2	3	304	0	0.0
148133	42	2	776	1	0.001288659793814433
148133	2	45	2215	0	0.0
148133	4	20	26	0	0.0
148133	2	19	3318	0	0.0
148133	2	1	2780	211	0.07589928057553957
148133	4	5	8	0	0.0
148133	18	6	852	16	0.018779342723004695
148133	21	4	6586	0	0.0
148133	43	2	872	0	0.0
148133	23	4	7494	0	0.0
148133	6	5	3195	630	0.19718309859154928
148133	35	8	44	0	0.0
148133	5	39	1	0	0.0
148133	6	22	5961	548	0.09193088407985238
148133	24	6	670	45	0.06716417910447761
148133	39	1	5379	2	0.0003718163227365681
148133	4	7	25	0	0.0
148133	25	6	9	0	0.0
148133	8	54	14	0	0.0
148133	40	2	1	0	0.0
148133	24	4	184	0	0.0
148133	34	8	198	0	0.0
148133	19	6	277	3	0.010830324909747292
148133	4	41	718	0	0.0
148133	6	43	13	0	0.0
148133	7	1	21	3	0.14285714285714285
148133	39	3	96	0	0.0
148133	5	7	1209	33	0.02729528535980149
148133	8	50	11	0	0.0
148133	1	3	1545	13	0.008414239482200648
148133	41	2	7090	29	0.004090267983074753
148133	2	47	8607	2	0.0002323690019751365
148133	21	6	1275	54	0.042352941176470586
148133	4	45	46	0	0.0
148133	30	8	6241	0	0.0
148133	8	33	524	0	0.0
148133	44	2	308	2	0.006493506493506494
148133	6	1	4	2	0.5
148133	4	19	5669	0	0.0
148133	4	3	1740	0	0.0
148133	2	5	20	17	0.85
148133	38	3	13	0	0.0
148133	5	3	11	0	0.0
148133	27	4	376	0	0.0
148133	25	4	620	0	0.0
148133	4	1	207	2	0.00966183574879227
148133	2	22	499	0	0.0
148133	6	3	22	0	0.0
148133	4	26	1	0	0.0
148133	46	2	139	0	0.0
148133	3	7	34	0	0.0
148133	2	7	9	3	0.3333333333333333
148133	6	45	2	0	0.0
148133	32	8	4	0	0.0
148133	4	47	48	0	0.0
148133	23	6	306	6	0.0196078431372549
148133	1	5	8	7	0.875
148133	8	52	7	0	0.0
148133	5	38	2808	46	0.01638176638176638
148133	42	4	27	0	0.0
148133	38	7	559	0	0.0
148133	4	6	27	0	0.0
148133	2	27	1142	7	0.006129597197898424
148133	4	40	5	0	0.0
148133	21	2	13221	377	0.028515240904621434
148133	6	40	909	7	0.007700770077007701
148133	23	2	1509	3	0.0019880715705765406
148133	46	6	6	0	0.0
148133	44	6	3	0	0.0
150423	1	34	268	1	0.0037313432835820895
150423	2	8	8	1	0.125
148133	2	25	626	0	0.0
148133	2	6	7	1	0.14285714285714285
148133	4	44	10	0	0.0
148133	8	51	45	0	0.0
150423	31	7	92	0	0.0
150423	2	12	107	6	0.056074766355140186
150423	4	29	1426	0	0.0
148133	53	8	1	0	0.0
150423	41	3	187	0	0.0
148133	46	4	11	0	0.0
150423	44	1	388	65	0.16752577319587628
150423	8	44	2	1	0.5
150423	5	30	2499	5	0.0020008003201280513
150423	3	36	72	0	0.0
150423	48	4	4	0	0.0
148133	4	2	475	2	0.004210526315789474
150423	6	16	4640	258	0.05560344827586207
150423	5	48	1849	88	0.047593293672255274
150423	19	7	539	0	0.0
150423	6	53	68	2	0.029411764705882353
150423	50	1	1	0	0.0
150423	9	2	2883	39	0.013527575442247659
150423	7	32	611	0	0.0
150423	29	2	8687	1436	0.1653044779555658
150423	15	2	11	11	1.0
150423	35	5	33	0	0.0
150423	34	5	56	3	0.05357142857142857
150423	28	2	39	0	0.0
150423	21	5	293	3	0.010238907849829351
150423	5	14	277	3	0.010830324909747292
150423	6	32	27	0	0.0
150423	14	2	3	3	1.0
150423	48	8	677	0	0.0
150423	5	51	296	77	0.26013513513513514
150423	20	5	7188	109	0.015164162493043962
150423	8	18	4	0	0.0
150423	49	8	15	0	0.0
150423	51	1	38	38	1.0
150423	7	53	21	0	0.0
150423	4	30	217	0	0.0
150423	45	1	4640	465	0.10021551724137931
150423	7	16	49	0	0.0
150423	40	3	2	0	0.0
150423	2	36	71	2	0.028169014084507043
150423	2	34	183	0	0.0
150423	1	10	519	36	0.06936416184971098
150423	8	25	4	0	0.0
150423	8	27	16	0	0.0
150423	30	7	232	1	0.004310344827586207
150423	1	8	36	0	0.0
150423	3	12	2	0	0.0
150423	24	7	87	0	0.0
150423	5	29	25	0	0.0
150423	1	12	7	0	0.0
150423	3	8	27	0	0.0
150423	18	7	7	0	0.0
150423	7	14	11	0	0.0
150423	23	5	30	0	0.0
150423	26	7	35	0	0.0
150423	7	51	35	0	0.0
150423	5	53	25	7	0.28
150423	7	29	861	0	0.0
150423	3	10	24	0	0.0
150423	36	5	26	1	0.038461538461538464
150423	47	1	503	47	0.09343936381709742
150423	16	2	7	1	0.14285714285714285
150423	37	5	8	5	0.625
150423	22	5	2132	69	0.0323639774859287
150423	5	16	1533	3	0.0019569471624266144
150423	42	3	11	0	0.0
150423	6	48	7685	733	0.09538061158100195
150423	6	51	612	13	0.021241830065359478
150423	4	53	3	0	0.0
150423	6	14	2683	23	0.008572493477450614
150423	5	32	209	1	0.004784688995215311
150423	4	16	14	1	0.07142857142857142
150423	46	1	265	14	0.052830188679245285
150423	7	48	159	0	0.0
150423	6	30	15708	3422	0.21785077667430608
150423	1	36	91	1	0.01098901098901099
150423	4	8	81	0	0.0
150423	2	10	3511	60	0.01708914839077186
150423	3	34	74	0	0.0
150423	9	4	1	0	0.0
150423	33	7	76	0	0.0
150423	3	48	2	0	0.0
150423	43	3	184	0	0.0
150423	6	10	9	8	0.8888888888888888
150423	27	7	1	0	0.0
150423	23	7	18	0	0.0
150423	7	34	47	0	0.0
150423	6	29	1143	120	0.10498687664041995
150423	37	7	11	0	0.0
150423	42	1	978	79	0.08077709611451943
150423	3	30	2	0	0.0
150423	1	32	2	0	0.0
150423	13	2	247	19	0.07692307692307693
150423	3	51	2	0	0.0
150423	33	5	118	3	0.025423728813559324
150423	43	1	1247	205	0.16439454691259023
150423	4	36	71	0	0.0
150423	27	5	1	0	0.0
150423	2	51	23	22	0.9565217391304348
150423	2	48	5	0	0.0
150423	8	23	147	0	0.0
150423	46	3	63	0	0.0
150423	2	30	238	1	0.004201680672268907
150423	26	5	210	1	0.004761904761904762
150423	22	7	450	0	0.0
150423	36	7	695	0	0.0
150423	3	29	198	0	0.0
150423	4	34	363	0	0.0
150423	6	34	45	1	0.022222222222222223
150423	1	29	781	0	0.0
150423	5	10	4	3	0.75
150423	3	16	3	0	0.0
150423	20	7	3335	1	0.0002998500749625187
150423	7	8	2143	1	0.0004666355576294914
150423	6	36	57	1	0.017543859649122806
150423	44	3	19	0	0.0
150423	8	6	491	72	0.14663951120162932
150423	5	8	90	11	0.12222222222222222
150423	38	2	59	19	0.3220338983050847
150423	8	21	1267	0	0.0
150423	19	5	128	2	0.015625
150423	41	1	2992	160	0.053475935828877004
150423	2	32	3	0	0.0
150423	25	5	1	0	0.0
150423	39	2	4645	5	0.001076426264800861
150423	31	5	5	1	0.2
150423	8	40	44	0	0.0
150423	3	32	16	0	0.0
150423	2	53	6	1	0.16666666666666666
150423	24	5	489	0	0.0
150423	1	30	14	0	0.0
150423	18	5	412	1	0.0024271844660194173
150423	45	3	47	0	0.0
150423	40	1	11	0	0.0
150423	11	2	3929	252	0.06413845762280479
150423	49	6	713	20	0.028050490883590462
150423	4	10	24	0	0.0
150423	35	7	83	0	0.0
150423	8	38	215	1	0.004651162790697674
150423	46	7	1	0	0.0
150423	52	7	155	4	0.025806451612903226
150423	6	31	2	0	0.0
150423	7	50	111	0	0.0
150423	4	33	85	0	0.0
150423	3	11	19	2	0.10526315789473684
150423	22	3	271	0	0.0
150423	27	1	270	0	0.0
150423	33	1	152	0	0.0
150423	5	52	3408	425	0.12470657276995305
150423	5	17	13	2	0.15384615384615385
150423	21	7	529	0	0.0
150423	7	15	74	0	0.0
150423	8	26	11	0	0.0
150423	7	49	2	0	0.0
150423	26	1	1	0	0.0
150423	7	28	30	0	0.0
150423	1	37	3481	9	0.002585463947141626
150423	1	13	62	0	0.0
150423	6	50	1535	18	0.011726384364820847
150423	1	9	233	2	0.008583690987124463
150423	4	50	1	0	0.0
150423	6	28	471	84	0.17834394904458598
150423	16	8	28	0	0.0
150423	43	5	1	1	1.0
150423	3	35	361	0	0.0
150423	37	3	106	0	0.0
150423	23	3	354	0	0.0
150423	2	35	66	0	0.0
150423	6	15	3905	28	0.007170294494238156
150423	6	17	87	6	0.06896551724137931
150423	4	15	3	1	0.3333333333333333
150423	6	52	3053	32	0.010481493612839829
150423	21	3	233	0	0.0
150423	5	49	889	107	0.1203599550056243
150423	28	4	75	0	0.0
150423	1	35	58	0	0.0
150423	11	6	1	1	1.0
150423	24	1	95	0	0.0
150423	9	3	2	0	0.0
150423	54	5	772	57	0.07383419689119171
150423	15	8	36	0	0.0
150423	29	8	313	0	0.0
150423	19	1	7454	109	0.014623021196672928
150423	39	6	16	0	0.0
150423	25	1	1325	3	0.0022641509433962265
150423	31	1	1211	1	0.0008257638315441783
150423	40	5	1009	0	0.0
150423	14	8	2	0	0.0
150423	5	28	147	0	0.0
150423	28	8	272	0	0.0
150423	38	6	1607	50	0.031113876789047916
150423	5	15	689	78	0.11320754716981132
150423	5	50	2126	378	0.17779868297271872
150423	6	33	216	21	0.09722222222222222
150423	44	7	2	1	0.5
150423	7	17	2	0	0.0
150423	1	15	6	6	1.0
150423	40	7	21	0	0.0
150423	4	31	16	0	0.0
150423	8	19	605	0	0.0
150423	8	24	2479	0	0.0
150423	1	11	777	2	0.002574002574002574
150423	8	20	1390	0	0.0
150423	2	37	2018	34	0.01684836471754212
150423	20	3	1145	0	0.0
150423	2	33	113	1	0.008849557522123894
150423	11	4	14	0	0.0
150423	39	4	144	0	0.0
150423	45	5	2	2	1.0
150423	18	3	1	0	0.0
150423	5	11	1	1	1.0
150423	24	3	2	0	0.0
150423	4	35	17	0	0.0
150423	10	8	1	0	0.0
150423	20	1	337	0	0.0
150423	21	1	928	13	0.014008620689655173
150423	1	28	4	0	0.0
150423	44	5	71	71	1.0
150423	11	8	1	0	0.0
150423	39	8	11	0	0.0
150423	6	37	9	5	0.5555555555555556
150423	31	3	387	0	0.0
150423	3	33	85	0	0.0
150423	41	7	13	0	0.0
150423	38	4	12	0	0.0
150423	25	3	62	0	0.0
150423	43	7	3	0	0.0
150423	6	35	59	7	0.11864406779661017
150423	3	28	3	0	0.0
150423	8	43	1	0	0.0
150423	27	3	8	0	0.0
150423	22	1	731	0	0.0
150423	19	3	5389	61	0.01131935424011876
150423	8	41	13	0	0.0
150423	23	1	38	0	0.0
150423	2	50	3	0	0.0
150423	46	5	2	2	1.0
150423	4	37	87	0	0.0
150423	2	31	150	0	0.0
150423	26	3	7	0	0.0
150423	8	22	2108	0	0.0
150423	3	15	1	0	0.0
150423	4	43	191	0	0.0
150423	6	41	23	0	0.0
150423	27	6	26	1	0.038461538461538464
150423	6	54	10224	166	0.016236306729264474
150423	26	6	198	2	0.010101010101010102
150423	37	8	1	0	0.0
150423	36	8	13	0	0.0
150423	42	2	712	6	0.008426966292134831
150423	43	2	840	23	0.02738095238095238
150423	22	4	1815	0	0.0
150423	2	45	4766	11	0.0023080151070079733
150423	6	7	247	19	0.07692307692307693
150423	2	3	57	1	0.017543859649122806
150423	6	20	1796	19	0.010579064587973273
150423	2	24	127	2	0.015748031496062992
150423	4	5	21	0	0.0
150423	23	4	1470	0	0.0
150423	4	20	777	0	0.0
150423	21	4	656	0	0.0
150423	18	6	1363	138	0.1012472487160675
150423	2	1	2289	350	0.1529051987767584
150423	6	22	4713	729	0.15467854869509867
150423	5	39	3	0	0.0
150423	35	8	80	0	0.0
150423	24	6	1566	256	0.16347381864623245
150423	19	6	132	9	0.06818181818181818
150423	6	5	2780	470	0.16906474820143885
150423	4	7	34	0	0.0
150423	2	19	2740	2	0.00072992700729927
150423	40	2	15	0	0.0
150423	38	1	2	1	0.5
150423	25	6	7	1	0.14285714285714285
150423	34	8	27	0	0.0
150423	39	1	5445	0	0.0
150423	5	7	1594	24	0.015056461731493099
150423	41	2	9427	1309	0.13885647607934656
150423	7	1	8	0	0.0
150423	6	43	16	0	0.0
150423	8	54	61	0	0.0
150423	4	41	533	0	0.0
150423	24	4	185	0	0.0
150423	8	50	121	1	0.008264462809917356
150423	39	3	4	0	0.0
150423	30	8	4497	1	0.00022237046920169
150423	1	3	844	16	0.018957345971563982
150423	44	2	728	17	0.023351648351648352
150423	21	6	977	93	0.09518935516888434
150423	2	5	32	28	0.875
150423	2	47	9285	78	0.00840064620355412
150423	5	3	9	0	0.0
150423	4	45	285	0	0.0
150423	6	1	27	5	0.18518518518518517
150423	38	3	7	0	0.0
150423	4	3	1210	0	0.0
150423	27	4	199	0	0.0
150423	25	4	21	0	0.0
150423	4	1	153	4	0.026143790849673203
150423	2	7	12	0	0.0
150423	8	33	408	0	0.0
150423	6	3	3	0	0.0
150423	4	19	2528	0	0.0
150423	2	20	7	0	0.0
150423	2	22	1104	8	0.007246376811594203
150423	46	2	280	13	0.04642857142857143
150423	4	26	17	0	0.0
150423	3	7	127	0	0.0
150423	1	5	17	8	0.47058823529411764
150423	4	47	623	0	0.0
150423	23	6	142	17	0.11971830985915492
150423	44	6	17	16	0.9411764705882353
150423	2	27	1236	14	0.011326860841423949
150423	4	6	34	7	0.20588235294117646
150423	4	40	29	0	0.0
150423	38	7	344	0	0.0
150423	8	52	26	1	0.038461538461538464
150423	21	2	1312	29	0.022103658536585365
150423	42	4	10	0	0.0
150423	2	6	61	38	0.6229508196721312
150423	6	40	1170	8	0.006837606837606838
150423	46	6	16	0	0.0
150423	23	2	137	8	0.058394160583941604
150423	53	8	7	0	0.0
150423	5	38	2492	20	0.008025682182985553
150423	2	25	429	0	0.0
155938	1	34	541	55	0.10166358595194085
155938	31	7	16	0	0.0
155938	2	8	13	1	0.07692307692307693
150423	46	4	58	0	0.0
155938	2	12	215	0	0.0
150423	4	2	329	4	0.0121580547112462
155938	3	36	82	0	0.0
155938	19	7	1324	0	0.0
150423	4	44	7	0	0.0
150423	8	51	16	3	0.1875
155938	41	3	104	0	0.0
155938	4	29	7857	0	0.0
155938	25	7	47	0	0.0
155938	6	53	38	1	0.02631578947368421
155938	44	1	91	7	0.07692307692307693
155938	7	32	105	0	0.0
155938	14	2	6	1	0.16666666666666666
155938	9	2	3071	10	0.0032562683165092803
155938	5	30	1748	0	0.0
155938	48	8	275	0	0.0
155938	5	48	2508	166	0.06618819776714513
155938	6	16	2878	64	0.022237665045170257
155938	34	5	91	3	0.03296703296703297
155938	15	2	3	3	1.0
155938	35	5	74	1	0.013513513513513514
155938	28	2	2	0	0.0
155938	21	5	234	1	0.004273504273504274
155938	5	51	61	10	0.16393442622950818
155938	45	1	2234	217	0.09713518352730528
155938	51	1	4	4	1.0
155938	5	14	227	0	0.0
155938	6	32	3	0	0.0
155938	8	18	19	0	0.0
155938	7	53	2	0	0.0
155938	20	5	14248	666	0.046743402582818644
155938	4	30	43	0	0.0
155938	7	16	20	0	0.0
155938	8	25	43	0	0.0
155938	40	3	22	0	0.0
155938	18	7	4	0	0.0
155938	2	36	82	6	0.07317073170731707
155938	3	8	71	0	0.0
155938	30	7	478	0	0.0
155938	8	27	42	0	0.0
155938	24	7	1499	0	0.0
155938	3	12	18	0	0.0
155938	1	8	24	0	0.0
155938	29	2	20983	3295	0.1570318829528666
155938	1	10	1088	14	0.012867647058823529
155938	1	12	42	0	0.0
155938	7	29	119	0	0.0
155938	2	34	160	24	0.15
155938	26	7	185	0	0.0
155938	3	10	181	0	0.0
155938	42	3	3	0	0.0
155938	37	5	6	6	1.0
155938	5	16	887	0	0.0
155938	47	1	8	3	0.375
155938	5	53	59	15	0.2542372881355932
155938	7	14	9	0	0.0
155938	7	51	13	0	0.0
155938	23	5	14	0	0.0
155938	16	2	38	4	0.10526315789473684
155938	22	5	2414	23	0.009527754763877383
155938	36	5	120	3	0.025
155938	5	32	53	1	0.018867924528301886
155938	4	16	5	0	0.0
155938	46	1	109	9	0.08256880733944955
155938	1	36	60	7	0.11666666666666667
155938	6	30	19356	3903	0.20164290142591446
155938	4	53	2	0	0.0
155938	43	3	27	0	0.0
155938	6	14	2819	9	0.0031926214969847464
155938	6	51	190	0	0.0
155938	2	10	4574	16	0.0034980323567993005
155938	7	48	8	1	0.125
155938	6	29	260	27	0.10384615384615385
155938	27	7	44	0	0.0
155938	7	34	55	0	0.0
155938	33	7	181	0	0.0
155938	37	7	7	1	0.14285714285714285
155938	4	8	78	0	0.0
155938	6	48	20808	852	0.040945790080738176
155938	3	34	302	0	0.0
155938	4	12	18	0	0.0
155938	9	4	118	0	0.0
155938	23	7	169	0	0.0
155938	3	14	1	0	0.0
155938	6	10	17	17	1.0
155938	33	5	267	3	0.011235955056179775
155938	42	1	414	20	0.04830917874396135
155938	4	36	57	0	0.0
155938	46	3	10	0	0.0
155938	8	23	556	0	0.0
155938	2	30	34	3	0.08823529411764706
155938	26	5	129	1	0.007751937984496124
155938	1	32	2	0	0.0
155938	43	1	292	60	0.2054794520547945
155938	13	2	115	2	0.017391304347826087
155938	3	30	49	0	0.0
155938	7	10	5	1	0.2
155938	36	7	780	0	0.0
155938	3	29	329	0	0.0
155938	22	7	1003	2	0.0019940179461615153
155938	4	34	721	0	0.0
155938	5	10	16	16	1.0
155938	44	3	10	0	0.0
155938	6	34	133	14	0.10526315789473684
155938	5	8	398	41	0.10301507537688442
155938	6	36	164	17	0.10365853658536585
155938	8	6	1201	146	0.12156536219816819
155938	1	29	834	0	0.0
155938	7	8	5682	0	0.0
155938	8	21	2053	0	0.0
155938	20	7	10426	14	0.001342796854018799
155938	2	32	1	0	0.0
155938	41	1	2232	136	0.06093189964157706
155938	39	2	1826	16	0.008762322015334063
155938	19	5	67	0	0.0
155938	25	5	2	0	0.0
155938	18	5	591	1	0.001692047377326565
155938	31	5	1	0	0.0
155938	11	2	1029	28	0.027210884353741496
155938	3	32	104	0	0.0
155938	24	5	92	1	0.010869565217391304
155938	40	1	14	1	0.07142857142857142
155938	49	6	1686	19	0.011269276393831554
155938	2	53	4	0	0.0
155938	8	40	237	1	0.004219409282700422
155938	38	2	1	1	1.0
155938	45	3	11	1	0.09090909090909091
155938	52	7	4	4	1.0
155938	9	6	4	0	0.0
155938	7	50	9	2	0.2222222222222222
155938	4	33	113	0	0.0
155938	8	38	98	0	0.0
155938	4	10	135	0	0.0
155938	35	7	204	0	0.0
155938	7	15	137	0	0.0
155938	21	7	1496	0	0.0
155938	5	52	1703	364	0.21374045801526717
155938	5	17	4	0	0.0
155938	22	3	942	0	0.0
155938	27	1	195	0	0.0
155938	1	9	127	0	0.0
155938	3	11	75	0	0.0
155938	33	1	134	18	0.13432835820895522
155938	3	35	580	0	0.0
155938	1	13	32	0	0.0
155938	6	28	744	48	0.06451612903225806
155938	2	35	65	1	0.015384615384615385
155938	8	26	276	0	0.0
155938	7	28	59	0	0.0
155938	2	54	34	0	0.0
155938	7	49	7	2	0.2857142857142857
155938	1	37	4455	25	0.005611672278338945
155938	37	3	114	0	0.0
155938	9	3	29	0	0.0
155938	6	15	2147	30	0.013972985561248253
155938	28	4	8	0	0.0
155938	23	3	1636	1	0.0006112469437652812
155938	4	50	3	0	0.0
155938	6	17	63	0	0.0
155938	6	50	877	8	0.009122006841505131
155938	16	8	63	0	0.0
155938	6	52	3260	25	0.007668711656441718
155938	21	3	2615	0	0.0
155938	39	6	11	1	0.09090909090909091
155938	1	35	76	8	0.10526315789473684
155938	24	1	36	2	0.05555555555555555
155938	14	8	29	0	0.0
155938	54	5	3	0	0.0
155938	11	6	48	3	0.0625
155938	40	5	640	1	0.0015625
155938	5	49	769	55	0.07152145643693109
155938	28	8	448	0	0.0
155938	29	8	86	0	0.0
155938	31	1	187	0	0.0
155938	38	6	881	12	0.01362088535754824
155938	15	8	28	0	0.0
155938	25	1	312	13	0.041666666666666664
155938	5	28	189	0	0.0
155938	8	24	5640	0	0.0
155938	1	11	141	0	0.0
155938	8	19	362	0	0.0
155938	3	13	13	0	0.0
155938	20	3	2249	0	0.0
155938	44	7	20	14	0.7
155938	4	31	38	0	0.0
155938	19	1	9010	706	0.07835738068812431
155938	2	37	798	3	0.0037593984962406013
155938	6	33	297	25	0.08417508417508418
155938	2	33	171	13	0.07602339181286549
155938	5	50	247	37	0.14979757085020243
155938	5	15	670	5	0.007462686567164179
155938	39	4	434	0	0.0
155938	40	7	101	0	0.0
155938	11	4	180	0	0.0
155938	8	20	5675	0	0.0
155938	11	8	1	0	0.0
155938	7	9	1	0	0.0
155938	39	8	33	0	0.0
155938	6	37	1	1	1.0
155938	21	1	1848	142	0.07683982683982683
155938	4	35	26	0	0.0
155938	20	1	257	8	0.0311284046692607
155938	44	5	200	193	0.965
155938	24	3	67	0	0.0
155938	10	8	3	0	0.0
155938	25	3	915	0	0.0
155938	3	33	102	1	0.00980392156862745
155938	41	7	1	1	1.0
155938	38	4	2	0	0.0
155938	31	3	541	0	0.0
155938	2	50	16	0	0.0
155938	27	3	798	0	0.0
155938	19	3	13805	17	0.001231437884824339
155938	43	7	46	0	0.0
155938	22	1	534	11	0.020599250936329586
155938	3	15	3	0	0.0
155938	3	28	1	0	0.0
155938	2	31	29	0	0.0
155938	7	11	4	0	0.0
155938	4	13	18	0	0.0
155938	6	35	125	6	0.048
155938	26	3	17	0	0.0
155938	23	1	170	0	0.0
155938	6	54	7062	8	0.0011328235627301047
155938	4	43	5	0	0.0
155938	8	22	4680	0	0.0
155938	4	37	134	0	0.0
155938	27	6	10	1	0.1
155938	42	2	714	17	0.023809523809523808
155938	6	7	509	25	0.04911591355599214
155938	23	4	3932	0	0.0
155938	36	8	96	0	0.0
155938	2	3	478	19	0.0397489539748954
155938	6	20	5205	69	0.013256484149855908
155938	22	4	947	0	0.0
155938	7	39	11	0	0.0
155938	2	45	3048	43	0.01410761154855643
155938	26	6	200	4	0.02
155938	4	5	9	0	0.0
155938	37	8	1	0	0.0
155938	2	24	73	2	0.0273972602739726
155938	2	19	3301	9	0.002726446531354135
155938	2	1	2334	453	0.19408740359897173
155938	5	39	4	0	0.0
155938	25	6	11	1	0.09090909090909091
155938	39	1	2417	4	0.0016549441456350847
155938	4	20	681	0	0.0
155938	5	7	1826	80	0.04381161007667032
155938	4	7	76	0	0.0
155938	43	2	991	17	0.017154389505549948
155938	18	6	1444	36	0.024930747922437674
155938	40	2	4	0	0.0
155938	24	6	712	95	0.13342696629213482
155938	35	8	82	0	0.0
155938	21	4	6473	0	0.0
155938	6	5	2790	472	0.16917562724014337
155938	6	22	12388	1684	0.13593800452050372
155938	41	2	14351	760	0.052957982022158734
155938	7	1	33	6	0.18181818181818182
155938	5	3	25	1	0.04
155938	2	5	73	71	0.9726027397260274
155938	1	3	1575	153	0.09714285714285714
155938	34	8	57	0	0.0
155938	19	6	84	1	0.011904761904761904
155938	24	4	225	0	0.0
155938	4	45	2	0	0.0
155938	44	2	278	2	0.007194244604316547
155938	21	6	1207	41	0.03396851698425849
155938	4	41	1792	0	0.0
155938	39	3	122	0	0.0
155938	2	47	5880	11	0.0018707482993197278
155938	30	8	3693	0	0.0
155938	4	3	2933	0	0.0
155938	38	3	7	0	0.0
155938	2	22	409	14	0.034229828850855744
155938	25	4	261	0	0.0
155938	4	19	5764	0	0.0
155938	6	1	20	14	0.7
155938	2	20	13	3	0.23076923076923078
155938	8	33	481	0	0.0
155938	4	1	243	16	0.06584362139917696
155938	4	26	4	0	0.0
155938	2	7	34	9	0.2647058823529412
155938	1	5	64	49	0.765625
155938	3	7	80	0	0.0
155938	44	6	2	2	1.0
155938	23	6	168	4	0.023809523809523808
155938	4	6	27	1	0.037037037037037035
155938	6	3	38	2	0.05263157894736842
155938	46	2	74	1	0.013513513513513514
155938	4	47	1	0	0.0
155938	5	38	1382	5	0.00361794500723589
155938	27	4	805	0	0.0
155938	2	27	1508	85	0.05636604774535809
155938	38	7	267	0	0.0
155938	21	2	8374	857	0.10234057797946024
155938	42	4	10	0	0.0
155938	2	25	206	4	0.019417475728155338
155938	6	40	1491	37	0.02481556002682763
155938	46	4	7	0	0.0
156334	31	7	73	0	0.0
155938	23	2	2070	263	0.12705314009661836
155938	2	6	70	50	0.7142857142857143
155938	4	40	26	0	0.0
156334	2	8	782	10	0.01278772378516624
156334	2	12	801	2	0.0024968789013732834
155938	4	2	779	83	0.10654685494223363
155938	4	44	9	0	0.0
156334	1	34	95	1	0.010526315789473684
156334	4	29	5486	0	0.0
156334	25	7	504	0	0.0
156334	3	36	180	0	0.0
156334	41	3	82	0	0.0
156334	4	14	4	0	0.0
156334	19	7	6759	1	0.00014795088030773783
156334	6	53	114	1	0.008771929824561403
156334	48	8	703	0	0.0
156334	6	16	3434	93	0.027082119976703553
156334	44	1	130	11	0.08461538461538462
156334	5	48	1786	88	0.04927211646136618
156334	9	2	6153	7	0.0011376564277588168
156334	15	2	51	15	0.29411764705882354
156334	14	2	21	3	0.14285714285714285
156334	34	5	300	4	0.013333333333333334
156334	35	5	298	8	0.026845637583892617
156334	5	30	3176	1	0.00031486146095717883
156334	7	32	320	0	0.0
156334	20	5	13213	572	0.043290698554453944
156334	29	2	14540	1596	0.10976616231086657
156334	7	16	145	0	0.0
156334	28	2	136	0	0.0
156334	51	1	85	82	0.9647058823529412
156334	49	8	40	0	0.0
156334	5	51	206	30	0.14563106796116504
156334	6	32	8	0	0.0
156334	7	53	4	0	0.0
156334	8	18	5	0	0.0
156334	5	14	1082	0	0.0
156334	45	1	1893	103	0.054410987849973586
156334	21	5	2202	15	0.006811989100817439
156334	8	25	348	0	0.0
156334	1	10	1498	2	0.0013351134846461949
156334	4	30	1703	0	0.0
156334	2	36	277	7	0.02527075812274368
156334	40	3	175	0	0.0
156334	18	7	21	0	0.0
156334	5	29	9	0	0.0
156334	3	12	19	0	0.0
156334	24	7	1682	0	0.0
156334	3	8	454	0	0.0
156334	3	10	145	0	0.0
156334	1	12	59	0	0.0
156334	30	7	228	0	0.0
156334	1	8	483	3	0.006211180124223602
156334	8	27	872	0	0.0
156334	5	16	1663	2	0.0012026458208057728
156334	2	34	181	1	0.0055248618784530384
156334	42	3	12	0	0.0
156334	26	7	869	0	0.0
156334	7	29	70	0	0.0
156334	5	53	108	0	0.0
156334	37	5	19	4	0.21052631578947367
156334	23	5	141	1	0.0070921985815602835
156334	4	32	51	0	0.0
156334	16	2	160	11	0.06875
156334	47	1	393	7	0.017811704834605598
156334	7	14	33	0	0.0
156334	7	51	27	2	0.07407407407407407
156334	6	30	13111	2737	0.20875600640683395
156334	6	48	7305	606	0.08295687885010267
156334	6	51	287	1	0.003484320557491289
156334	6	14	5096	9	0.0017660910518053376
156334	36	5	95	4	0.042105263157894736
156334	22	5	3112	52	0.016709511568123392
156334	46	1	102	2	0.0196078431372549
156334	5	32	161	2	0.012422360248447204
156334	43	3	51	0	0.0
156334	8	46	2	0	0.0
156334	27	7	271	0	0.0
156334	4	16	30	0	0.0
156334	2	10	7427	6	0.0008078632018311566
156334	7	48	7	0	0.0
156334	1	36	68	0	0.0
156334	33	7	1640	0	0.0
156334	3	34	183	0	0.0
156334	4	8	2507	0	0.0
156334	6	29	3376	210	0.06220379146919431
156334	37	7	92	1	0.010869565217391304
156334	9	4	14	0	0.0
156334	7	34	1278	0	0.0
156334	3	30	21	0	0.0
156334	23	7	636	0	0.0
156334	6	10	35	25	0.7142857142857143
156334	2	51	11	10	0.9090909090909091
156334	3	14	1	0	0.0
156334	13	2	411	8	0.019464720194647202
156334	43	1	934	54	0.057815845824411134
156334	27	5	30	0	0.0
156334	26	5	369	2	0.005420054200542005
156334	42	1	278	17	0.06115107913669065
156334	3	51	1	0	0.0
156334	33	5	2455	71	0.028920570264765785
156334	1	32	12	0	0.0
156334	8	23	1642	0	0.0
156334	1	16	1	1	1.0
156334	46	3	55	0	0.0
156334	2	30	1376	45	0.032703488372093026
156334	3	29	589	0	0.0
156334	5	8	345	9	0.02608695652173913
156334	4	34	343	0	0.0
156334	36	7	2149	0	0.0
156334	7	10	48	5	0.10416666666666667
156334	6	34	313	55	0.1757188498402556
156334	7	8	3319	0	0.0
156334	22	7	6340	0	0.0
156334	4	36	698	0	0.0
156334	6	36	167	22	0.1317365269461078
156334	5	10	6	6	1.0
156334	8	6	469	52	0.11087420042643924
156334	1	29	2321	0	0.0
156334	20	7	12455	23	0.001846647932557206
156334	44	3	7	0	0.0
156334	39	2	4567	3	0.0006568863586599519
156334	3	16	2	0	0.0
156334	1	14	1	1	1.0
156334	2	32	5	0	0.0
156334	38	2	4	0	0.0
156334	25	5	94	1	0.010638297872340425
156334	31	5	74	1	0.013513513513513514
156334	41	1	3219	58	0.018018018018018018
156334	24	5	118	0	0.0
156334	11	2	2132	24	0.01125703564727955
156334	18	5	562	1	0.0017793594306049821
156334	40	1	116	2	0.017241379310344827
156334	19	5	3894	38	0.009758602978941962
156334	8	21	8603	0	0.0
156334	3	32	777	1	0.001287001287001287
156334	8	40	272	0	0.0
156334	49	6	995	1	0.0010050251256281408
156334	1	30	14	0	0.0
156334	35	7	182	0	0.0
156334	52	7	124	2	0.016129032258064516
156334	8	38	56	0	0.0
156334	9	6	14	0	0.0
156334	7	15	96	2	0.020833333333333332
156334	45	3	29	0	0.0
156334	4	10	52	0	0.0
156334	21	7	3717	0	0.0
156334	4	33	1033	0	0.0
156334	7	50	42	2	0.047619047619047616
156334	6	31	21	2	0.09523809523809523
156334	2	35	57	4	0.07017543859649122
156334	5	52	2163	150	0.06934812760055478
156334	5	17	69	3	0.043478260869565216
156334	33	1	171	3	0.017543859649122806
156334	8	26	179	0	0.0
156334	3	11	46	0	0.0
156334	6	28	438	58	0.1324200913242009
156334	22	3	239	0	0.0
156334	1	13	345	0	0.0
156334	27	1	104	0	0.0
156334	3	35	838	0	0.0
156334	1	9	452	0	0.0
156334	7	28	184	0	0.0
156334	42	5	1	0	0.0
156334	7	49	3	0	0.0
156334	16	8	22	0	0.0
156334	26	1	96	0	0.0
156334	1	37	11228	25	0.002226576416102601
156334	6	50	681	3	0.004405286343612335
156334	37	3	252	1	0.003968253968253968
156334	4	15	76	0	0.0
156334	23	3	403	0	0.0
156334	6	17	632	2	0.0031645569620253164
156334	6	15	5489	39	0.007105119329568228
156334	9	3	19	0	0.0
156334	11	6	107	4	0.037383177570093455
156334	21	3	3259	0	0.0
156334	5	49	605	51	0.08429752066115702
156334	28	4	323	0	0.0
156334	14	8	15	0	0.0
156334	40	5	2036	1	0.0004911591355599214
156334	39	6	344	17	0.04941860465116279
156334	1	35	13	0	0.0
156334	5	28	115	0	0.0
156334	54	5	1026	22	0.021442495126705652
156334	6	52	1943	0	0.0
156334	28	8	686	0	0.0
156334	24	1	135	0	0.0
156334	3	13	7	0	0.0
156334	15	8	76	0	0.0
156334	7	17	8	0	0.0
156334	31	1	854	1	0.00117096018735363
156334	38	6	3009	41	0.013625789298770355
156334	25	1	366	3	0.00819672131147541
156334	29	8	4673	0	0.0
156334	8	19	3448	0	0.0
156334	20	3	2912	0	0.0
156334	4	31	14	0	0.0
156334	8	24	7402	0	0.0
156334	1	11	838	0	0.0
156334	44	7	8	5	0.625
156334	19	1	12142	302	0.024872343930159777
156334	2	37	2108	0	0.0
156334	2	33	223	2	0.008968609865470852
156334	6	33	3006	344	0.11443779108449767
156334	5	15	1967	19	0.009659379766141332
156334	39	4	545	0	0.0
156334	5	50	1814	157	0.08654906284454245
156334	1	15	18	15	0.8333333333333334
156334	11	4	19	0	0.0
156334	24	3	124	0	0.0
156334	11	8	5	0	0.0
156334	40	7	328	0	0.0
156334	39	8	688	0	0.0
156334	8	20	8753	0	0.0
156334	4	35	79	0	0.0
156334	6	37	16	4	0.25
156334	1	28	53	0	0.0
156334	21	1	2706	10	0.003695491500369549
156334	38	4	16	0	0.0
156334	44	5	79	69	0.8734177215189873
156334	10	8	42	0	0.0
156334	25	3	435	0	0.0
156334	31	3	690	0	0.0
156334	20	1	412	3	0.007281553398058253
156334	22	1	202	1	0.0049504950495049506
156334	3	33	595	0	0.0
156334	8	41	3	0	0.0
156334	23	1	13	0	0.0
156334	4	13	1	0	0.0
156334	6	35	533	50	0.09380863039399624
156334	27	3	135	0	0.0
156334	4	37	62	0	0.0
156334	19	3	20407	2	9.800558631842015e-05
156334	1	17	4	4	1.0
156334	2	52	1	0	0.0
156334	8	22	19299	0	0.0
156334	6	54	4449	1	0.0002247696111485727
156334	3	28	64	0	0.0
156334	7	11	1	0	0.0
156334	3	15	11	0	0.0
156334	26	3	169	0	0.0
156334	37	8	41	0	0.0
156334	43	2	388	5	0.01288659793814433
156334	27	6	299	6	0.020066889632107024
156334	7	39	389	0	0.0
156334	36	8	398	0	0.0
156334	4	5	331	3	0.00906344410876133
156334	6	7	366	49	0.13387978142076504
156334	2	24	199	1	0.005025125628140704
156334	26	6	306	7	0.02287581699346405
156334	22	4	1842	0	0.0
156334	42	2	364	0	0.0
156334	2	31	50	0	0.0
156334	8	9	1	0	0.0
156334	23	4	6080	0	0.0
156334	4	43	11	0	0.0
156334	2	45	2523	3	0.0011890606420927466
156334	2	19	3473	12	0.0034552260293694214
156334	4	20	2042	0	0.0
156334	2	1	2855	151	0.05288966725043783
156334	2	3	605	2	0.003305785123966942
156334	39	1	4260	2	0.00046948356807511736
156334	18	6	1077	38	0.035283194057567316
156334	5	39	106	2	0.018867924528301886
156334	6	20	4089	77	0.01883101002690144
156334	2	26	27	0	0.0
156334	4	7	1934	0	0.0
156334	24	6	373	59	0.1581769436997319
156334	40	2	148	0	0.0
156334	21	4	10262	0	0.0
156334	6	5	2876	503	0.17489568845618916
156334	35	8	587	0	0.0
156334	5	7	1292	44	0.034055727554179564
156334	6	22	10038	1913	0.19057581191472406
156334	25	6	262	10	0.03816793893129771
156334	38	1	4	2	0.5
156334	8	54	2	0	0.0
156334	1	3	2344	76	0.032423208191126277
156334	19	6	1282	41	0.031981279251170044
156334	34	8	2571	0	0.0
156334	39	3	301	0	0.0
156334	7	1	312	41	0.13141025641025642
156334	41	2	6839	421	0.06155870741336453
156334	6	43	35	0	0.0
156334	4	41	819	0	0.0
156334	8	50	8	0	0.0
156334	44	2	183	1	0.00546448087431694
156334	2	47	6518	14	0.0021478981282602025
156334	5	3	184	6	0.03260869565217391
156334	4	45	16	0	0.0
156334	24	4	456	0	0.0
156334	30	8	2946	0	0.0
156334	38	3	37	0	0.0
156334	2	5	192	92	0.4791666666666667
156334	31	8	51	0	0.0
156334	4	19	4035	0	0.0
156334	4	3	3175	0	0.0
156334	21	6	5446	408	0.0749173705471906
156334	2	20	171	1	0.005847953216374269
156334	2	22	1089	13	0.011937557392102846
156334	6	1	309	112	0.36245954692556637
156334	27	4	806	0	0.0
156334	25	4	179	0	0.0
156334	23	6	630	55	0.0873015873015873
156334	6	3	214	28	0.1308411214953271
156334	4	26	236	0	0.0
156334	4	1	444	0	0.0
156334	1	5	205	93	0.45365853658536587
156334	8	33	4041	0	0.0
156334	2	7	460	62	0.13478260869565217
156334	46	2	136	7	0.051470588235294115
156334	8	52	17	0	0.0
156334	38	7	187	2	0.0106951871657754
156334	32	8	13	0	0.0
156334	3	7	920	0	0.0
156334	2	27	468	6	0.01282051282051282
156334	44	6	1	1	1.0
156334	5	38	2435	21	0.00862422997946612
156334	4	6	519	60	0.11560693641618497
156334	4	47	3	0	0.0
156334	4	40	270	0	0.0
156334	2	18	2	1	0.5
156334	6	40	1258	6	0.0047694753577106515
156334	46	4	13	0	0.0
156334	2	25	98	0	0.0
156334	23	2	86	2	0.023255813953488372
156334	42	4	23	0	0.0
156334	46	6	101	1	0.009900990099009901
156334	21	2	8662	282	0.03255599168783191
156334	2	6	573	206	0.35951134380453753
156334	53	8	3	0	0.0
157336	41	3	31	0	0.0
156334	8	51	23	0	0.0
156334	4	2	625	11	0.0176
157336	19	7	2493	0	0.0
157336	6	53	37	3	0.08108108108108109
157336	2	12	93	0	0.0
157336	6	16	2753	28	0.010170722847802398
156334	4	44	11	0	0.0
157336	2	8	97	1	0.010309278350515464
157336	4	29	3917	0	0.0
157336	3	36	99	0	0.0
157336	25	7	53	0	0.0
157336	31	7	284	0	0.0
157336	1	34	391	1	0.0025575447570332483
157336	5	48	3542	294	0.08300395256916997
157336	28	2	12	0	0.0
157336	50	1	2	0	0.0
157336	7	32	320	0	0.0
157336	48	8	534	0	0.0
157336	4	14	6	0	0.0
157336	15	2	3	1	0.3333333333333333
157336	35	5	148	0	0.0
157336	14	2	9	0	0.0
157336	44	1	258	32	0.12403100775193798
157336	9	2	3872	2	0.0005165289256198347
157336	21	5	613	0	0.0
157336	6	32	12	0	0.0
157336	34	5	498	2	0.004016064257028112
157336	5	30	4057	2	0.0004929751047572097
157336	20	5	10334	17	0.0016450551577317592
157336	5	51	519	120	0.23121387283236994
157336	49	8	3	0	0.0
157336	4	30	679	0	0.0
157336	1	10	1386	36	0.025974025974025976
157336	8	18	5	0	0.0
157336	5	14	174	6	0.034482758620689655
157336	7	16	65	0	0.0
157336	2	36	65	0	0.0
157336	7	53	7	0	0.0
157336	18	7	32	0	0.0
157336	51	1	23	23	1.0
157336	29	2	21439	770	0.03591585428424833
157336	40	3	11	0	0.0
157336	45	1	3242	159	0.04904380012338063
157336	8	25	78	0	0.0
157336	24	7	1057	2	0.001892147587511826
157336	30	7	810	1	0.0012345679012345679
157336	1	12	13	1	0.07692307692307693
157336	5	29	28	0	0.0
157336	7	29	88	0	0.0
157336	5	53	57	15	0.2631578947368421
157336	3	12	1	0	0.0
157336	2	34	234	0	0.0
157336	3	10	93	0	0.0
157336	1	8	93	1	0.010752688172043012
157336	3	8	196	0	0.0
157336	26	7	315	0	0.0
157336	8	27	137	0	0.0
157336	7	51	123	0	0.0
157336	42	3	6	0	0.0
157336	47	1	322	11	0.034161490683229816
157336	4	32	2	0	0.0
157336	5	16	727	2	0.002751031636863824
157336	7	14	23	0	0.0
157336	6	48	11419	934	0.08179350205797355
157336	23	5	124	0	0.0
157336	37	5	4	0	0.0
157336	16	2	59	5	0.0847457627118644
157336	36	5	116	1	0.008620689655172414
157336	43	3	39	0	0.0
157336	5	32	231	4	0.017316017316017316
157336	7	48	134	0	0.0
157336	1	36	77	0	0.0
157336	4	16	20	0	0.0
157336	46	1	79	1	0.012658227848101266
157336	6	51	1024	43	0.0419921875
157336	6	29	933	105	0.11254019292604502
157336	6	14	3794	6	0.0015814443858724301
157336	22	5	9271	8	0.0008629058354007119
157336	2	10	4385	12	0.0027366020524515395
157336	6	30	24905	1870	0.07508532423208192
157336	27	7	39	0	0.0
157336	33	7	444	0	0.0
157336	3	34	406	0	0.0
157336	4	8	345	0	0.0
157336	7	34	750	0	0.0
157336	3	48	1	0	0.0
157336	37	7	4	0	0.0
157336	6	10	3	2	0.6666666666666666
157336	2	51	8	7	0.875
157336	42	1	244	13	0.05327868852459016
157336	9	4	15	0	0.0
157336	23	7	282	0	0.0
157336	3	30	21	0	0.0
157336	27	5	10	0	0.0
157336	1	32	12	0	0.0
157336	26	5	128	0	0.0
157336	2	48	6	0	0.0
157336	33	5	216	0	0.0
157336	3	14	1	0	0.0
157336	8	23	1110	0	0.0
157336	43	1	2370	216	0.09113924050632911
157336	13	2	228	0	0.0
157336	7	10	7	1	0.14285714285714285
157336	2	30	501	23	0.04590818363273453
157336	4	36	95	0	0.0
157336	46	3	28	0	0.0
157336	36	7	1414	0	0.0
157336	6	34	507	16	0.03155818540433925
157336	3	29	362	0	0.0
157336	22	7	5539	2	0.0003610760064993681
157336	5	8	372	24	0.06451612903225806
157336	5	10	7	7	1.0
157336	20	7	4661	23	0.004934563398412358
157336	7	8	5474	1	0.00018268176835951772
157336	8	6	779	56	0.07188703465982028
157336	4	34	905	0	0.0
157336	41	1	2038	62	0.03042198233562316
157336	6	36	130	10	0.07692307692307693
157336	25	5	2	0	0.0
157336	1	29	3190	0	0.0
157336	44	3	23	0	0.0
157336	3	16	1	0	0.0
157336	39	2	2639	1	0.00037893141341417203
157336	38	2	2	0	0.0
157336	2	32	1	0	0.0
157336	19	5	247	0	0.0
157336	8	21	4245	0	0.0
157336	31	5	5	0	0.0
157336	11	2	1397	8	0.00572655690765927
157336	18	5	398	0	0.0
157336	2	53	3	0	0.0
157336	3	32	61	0	0.0
157336	45	3	134	0	0.0
157336	1	30	21	0	0.0
157336	4	10	82	0	0.0
157336	49	6	177	4	0.022598870056497175
157336	8	38	39	0	0.0
157336	8	40	86	0	0.0
157336	40	1	6	0	0.0
157336	24	5	1085	1	0.0009216589861751152
157336	9	6	5	1	0.2
157336	52	7	39	0	0.0
157336	7	15	230	0	0.0
157336	4	33	345	0	0.0
157336	21	7	1466	0	0.0
157336	35	7	133	1	0.007518796992481203
157336	22	3	1081	0	0.0
157336	17	8	1	0	0.0
157336	1	9	300	6	0.02
157336	7	50	153	0	0.0
157336	1	13	127	0	0.0
157336	7	28	243	0	0.0
157336	33	1	417	1	0.002398081534772182
157336	3	11	8	0	0.0
157336	5	17	9	0	0.0
157336	8	26	31	0	0.0
157336	43	5	1	1	1.0
157336	5	52	4892	651	0.1330744071954211
157336	2	35	42	0	0.0
157336	27	1	75	0	0.0
157336	6	28	83	2	0.024096385542168676
157336	16	8	23	0	0.0
157336	6	50	930	13	0.013978494623655914
157336	37	3	97	0	0.0
157336	2	54	61	0	0.0
157336	26	1	3	0	0.0
157336	23	3	1490	0	0.0
157336	28	4	52	0	0.0
157336	45	7	5	5	1.0
157336	9	3	16	0	0.0
157336	6	15	3386	0	0.0
157336	1	37	5333	3	0.000562535158447403
157336	6	17	33	0	0.0
157336	4	15	10	0	0.0
157336	21	3	3701	0	0.0
157336	6	52	3991	20	0.005011275369581559
157336	3	35	528	0	0.0
157336	14	8	7	0	0.0
157336	28	8	240	0	0.0
157336	54	5	217	9	0.041474654377880185
157336	5	28	62	0	0.0
157336	15	8	32	0	0.0
157336	11	6	14	1	0.07142857142857142
157336	39	6	13	0	0.0
157336	5	49	272	21	0.07720588235294118
157336	31	1	1080	0	0.0
157336	24	1	60	0	0.0
157336	29	8	1321	0	0.0
157336	1	35	62	0	0.0
157336	38	6	1600	96	0.06
157336	3	13	1	0	0.0
157336	19	1	11021	58	0.005262680337537428
157336	25	1	584	0	0.0
157336	40	5	1176	0	0.0
157336	8	24	3305	0	0.0
157336	44	7	8	5	0.625
157336	1	11	389	0	0.0
157336	20	3	1539	0	0.0
157336	8	19	1295	0	0.0
157336	8	20	2234	0	0.0
157336	2	33	349	4	0.011461318051575931
157336	4	31	430	0	0.0
157336	6	33	262	13	0.04961832061068702
157336	2	37	498	25	0.050200803212851405
157336	1	15	6	0	0.0
157336	7	17	1	0	0.0
157336	5	50	2300	343	0.1491304347826087
157336	5	15	608	27	0.044407894736842105
157336	40	7	85	0	0.0
157336	11	4	17	0	0.0
157336	11	8	4	0	0.0
157336	4	35	82	0	0.0
157336	39	8	31	0	0.0
157336	24	3	107	0	0.0
157336	31	3	934	0	0.0
157336	1	28	5	0	0.0
157336	45	5	11	11	1.0
157336	20	1	477	3	0.006289308176100629
157336	6	37	36	7	0.19444444444444445
157336	39	4	157	0	0.0
157336	25	3	203	0	0.0
157336	44	5	24	24	1.0
157336	8	41	1	0	0.0
157336	10	8	20	0	0.0
157336	19	3	8928	0	0.0
157336	21	1	8693	26	0.00299091222822961
157336	27	3	377	0	0.0
157336	3	33	451	0	0.0
157336	2	50	3	0	0.0
157336	43	7	1	1	1.0
157336	3	28	29	0	0.0
157336	4	13	3	0	0.0
157336	23	1	353	0	0.0
157336	6	35	203	21	0.10344827586206896
157336	22	1	946	3	0.003171247357293869
157336	26	3	28	0	0.0
157336	3	15	27	0	0.0
157336	4	37	32	0	0.0
157336	6	54	9444	269	0.028483693350275306
157336	27	6	43	0	0.0
157336	8	22	7386	0	0.0
157336	2	31	16	0	0.0
157336	6	41	4	0	0.0
157336	4	43	32	0	0.0
157336	8	9	4	0	0.0
157336	36	8	100	0	0.0
157336	22	4	3191	0	0.0
157336	43	2	2207	20	0.009062075215224286
157336	2	45	3468	22	0.006343713956170703
157336	26	6	21	0	0.0
157336	37	8	4	0	0.0
157336	2	24	65	1	0.015384615384615385
157336	6	7	562	27	0.04804270462633452
157336	42	2	460	8	0.017391304347826087
157336	7	39	4	0	0.0
157336	2	19	1951	1	0.0005125576627370579
157336	2	3	204	0	0.0
157336	2	1	3127	457	0.14614646626159258
157336	4	5	76	0	0.0
157336	6	20	3352	19	0.0056682577565632455
157336	18	6	914	7	0.007658643326039387
157336	39	1	4272	0	0.0
157336	2	26	5	0	0.0
157336	24	6	2049	95	0.04636408003904344
157336	6	5	3360	770	0.22916666666666666
157336	21	4	8040	0	0.0
157336	5	39	5	0	0.0
157336	40	2	6	0	0.0
157336	4	20	786	0	0.0
157336	35	8	313	0	0.0
157336	23	4	5826	0	0.0
157336	6	22	18387	1236	0.06722140642845488
157336	4	7	143	0	0.0
157336	41	2	9572	428	0.04471374843292938
157336	38	1	51	0	0.0
157336	8	50	20	0	0.0
157336	19	6	269	13	0.048327137546468404
157336	8	54	7	0	0.0
157336	4	41	261	0	0.0
157336	34	8	564	0	0.0
157336	5	7	1784	10	0.005605381165919282
157336	24	4	404	0	0.0
157336	1	3	1736	15	0.008640552995391706
157336	7	1	72	5	0.06944444444444445
157336	39	3	98	0	0.0
157336	5	3	47	0	0.0
157336	6	43	4	0	0.0
157336	2	47	8851	69	0.007795729296124732
157336	18	4	1	0	0.0
157336	25	6	15	1	0.06666666666666667
157336	38	3	43	0	0.0
157336	4	3	3610	0	0.0
157336	6	1	45	14	0.3111111111111111
157336	2	5	69	50	0.7246376811594203
157336	4	45	11	0	0.0
157336	31	8	1	0	0.0
157336	4	19	4182	0	0.0
157336	30	8	6757	0	0.0
157336	21	6	2118	93	0.043909348441926344
157336	2	20	16	0	0.0
157336	2	22	933	6	0.006430868167202572
157336	44	2	479	4	0.008350730688935281
157336	25	4	14	0	0.0
157336	8	33	630	0	0.0
157336	4	1	550	1	0.0018181818181818182
157336	27	4	236	0	0.0
157336	46	2	139	4	0.02877697841726619
157336	6	3	49	1	0.02040816326530612
157336	4	26	18	0	0.0
157336	32	8	43	0	0.0
157336	3	7	507	0	0.0
157336	8	52	4	0	0.0
157336	2	7	43	6	0.13953488372093023
157336	44	6	9	8	0.8888888888888888
157336	4	6	141	5	0.03546099290780142
157336	4	47	2	0	0.0
157336	38	7	470	0	0.0
157336	4	40	20	0	0.0
157336	5	38	3396	35	0.010306242638398116
157336	6	40	1166	0	0.0
157336	23	6	353	14	0.039660056657223795
157336	1	5	76	36	0.47368421052631576
157336	42	4	18	0	0.0
157336	2	27	122	0	0.0
157336	23	2	762	6	0.007874015748031496
158035	2	8	47	0	0.0
157336	2	6	95	22	0.23157894736842105
158035	1	34	260	0	0.0
157336	46	6	9	0	0.0
158035	8	44	1	1	1.0
157336	4	2	520	4	0.007692307692307693
157336	2	18	1	0	0.0
157336	46	4	2	0	0.0
158035	31	7	345	0	0.0
157336	21	2	18747	338	0.018029551394889848
157336	2	25	115	0	0.0
157336	8	51	9	0	0.0
158035	2	12	41	0	0.0
157336	4	44	9	0	0.0
158035	25	7	33	0	0.0
158035	4	29	3080	0	0.0
158035	19	7	332	0	0.0
158035	41	3	369	0	0.0
158035	3	36	88	0	0.0
158035	6	53	332	3	0.009036144578313253
158035	44	1	186	4	0.021505376344086023
158035	5	30	503	0	0.0
158035	48	4	34	0	0.0
158035	9	2	1812	5	0.0027593818984547464
158035	5	48	2790	92	0.032974910394265235
158035	6	16	2433	19	0.007809288943690916
158035	4	14	9	0	0.0
158035	50	1	2	2	1.0
158035	7	32	11	0	0.0
158035	48	8	231	0	0.0
158035	34	5	19	0	0.0
158035	28	2	10	0	0.0
158035	21	5	45	0	0.0
158035	20	5	6359	22	0.003459663469098915
158035	15	2	30	28	0.9333333333333333
158035	14	2	29	1	0.034482758620689655
158035	35	5	9	0	0.0
158035	29	2	18265	1247	0.06827265261428962
158035	5	51	428	49	0.11448598130841121
158035	49	8	4	0	0.0
158035	8	18	8	0	0.0
158035	5	14	133	1	0.007518796992481203
158035	51	1	38	38	1.0
158035	8	25	20	0	0.0
158035	45	1	2074	105	0.05062680810028929
158035	18	7	11	0	0.0
158035	4	30	218	0	0.0
158035	7	16	2	0	0.0
158035	7	53	3	0	0.0
158035	1	10	1623	22	0.013555144793592114
158035	2	36	44	0	0.0
158035	30	7	327	0	0.0
158035	40	3	12	0	0.0
158035	5	29	10	0	0.0
158035	3	12	2	0	0.0
158035	42	3	10	0	0.0
158035	2	34	23	0	0.0
158035	8	27	86	0	0.0
158035	7	29	30	0	0.0
158035	3	8	26	0	0.0
158035	26	7	62	0	0.0
158035	1	12	32	0	0.0
158035	1	8	28	0	0.0
158035	24	7	435	0	0.0
158035	3	10	117	0	0.0
158035	5	16	439	0	0.0
158035	7	14	3	0	0.0
158035	5	53	206	10	0.04854368932038835
158035	6	48	10310	734	0.07119301648884578
158035	4	32	2	0	0.0
158035	6	51	365	12	0.03287671232876712
158035	16	2	75	3	0.04
158035	37	5	1	1	1.0
158035	36	5	10	0	0.0
158035	7	51	22	0	0.0
158035	6	30	18630	2473	0.1327428878153516
158035	47	1	526	19	0.03612167300380228
158035	5	32	3	0	0.0
158035	22	5	817	0	0.0
158035	6	14	3218	14	0.00435052827843381
158035	4	53	24	0	0.0
158035	23	5	9	0	0.0
158035	52	1	3	3	1.0
158035	46	1	47	0	0.0
158035	6	29	1016	111	0.10925196850393701
158035	43	3	20	0	0.0
158035	4	16	47	0	0.0
158035	1	36	105	0	0.0
158035	33	7	287	0	0.0
158035	2	10	4326	1	0.0002311604253351826
158035	7	48	123	0	0.0
158035	4	12	1	0	0.0
158035	6	10	36	32	0.8888888888888888
158035	4	8	111	0	0.0
158035	27	7	59	0	0.0
158035	7	34	213	0	0.0
158035	3	34	477	0	0.0
158035	37	7	3	0	0.0
158035	23	7	96	0	0.0
158035	1	32	2	0	0.0
158035	26	5	94	0	0.0
158035	42	1	258	9	0.03488372093023256
158035	43	1	1437	97	0.0675017397355602
158035	33	5	34	0	0.0
158035	27	5	1	0	0.0
158035	2	51	20	19	0.95
158035	3	30	18	0	0.0
158035	8	23	281	0	0.0
158035	3	14	1	0	0.0
158035	13	2	21	0	0.0
158035	9	4	3	0	0.0
158035	2	48	152	0	0.0
158035	1	16	1	0	0.0
158035	2	30	382	4	0.010471204188481676
158035	6	34	10	2	0.2
158035	7	10	6	0	0.0
158035	5	8	70	10	0.14285714285714285
158035	36	7	325	0	0.0
158035	5	12	1	1	1.0
158035	4	34	267	0	0.0
158035	46	3	11	0	0.0
158035	7	8	2815	0	0.0
158035	8	6	469	61	0.1300639658848614
158035	1	29	939	0	0.0
158035	20	7	5473	1	0.0001827151470856934
158035	22	7	1765	0	0.0
158035	6	36	27	1	0.037037037037037035
158035	3	29	122	0	0.0
158035	5	10	37	36	0.972972972972973
158035	4	36	102	0	0.0
158035	44	3	7	0	0.0
158035	3	16	2	0	0.0
158035	11	2	557	0	0.0
158035	39	2	3297	0	0.0
158035	41	1	2320	62	0.026724137931034484
158035	18	5	241	5	0.02074688796680498
158035	38	2	2	2	1.0
158035	19	5	11	0	0.0
158035	8	21	1426	0	0.0
158035	1	30	18	0	0.0
158035	45	3	107	0	0.0
158035	25	5	1	0	0.0
158035	40	1	6	0	0.0
158035	49	6	991	51	0.05146316851664985
158035	8	38	40	1	0.025
158035	3	32	26	0	0.0
158035	8	40	96	0	0.0
158035	2	53	126	3	0.023809523809523808
158035	24	5	985	0	0.0
158035	35	7	60	0	0.0
158035	4	33	214	0	0.0
158035	9	6	33	2	0.06060606060606061
158035	4	10	134	0	0.0
158035	21	7	661	0	0.0
158035	22	3	991	0	0.0
158035	3	11	34	0	0.0
158035	5	17	18	0	0.0
158035	27	1	435	0	0.0
158035	7	50	130	0	0.0
158035	52	7	174	0	0.0
158035	33	1	158	0	0.0
158035	7	15	49	0	0.0
158035	5	52	2712	192	0.07079646017699115
158035	8	26	88	0	0.0
158035	1	9	107	0	0.0
158035	7	28	78	0	0.0
158035	1	13	7	0	0.0
158035	2	35	28	0	0.0
158035	42	5	4	4	1.0
158035	6	28	151	10	0.06622516556291391
158035	43	5	9	9	1.0
158035	3	35	185	0	0.0
158035	26	1	2	0	0.0
158035	13	6	1	0	0.0
158035	16	8	6	0	0.0
158035	2	54	17	0	0.0
158035	1	37	5311	0	0.0
158035	37	3	299	0	0.0
158035	7	49	26	0	0.0
158035	23	3	1879	0	0.0
158035	6	15	1985	7	0.003526448362720403
158035	6	17	17	1	0.058823529411764705
158035	45	7	1	0	0.0
158035	6	50	1504	10	0.006648936170212766
158035	28	8	570	0	0.0
158035	9	3	4	0	0.0
158035	24	1	17	0	0.0
158035	4	15	1	0	0.0
158035	11	6	57	2	0.03508771929824561
158035	21	3	2371	0	0.0
158035	4	50	4	0	0.0
158035	28	4	45	0	0.0
158035	5	49	852	50	0.05868544600938967
158035	39	6	8	0	0.0
158035	6	52	2080	10	0.004807692307692308
158035	14	8	6	0	0.0
158035	1	35	44	0	0.0
158035	41	5	1	1	1.0
158035	54	5	1061	40	0.03770028275212064
158035	40	5	938	0	0.0
158035	29	8	289	0	0.0
158035	2	37	453	2	0.004415011037527594
158035	3	13	1	0	0.0
158035	25	1	2131	0	0.0
158035	15	8	24	0	0.0
158035	1	11	154	0	0.0
158035	31	1	382	0	0.0
158035	38	6	432	11	0.02546296296296296
158035	8	24	1167	0	0.0
158035	18	1	3	3	1.0
158035	49	2	1	0	0.0
158035	5	28	41	0	0.0
158035	8	19	250	0	0.0
158035	19	1	17912	5	0.00027914247431889234
158035	20	3	2602	0	0.0
158035	7	17	2	0	0.0
158035	6	33	90	3	0.03333333333333333
158035	5	15	1547	78	0.05042016806722689
158035	11	4	54	0	0.0
158035	39	4	371	0	0.0
158035	1	15	30	30	1.0
158035	8	20	554	0	0.0
158035	40	7	20	0	0.0
158035	2	33	36	0	0.0
158035	5	50	2479	219	0.08834207341670028
158035	5	11	1	0	0.0
158035	6	37	2	2	1.0
158035	24	3	61	0	0.0
158035	39	8	20	0	0.0
158035	11	8	7	0	0.0
158035	21	1	1972	0	0.0
158035	4	35	27	0	0.0
158035	45	5	43	42	0.9767441860465116
158035	44	5	56	55	0.9821428571428571
158035	31	3	558	0	0.0
158035	1	28	13	0	0.0
158035	20	1	489	0	0.0
158035	25	3	1209	0	0.0
158035	10	8	3	0	0.0
158035	1	49	1	1	1.0
158035	8	41	4	0	0.0
158035	19	3	20463	0	0.0
158035	27	3	1450	0	0.0
158035	6	35	32	1	0.03125
158035	22	1	206	0	0.0
158035	2	50	40	0	0.0
158035	7	11	2	0	0.0
158035	43	7	2	1	0.5
158035	46	5	5	5	1.0
158035	26	3	7	0	0.0
158035	4	37	8	1	0.125
158035	8	22	3807	0	0.0
158035	6	54	5518	62	0.011235955056179775
158035	3	33	226	0	0.0
158035	4	13	20	0	0.0
158035	23	1	1970	0	0.0
158035	3	28	8	0	0.0
158035	3	15	1	0	0.0
158035	2	31	17	0	0.0
158035	8	9	2	0	0.0
158035	4	43	16	0	0.0
158035	22	4	914	0	0.0
158035	36	8	55	0	0.0
158035	6	41	26	0	0.0
158035	42	2	314	3	0.009554140127388535
158035	7	39	8	0	0.0
158035	6	7	243	4	0.01646090534979424
158035	27	6	39	2	0.05128205128205128
158035	2	45	1679	4	0.0023823704586063135
158035	43	2	2241	12	0.00535475234270415
158035	2	24	50	1	0.02
158035	2	19	2719	7	0.0025744759102611253
158035	4	5	14	0	0.0
158035	23	4	4428	0	0.0
158035	2	3	165	2	0.012121212121212121
158035	26	6	96	1	0.010416666666666666
158035	2	1	1823	139	0.07624794295117937
158035	6	22	5734	660	0.11510289501220788
158035	18	6	854	19	0.02224824355971897
158035	6	20	2067	11	0.005321722302854378
158035	4	20	186	0	0.0
158035	21	4	6891	0	0.0
158035	6	5	2427	370	0.15245158632056036
158035	35	8	56	0	0.0
158035	5	39	1	0	0.0
158035	24	6	4042	376	0.09302325581395349
158035	25	6	11	1	0.09090909090909091
158035	5	7	867	17	0.0196078431372549
158035	4	7	47	0	0.0
158035	40	2	7	0	0.0
158035	19	6	95	1	0.010526315789473684
158035	2	26	4	0	0.0
158035	34	8	65	0	0.0
158035	1	3	1052	1	0.0009505703422053232
158035	39	1	4390	0	0.0
158035	8	54	16	0	0.0
158035	41	2	6271	152	0.024238558443629404
158035	2	47	8171	46	0.00562966589156774
158035	5	3	4	1	0.25
158035	6	43	218	1	0.0045871559633027525
158035	7	1	35	8	0.22857142857142856
158035	8	50	9	0	0.0
158035	24	4	85	0	0.0
158035	44	2	349	3	0.008595988538681949
158035	39	3	140	0	0.0
158035	2	5	198	191	0.9646464646464646
158035	18	4	3	0	0.0
158035	4	41	395	0	0.0
158035	31	8	5	0	0.0
158035	4	45	8	0	0.0
158035	4	19	6771	0	0.0
158035	30	8	4739	0	0.0
158035	4	3	1887	1	0.0005299417064122947
158035	21	6	1023	109	0.10654936461388075
158035	8	33	201	0	0.0
158035	25	4	950	0	0.0
158035	6	1	138	134	0.9710144927536232
158035	2	7	18	4	0.2222222222222222
158035	2	22	434	1	0.002304147465437788
158035	2	20	4	0	0.0
158035	27	4	1738	0	0.0
158035	6	3	15	0	0.0
158035	23	6	239	32	0.13389121338912133
158035	2	27	442	10	0.02262443438914027
158035	46	2	562	11	0.019572953736654804
158035	4	1	363	2	0.005509641873278237
158035	8	52	7	0	0.0
158035	4	47	19	0	0.0
158035	4	26	21	0	0.0
158035	3	7	232	0	0.0
158035	1	5	315	304	0.9650793650793651
158035	38	7	41	0	0.0
158035	4	6	52	3	0.057692307692307696
158035	5	38	2371	3	0.0012652889076339097
158035	44	6	55	54	0.9818181818181818
158035	46	6	211	8	0.037914691943127965
158035	42	4	39	0	0.0
158035	2	18	9	1	0.1111111111111111
158035	4	40	17	0	0.0
158035	21	2	6206	135	0.02175314212052852
158035	2	25	468	0	0.0
158035	4	2	514	3	0.005836575875486381
158035	2	6	228	129	0.5657894736842105
158035	6	40	921	4	0.004343105320304018
158035	8	51	13	0	0.0
158136	2	12	113	4	0.035398230088495575
158035	46	4	6	0	0.0
158035	23	2	3861	30	0.00777000777000777
158035	53	8	3	0	0.0
158035	4	44	47	0	0.0
158136	2	8	46	4	0.08695652173913043
158136	25	7	145	0	0.0
158136	31	7	1	0	0.0
158136	1	34	238	9	0.037815126050420166
158136	4	29	2829	0	0.0
158136	3	36	130	0	0.0
158136	41	3	218	0	0.0
158136	19	7	2300	0	0.0
158136	6	53	16	0	0.0
158136	50	1	19	0	0.0
158136	5	30	1687	1	0.0005927682276229994
158136	5	48	2641	240	0.09087466868610375
158136	34	5	41	0	0.0
158136	9	2	3019	8	0.002649884067572044
158136	44	1	981	122	0.12436289500509684
158136	7	32	4	0	0.0
158136	6	16	2105	30	0.014251781472684086
158136	48	8	365	0	0.0
158136	4	14	14	0	0.0
158136	35	5	110	1	0.00909090909090909
158136	14	2	69	2	0.028985507246376812
158136	21	5	792	6	0.007575757575757576
158136	20	5	11879	117	0.009849313915312737
158136	15	2	8	1	0.125
158136	28	2	25	1	0.04
158136	49	8	19	0	0.0
158136	5	14	118	1	0.00847457627118644
158136	6	32	1	0	0.0
158136	4	30	195	0	0.0
158136	5	51	154	52	0.33766233766233766
158136	8	18	6	0	0.0
158136	51	1	1	1	1.0
158136	7	16	18	0	0.0
158136	29	2	21890	4617	0.21091822750114209
158136	45	1	2413	146	0.060505594695399914
158136	1	10	599	31	0.05175292153589316
158136	40	3	13	0	0.0
158136	2	36	52	4	0.07692307692307693
158136	5	29	24	0	0.0
158136	8	25	106	0	0.0
158136	30	7	140	1	0.007142857142857143
158136	18	7	4	0	0.0
158136	1	8	72	4	0.05555555555555555
158136	1	12	4	0	0.0
158136	24	7	960	2	0.0020833333333333333
158136	8	27	31	0	0.0
158136	3	8	328	0	0.0
158136	2	34	77	11	0.14285714285714285
158136	5	16	236	1	0.00423728813559322
158136	3	10	42	0	0.0
158136	42	3	61	0	0.0
158136	53	1	1	0	0.0
158136	26	7	893	0	0.0
158136	7	29	202	0	0.0
158136	6	30	22821	2886	0.12646246877875642
158136	5	53	8	2	0.25
158136	6	48	15527	1033	0.0665292715914214
158136	47	1	5	0	0.0
158136	7	51	23	0	0.0
158136	7	14	5	0	0.0
158136	23	5	179	3	0.01675977653631285
158136	6	51	296	4	0.013513513513513514
158136	16	2	58	0	0.0
158136	6	14	2980	6	0.0020134228187919465
158136	4	16	19	0	0.0
158136	36	5	45	0	0.0
158136	22	5	2406	19	0.007896924355777223
158136	4	32	7	0	0.0
158136	1	36	146	6	0.0410958904109589
158136	4	53	2	0	0.0
158136	5	32	1	0	0.0
158136	46	1	94	0	0.0
158136	43	3	42	0	0.0
158136	27	7	13	0	0.0
158136	7	48	41	0	0.0
158136	6	29	1335	249	0.18651685393258427
158136	2	10	3809	20	0.005250721974271462
158136	3	34	383	0	0.0
158136	4	8	234	0	0.0
158136	9	4	2	0	0.0
158136	33	7	352	0	0.0
158136	3	30	25	0	0.0
158136	7	34	89	0	0.0
158136	23	7	1113	0	0.0
158136	4	12	1	0	0.0
158136	42	1	643	27	0.041990668740279936
158136	6	10	26	2	0.07692307692307693
158136	27	5	3	0	0.0
158136	33	5	338	2	0.005917159763313609
158136	13	2	180	7	0.03888888888888889
158136	2	51	1	0	0.0
158136	26	5	3182	25	0.00785669390320553
158136	43	1	104	4	0.038461538461538464
158136	2	30	284	27	0.09507042253521127
158136	22	7	1197	5	0.004177109440267335
158136	1	29	1569	1	0.0006373486297004461
158136	4	36	96	0	0.0
158136	46	3	12	0	0.0
158136	8	23	791	0	0.0
158136	36	7	48	0	0.0
158136	7	10	3	0	0.0
158136	3	29	315	0	0.0
158136	2	48	6	0	0.0
158136	6	34	29	1	0.034482758620689655
158136	4	34	491	0	0.0
158136	7	8	4077	1	0.0002452783909737552
158136	5	8	198	13	0.06565656565656566
158136	6	36	20	0	0.0
158136	8	6	516	65	0.12596899224806202
158136	50	3	10	0	0.0
158136	44	3	66	0	0.0
158136	3	16	2	0	0.0
158136	20	7	7373	1	0.0001356300013563
158136	8	21	2693	0	0.0
158136	39	2	5748	23	0.004001391788448156
158136	25	5	25	1	0.04
158136	24	5	1220	11	0.009016393442622951
158136	19	5	891	8	0.008978675645342313
158136	40	1	2	0	0.0
158136	3	32	9	0	0.0
158136	18	5	105	1	0.009523809523809525
158136	8	40	337	0	0.0
158136	41	1	1525	33	0.021639344262295083
158136	49	6	2832	64	0.022598870056497175
158136	8	38	24	0	0.0
158136	9	6	41	4	0.0975609756097561
158136	45	3	42	0	0.0
158136	1	30	6	0	0.0
158136	2	53	12	0	0.0
158136	4	10	28	0	0.0
158136	11	2	1605	45	0.028037383177570093
158136	21	7	1175	0	0.0
158136	35	7	102	0	0.0
158136	52	7	75	2	0.02666666666666667
158136	4	33	153	0	0.0
158136	7	50	30	0	0.0
158136	1	13	16	0	0.0
158136	3	11	4	0	0.0
158136	6	31	1	0	0.0
158136	7	15	164	0	0.0
158136	2	35	18	0	0.0
158136	1	9	47	1	0.02127659574468085
158136	22	3	750	0	0.0
158136	27	1	391	1	0.0025575447570332483
158136	33	1	265	10	0.03773584905660377
158136	5	17	2	0	0.0
158136	8	26	659	0	0.0
158136	7	28	447	0	0.0
158136	5	52	4054	439	0.1082881105081401
158136	6	28	1472	157	0.10665760869565218
158136	26	1	19	2	0.10526315789473684
158136	16	8	19	0	0.0
158136	1	37	4014	9	0.002242152466367713
158136	3	35	62	0	0.0
158136	7	49	36	0	0.0
158136	23	3	2299	0	0.0
158136	37	3	91	0	0.0
158136	6	15	1970	14	0.007106598984771574
158136	4	15	3	0	0.0
158136	28	4	83	0	0.0
158136	9	3	2	0	0.0
158136	6	50	517	2	0.0038684719535783366
158136	4	50	13	0	0.0
158136	21	3	439	0	0.0
158136	14	8	5	0	0.0
158136	11	6	41	5	0.12195121951219512
158136	5	49	1639	174	0.10616229408175717
158136	6	17	27	0	0.0
158136	39	6	9	1	0.1111111111111111
158136	6	52	3140	11	0.0035031847133757963
158136	24	1	26	0	0.0
158136	1	35	55	2	0.03636363636363636
158136	28	8	1072	0	0.0
158136	5	28	414	3	0.007246376811594203
158136	54	5	56	1	0.017857142857142856
158136	1	11	95	0	0.0
158136	19	1	12541	606	0.048321505462084365
158136	40	5	1935	3	0.0015503875968992248
158136	15	8	62	0	0.0
158136	8	24	2366	0	0.0
158136	20	3	4521	0	0.0
158136	8	19	2819	0	0.0
158136	38	6	853	20	0.023446658851113716
158136	6	33	107	5	0.04672897196261682
158136	8	20	7126	1	0.000140331181588549
158136	25	1	2125	129	0.06070588235294118
158136	5	15	2205	260	0.11791383219954649
158136	2	37	658	1	0.001519756838905775
158136	29	8	409	0	0.0
158136	1	15	2	2	1.0
158136	5	50	875	85	0.09714285714285714
158136	11	4	11	0	0.0
158136	2	33	89	17	0.19101123595505617
158136	39	4	527	0	0.0
158136	44	7	1	1	1.0
158136	40	7	286	0	0.0
158136	20	1	1356	32	0.02359882005899705
158136	44	5	1	1	1.0
158136	24	3	76	0	0.0
158136	39	8	30	0	0.0
158136	21	1	2768	60	0.02167630057803468
158136	4	35	60	0	0.0
158136	11	8	7	0	0.0
158136	10	8	3	0	0.0
158136	7	9	1	0	0.0
158136	1	28	3	0	0.0
158136	6	37	2	0	0.0
158136	38	4	1	0	0.0
158136	31	3	5	0	0.0
158136	19	3	8042	0	0.0
158136	43	7	21	0	0.0
158136	3	33	130	0	0.0
158136	8	41	6	0	0.0
158136	2	50	121	3	0.024793388429752067
158136	25	3	1284	0	0.0
158136	22	1	531	11	0.02071563088512241
158136	6	35	25	2	0.08
158136	6	54	5248	13	0.0024771341463414634
158136	27	3	88	0	0.0
158136	23	1	752	39	0.05186170212765957
158136	3	28	4	0	0.0
158136	4	37	24	0	0.0
158136	4	13	9	0	0.0
158136	8	22	3700	0	0.0
158136	26	3	74	0	0.0
158136	4	43	18	0	0.0
158136	2	45	2871	9	0.003134796238244514
158136	6	41	145	0	0.0
158136	3	15	1	0	0.0
158136	27	6	22	0	0.0
158136	22	4	2304	0	0.0
158136	36	8	48	0	0.0
158136	4	5	108	0	0.0
158136	23	4	3040	0	0.0
158136	26	6	1973	71	0.03598580841358338
158136	8	9	8	0	0.0
158136	2	24	127	15	0.11811023622047244
158136	42	2	2715	147	0.05414364640883978
158136	6	7	211	19	0.09004739336492891
158136	2	3	154	16	0.1038961038961039
158136	7	39	12	0	0.0
158136	43	2	482	4	0.008298755186721992
158136	6	20	3059	85	0.02778685845047401
158136	6	22	6857	1400	0.20417092022750474
158136	4	20	3247	0	0.0
158136	2	19	2680	115	0.04291044776119403
158136	2	1	3460	715	0.20664739884393063
158136	18	6	567	7	0.012345679012345678
158136	21	4	3257	0	0.0
158136	5	39	6	0	0.0
158136	6	5	3274	1118	0.3414783139890043
158136	39	1	6053	42	0.006938708078638692
158136	2	26	9	1	0.1111111111111111
158136	40	2	3	1	0.3333333333333333
158136	35	8	69	0	0.0
158136	4	7	282	0	0.0
158136	25	6	27	1	0.037037037037037035
158136	24	6	2088	306	0.14655172413793102
158136	41	2	13076	699	0.05345671459161823
158136	5	7	1025	7	0.006829268292682927
158136	24	4	370	0	0.0
158136	19	6	301	9	0.029900332225913623
158136	1	3	1023	40	0.039100684261974585
158136	2	47	6143	1	0.00016278691193228064
158136	34	8	49	0	0.0
158136	39	3	52	0	0.0
158136	8	50	15	0	0.0
158136	4	41	1102	0	0.0
158136	6	43	3	0	0.0
158136	7	1	99	3	0.030303030303030304
158136	8	54	6	0	0.0
158136	21	6	1145	164	0.14323144104803492
158136	4	3	2196	0	0.0
158136	2	5	5	2	0.4
158136	30	8	2469	0	0.0
158136	4	45	17	0	0.0
158136	44	2	572	17	0.02972027972027972
158136	5	3	132	2	0.015151515151515152
158136	25	4	487	0	0.0
158136	6	1	20	14	0.7
158136	38	3	17	0	0.0
158136	2	20	57	3	0.05263157894736842
158136	6	3	22	1	0.045454545454545456
158136	2	22	874	105	0.12013729977116705
158136	4	26	108	0	0.0
158136	4	1	151	10	0.06622516556291391
158136	27	4	431	0	0.0
158136	8	33	545	0	0.0
158136	4	19	6210	0	0.0
158136	46	2	120	0	0.0
158136	32	8	3	0	0.0
158136	3	7	180	0	0.0
158136	2	7	27	3	0.1111111111111111
158136	23	6	239	46	0.19246861924686193
158136	1	5	94	14	0.14893617021276595
158136	38	7	112	0	0.0
158136	5	38	1517	19	0.012524719841793012
158136	6	42	1	0	0.0
158136	2	27	2356	160	0.06791171477079797
158136	4	47	5	0	0.0
158136	4	40	18	0	0.0
158136	8	52	6	0	0.0
158136	21	2	9308	2101	0.22571981091534163
158136	42	4	23	0	0.0
158136	44	6	11	0	0.0
158136	6	40	1816	22	0.012114537444933921
158136	23	2	1148	202	0.1759581881533101
158136	2	25	890	75	0.08426966292134831
158136	46	6	12	0	0.0
158136	4	6	67	2	0.029850746268656716
159239	2	8	8	1	0.125
158136	2	6	145	13	0.0896551724137931
158136	4	2	322	63	0.1956521739130435
158136	2	18	6	0	0.0
159239	2	12	94	1	0.010638297872340425
158136	46	4	5	0	0.0
159239	1	34	58	0	0.0
158136	4	44	9	0	0.0
159239	25	7	102	0	0.0
159239	31	7	13	0	0.0
159239	4	29	893	0	0.0
159239	3	36	47	0	0.0
159239	19	7	1347	0	0.0
159239	48	8	679	0	0.0
159239	41	3	48	0	0.0
159239	44	1	433	9	0.020785219399538105
159239	5	30	3068	4	0.001303780964797914
159239	48	4	3	0	0.0
159239	7	32	3	0	0.0
159239	6	16	3248	105	0.032327586206896554
159239	5	48	4476	414	0.09249329758713137
159239	50	1	4	4	1.0
159239	20	5	6155	228	0.03704305442729488
159239	6	53	28	2	0.07142857142857142
159239	9	2	1006	1	0.0009940357852882703
159239	34	5	16	2	0.125
159239	15	2	47	46	0.9787234042553191
159239	14	2	12	9	0.75
159239	35	5	57	6	0.10526315789473684
159239	21	5	154	11	0.07142857142857142
159239	5	14	500	19	0.038
159239	28	2	7	0	0.0
159239	5	51	160	20	0.125
159239	8	18	5	0	0.0
159239	51	1	47	47	1.0
159239	29	2	15718	3364	0.2140221402214022
159239	7	16	19	0	0.0
159239	7	53	2	1	0.5
159239	4	30	142	0	0.0
159239	49	8	16	0	0.0
159239	2	36	6	0	0.0
159239	1	10	824	25	0.03033980582524272
159239	8	25	13	0	0.0
159239	5	29	6	0	0.0
159239	45	1	3506	119	0.03394181403308614
159239	18	7	5	0	0.0
159239	30	7	745	0	0.0
159239	40	3	1	0	0.0
159239	8	27	20	0	0.0
159239	3	12	3	0	0.0
159239	1	8	7	0	0.0
159239	26	7	623	0	0.0
159239	24	7	1729	0	0.0
159239	2	34	27	1	0.037037037037037035
159239	5	53	71	18	0.2535211267605634
159239	7	29	154	0	0.0
159239	3	10	49	0	0.0
159239	1	12	30	0	0.0
159239	42	3	37	0	0.0
159239	3	8	12	0	0.0
159239	47	1	614	18	0.029315960912052116
159239	23	5	20	1	0.05
159239	37	5	7	5	0.7142857142857143
159239	7	14	21	0	0.0
159239	4	32	2	0	0.0
159239	16	2	38	15	0.39473684210526316
159239	6	48	12523	1279	0.10213207697835981
159239	7	51	9	0	0.0
159239	5	16	1189	14	0.011774600504625737
159239	6	30	26058	5474	0.2100698441937217
159239	7	48	124	6	0.04838709677419355
159239	4	16	30	0	0.0
159239	52	1	21	21	1.0
159239	22	5	3187	213	0.06683401317853781
159239	36	5	15	1	0.06666666666666667
159239	5	32	4	0	0.0
159239	6	14	2663	27	0.010138941043935411
159239	46	1	189	8	0.042328042328042326
159239	6	51	361	29	0.08033240997229917
159239	1	36	47	0	0.0
159239	6	29	427	86	0.20140515222482436
159239	33	7	129	0	0.0
159239	27	7	26	0	0.0
159239	3	34	129	0	0.0
159239	2	10	1669	0	0.0
159239	43	3	58	0	0.0
159239	3	48	2	0	0.0
159239	3	30	2	0	0.0
159239	13	2	184	4	0.021739130434782608
159239	23	7	1082	0	0.0
159239	4	8	37	0	0.0
159239	2	51	40	39	0.975
159239	37	7	12	0	0.0
159239	6	10	32	32	1.0
159239	26	5	3263	107	0.03279190928593319
159239	42	1	1353	20	0.014781966001478197
159239	27	5	1	0	0.0
159239	7	34	41	0	0.0
159239	33	5	52	1	0.019230769230769232
159239	3	51	1	0	0.0
159239	2	30	60	2	0.03333333333333333
159239	8	23	153	0	0.0
159239	3	14	1	0	0.0
159239	43	1	1735	79	0.04553314121037464
159239	2	48	123	1	0.008130081300813009
159239	4	36	69	0	0.0
159239	4	34	188	0	0.0
159239	5	8	292	23	0.07876712328767123
159239	7	10	2	2	1.0
159239	3	29	261	0	0.0
159239	22	7	464	1	0.0021551724137931034
159239	46	3	29	0	0.0
159239	6	34	11	1	0.09090909090909091
159239	7	8	2797	3	0.0010725777618877368
159239	36	7	654	0	0.0
159239	1	29	944	0	0.0
159239	8	6	299	60	0.20066889632107024
159239	50	3	4	0	0.0
159239	39	2	1360	5	0.003676470588235294
159239	20	7	3263	1	0.00030646644192460924
159239	38	2	4	3	0.75
159239	44	3	14	0	0.0
159239	24	5	244	15	0.06147540983606557
159239	5	10	23	19	0.8260869565217391
159239	19	5	25	3	0.12
159239	3	16	2	0	0.0
159239	6	36	24	3	0.125
159239	8	21	1234	0	0.0
159239	11	2	1735	28	0.016138328530259365
159239	1	14	1	1	1.0
159239	31	5	3	0	0.0
159239	18	5	478	2	0.0041841004184100415
159239	41	1	4942	112	0.0226628895184136
159239	1	30	2	0	0.0
159239	3	32	12	0	0.0
159239	2	53	8	0	0.0
159239	8	40	210	0	0.0
159239	4	10	28	2	0.07142857142857142
159239	49	6	2068	21	0.010154738878143133
159239	7	50	21	4	0.19047619047619047
159239	21	7	1478	0	0.0
159239	52	7	110	19	0.17272727272727273
159239	35	7	63	0	0.0
159239	1	48	2	2	1.0
159239	45	3	67	0	0.0
159239	4	33	114	0	0.0
159239	7	15	216	5	0.023148148148148147
159239	8	38	181	1	0.0055248618784530384
159239	5	52	4483	593	0.13227749275039036
159239	27	1	76	0	0.0
159239	3	11	30	0	0.0
159239	5	17	22	1	0.045454545454545456
159239	22	3	315	0	0.0
159239	33	1	227	0	0.0
159239	1	13	117	0	0.0
159239	8	26	1063	0	0.0
159239	1	9	191	0	0.0
159239	2	35	9	0	0.0
159239	7	49	13	5	0.38461538461538464
159239	37	3	739	0	0.0
159239	42	5	9	9	1.0
159239	43	5	34	30	0.8823529411764706
159239	2	54	1	0	0.0
159239	3	35	863	0	0.0
159239	1	37	9606	19	0.001977930460129086
159239	7	28	230	0	0.0
159239	6	28	4010	809	0.20174563591022443
159239	16	8	11	0	0.0
159239	23	3	792	0	0.0
159239	6	15	2985	51	0.017085427135678392
159239	45	7	6	5	0.8333333333333334
159239	6	17	45	1	0.022222222222222223
159239	6	50	555	2	0.0036036036036036037
159239	6	52	4213	20	0.004747211013529551
159239	28	4	71	0	0.0
159239	21	3	329	0	0.0
159239	9	3	1	0	0.0
159239	39	6	7	0	0.0
159239	28	8	1579	0	0.0
159239	14	8	5	1	0.2
159239	24	1	18	0	0.0
159239	18	1	1	1	1.0
159239	1	35	54	0	0.0
159239	54	5	309	6	0.019417475728155338
159239	41	5	2	2	1.0
159239	40	5	1824	13	0.00712719298245614
159239	5	28	1368	26	0.019005847953216373
159239	5	49	1389	145	0.10439164866810655
159239	29	8	344	0	0.0
159239	15	8	332	4	0.012048192771084338
159239	19	1	5487	26	0.004738472753781666
159239	38	6	1770	166	0.09378531073446328
159239	25	1	930	2	0.002150537634408602
159239	31	1	27	0	0.0
159239	11	6	11	9	0.8181818181818182
159239	8	24	3383	0	0.0
159239	1	11	946	5	0.005285412262156448
159239	8	19	173	0	0.0
159239	8	20	1438	0	0.0
159239	44	7	2	1	0.5
159239	7	17	2	0	0.0
159239	20	3	580	0	0.0
159239	11	4	5	0	0.0
159239	6	33	21	4	0.19047619047619047
159239	5	15	1997	239	0.11967951927891837
159239	1	15	29	29	1.0
159239	2	37	2195	26	0.01184510250569476
159239	5	50	1060	147	0.13867924528301886
159239	2	33	59	2	0.03389830508474576
159239	24	3	64	0	0.0
159239	39	4	832	0	0.0
159239	40	7	4	0	0.0
159239	6	37	22	20	0.9090909090909091
159239	39	8	16	0	0.0
159239	4	35	80	0	0.0
159239	21	1	4477	7	0.0015635470180924726
159239	1	28	2	0	0.0
159239	20	1	60	0	0.0
159239	19	3	1601	0	0.0
159239	38	4	1	0	0.0
159239	8	41	5	0	0.0
159239	45	5	44	40	0.9090909090909091
159239	27	3	8	0	0.0
159239	25	3	400	0	0.0
159239	31	3	12	0	0.0
159239	1	49	3	3	1.0
159239	3	33	49	0	0.0
159239	44	5	28	28	1.0
159239	41	7	1	1	1.0
159239	2	50	6	0	0.0
159239	43	7	15	12	0.8
159239	6	54	5052	8	0.001583531274742676
159239	23	1	106	0	0.0
159239	3	28	3	0	0.0
159239	22	1	113	0	0.0
159239	42	7	2	2	1.0
159239	4	37	85	1	0.011764705882352941
159239	6	41	6	0	0.0
159239	7	11	1	0	0.0
159239	6	35	42	6	0.14285714285714285
159239	26	3	16	0	0.0
159239	4	13	1	0	0.0
159239	22	4	1705	0	0.0
159239	36	8	15	0	0.0
159239	3	15	6	0	0.0
159239	2	31	13	0	0.0
159239	27	6	7	2	0.2857142857142857
159239	1	17	1	1	1.0
159239	4	43	33	0	0.0
159239	2	45	2491	7	0.0028101164191087916
159239	8	22	2014	1	0.0004965243296921549
159239	42	2	1351	27	0.01998519615099926
159239	43	2	1102	2	0.0018148820326678765
159239	4	5	12	2	0.16666666666666666
159239	2	3	93	3	0.03225806451612903
159239	6	7	141	20	0.14184397163120568
159239	26	6	1345	157	0.11672862453531599
159239	2	19	1151	0	0.0
159239	23	4	2130	0	0.0
159239	6	20	1359	79	0.058130978660779986
159239	4	20	833	0	0.0
159239	18	6	1241	63	0.05076551168412571
159239	7	39	95	0	0.0
159239	2	24	47	2	0.0425531914893617
159239	35	8	88	0	0.0
159239	2	1	2778	245	0.08819294456443484
159239	5	39	2	1	0.5
159239	21	4	4278	0	0.0
159239	6	22	6847	1977	0.28873959398276616
159239	4	7	156	0	0.0
159239	2	26	3	0	0.0
159239	24	6	587	148	0.252129471890971
159239	25	6	2	0	0.0
159239	5	7	1626	32	0.01968019680196802
159239	38	1	2	2	1.0
159239	6	5	3261	1052	0.3226004293161607
159239	39	1	4350	1	0.00022988505747126436
159239	34	8	21	0	0.0
159239	8	54	25	0	0.0
159239	19	6	21	3	0.14285714285714285
159239	1	3	1789	1	0.0005589714924538849
159239	4	41	573	0	0.0
159239	6	43	2	0	0.0
159239	7	1	26	12	0.46153846153846156
159239	24	4	559	0	0.0
159239	8	50	14	0	0.0
159239	39	3	451	0	0.0
159239	41	2	13684	676	0.04940076001169249
159239	2	5	89	85	0.9550561797752809
159239	44	2	450	6	0.013333333333333334
159239	5	3	7	0	0.0
159239	4	45	2	1	0.5
159239	25	4	1004	0	0.0
159239	30	8	2443	3	0.0012279983626688497
159239	21	6	1225	148	0.12081632653061225
159239	38	3	45	0	0.0
159239	2	47	10198	36	0.003530103941949402
159239	4	3	2585	0	0.0
159239	4	19	1523	0	0.0
159239	2	22	291	11	0.037800687285223365
159239	2	20	13	0	0.0
159239	6	1	48	45	0.9375
159239	4	1	167	3	0.017964071856287425
159239	8	33	93	0	0.0
159239	6	3	9	2	0.2222222222222222
159239	27	4	1353	0	0.0
159239	23	6	79	13	0.16455696202531644
159239	4	6	15	3	0.2
159239	4	47	11	0	0.0
159239	1	5	49	42	0.8571428571428571
159239	3	7	316	0	0.0
159239	4	26	59	0	0.0
159239	46	2	150	2	0.013333333333333334
159239	8	52	20	1	0.05
159239	2	7	12	8	0.6666666666666666
159239	2	27	330	24	0.07272727272727272
159239	38	7	773	2	0.00258732212160414
159239	5	38	2738	28	0.010226442658875092
159239	44	6	63	60	0.9523809523809523
159239	21	2	8061	764	0.09477732291278998
159239	2	18	4	4	1.0
159239	4	40	4	0	0.0
159239	46	6	1	0	0.0
159239	23	2	427	65	0.1522248243559719
159239	4	2	167	12	0.0718562874251497
159239	4	44	2	1	0.5
159239	46	4	12	0	0.0
159239	2	25	230	1	0.004347826086956522
159239	2	6	95	83	0.8736842105263158
159239	6	40	2251	153	0.06796979120390938
159239	8	51	6	1	0.16666666666666666
162935	1	34	887	20	0.02254791431792559
159239	42	4	6	0	0.0
162935	2	8	81	4	0.04938271604938271
162935	2	12	1210	1	0.0008264462809917355
162935	4	29	2895	0	0.0
162935	48	4	5	0	0.0
162935	25	7	23	0	0.0
162935	31	7	79	0	0.0
162935	3	36	339	0	0.0
162935	19	7	2074	0	0.0
162935	48	8	362	0	0.0
162935	41	3	91	0	0.0
162935	44	1	176	54	0.3068181818181818
162935	9	2	3490	4	0.001146131805157593
162935	5	48	1905	58	0.030446194225721784
162935	6	53	13	0	0.0
162935	4	14	3	0	0.0
162935	6	16	2426	10	0.004122011541632316
162935	7	32	193	0	0.0
162935	5	30	5037	1	0.0001985308715505261
162935	34	5	203	1	0.0049261083743842365
162935	14	2	1	0	0.0
162935	35	5	178	1	0.0056179775280898875
162935	6	32	38	0	0.0
162935	8	18	5	0	0.0
162935	21	5	1361	9	0.006612784717119765
162935	5	51	183	19	0.10382513661202186
162935	7	53	3	0	0.0
162935	5	14	160	1	0.00625
162935	29	2	13069	2090	0.15992042237355575
162935	40	3	46	0	0.0
162935	1	10	1282	37	0.028861154446177848
162935	28	2	27	2	0.07407407407407407
162935	49	8	34	0	0.0
162935	8	25	13	0	0.0
162935	4	30	341	0	0.0
162935	7	16	50	0	0.0
162935	45	1	2368	233	0.09839527027027027
162935	20	5	21828	111	0.00508521165475536
162935	3	10	62	0	0.0
162935	2	36	167	11	0.0658682634730539
162935	24	7	418	0	0.0
162935	8	27	55	0	0.0
162935	5	29	13	0	0.0
162935	30	7	267	0	0.0
162935	26	7	460	0	0.0
162935	2	34	196	15	0.07653061224489796
162935	18	7	11	0	0.0
162935	7	29	28	0	0.0
162935	3	8	120	0	0.0
162935	1	8	74	1	0.013513513513513514
162935	3	12	14	0	0.0
162935	42	3	14	0	0.0
162935	1	12	151	3	0.019867549668874173
162935	6	48	8169	751	0.09193291712571919
162935	5	53	8	1	0.125
162935	47	1	193	17	0.08808290155440414
162935	7	14	9	0	0.0
162935	22	5	4647	44	0.009468474284484614
162935	37	5	23	0	0.0
162935	4	32	14	0	0.0
162935	7	51	25	1	0.04
162935	16	2	31	1	0.03225806451612903
162935	6	14	2199	6	0.002728512960436562
162935	23	5	468	1	0.002136752136752137
162935	5	16	804	2	0.0024875621890547263
162935	36	5	124	2	0.016129032258064516
162935	4	53	3	0	0.0
162935	46	1	39	1	0.02564102564102564
162935	5	32	383	1	0.0026109660574412533
162935	7	48	43	0	0.0
162935	4	16	64	0	0.0
162935	1	36	267	4	0.0149812734082397
162935	43	3	2	0	0.0
162935	6	51	940	16	0.01702127659574468
162935	6	30	22737	2858	0.12569820116989927
162935	27	7	1	0	0.0
162935	3	34	962	0	0.0
162935	2	10	6151	7	0.0011380263371809462
162935	33	7	328	0	0.0
162935	23	7	416	0	0.0
162935	6	29	1967	165	0.0838840874428063
162935	9	4	3	0	0.0
162935	3	30	32	0	0.0
162935	37	7	28	0	0.0
162935	7	34	366	0	0.0
162935	4	12	3	0	0.0
162935	4	8	135	0	0.0
162935	3	48	1	0	0.0
162935	26	5	2646	14	0.005291005291005291
162935	42	1	949	50	0.05268703898840885
162935	13	2	376	1	0.0026595744680851063
162935	43	1	293	25	0.08532423208191127
162935	1	32	68	0	0.0
162935	3	14	1	0	0.0
162935	33	5	509	14	0.0275049115913556
162935	3	51	1	0	0.0
162935	27	5	1	0	0.0
162935	2	30	428	15	0.035046728971962614
162935	4	36	221	0	0.0
162935	7	10	2	0	0.0
162935	8	23	1282	0	0.0
162935	46	3	25	0	0.0
162935	8	6	718	110	0.1532033426183844
162935	6	34	100	6	0.06
162935	3	29	166	0	0.0
162935	7	8	2849	0	0.0
162935	36	7	943	0	0.0
162935	22	7	1191	0	0.0
162935	44	3	16	0	0.0
162935	4	34	1485	0	0.0
162935	5	10	3	0	0.0
162935	20	7	12483	1	8.010894816951053e-05
162935	5	8	573	4	0.006980802792321117
162935	1	29	2041	0	0.0
162935	6	36	78	5	0.0641025641025641
162935	41	1	2509	56	0.022319649262654444
162935	3	16	4	0	0.0
162935	38	2	3	0	0.0
162935	31	5	40	0	0.0
162935	40	1	21	0	0.0
162935	49	6	1663	22	0.0132291040288635
162935	1	30	12	0	0.0
162935	2	32	3	0	0.0
162935	8	40	477	0	0.0
162935	8	21	2592	0	0.0
162935	11	2	2607	14	0.005370157268891446
162935	18	5	544	2	0.003676470588235294
162935	39	2	5540	9	0.001624548736462094
162935	19	5	1393	4	0.002871500358937545
162935	3	32	142	0	0.0
162935	24	5	191	1	0.005235602094240838
162935	25	5	7	0	0.0
162935	2	53	1	0	0.0
162935	45	3	71	0	0.0
162935	8	38	212	0	0.0
162935	4	33	140	0	0.0
162935	5	17	60	4	0.06666666666666667
162935	21	7	774	0	0.0
162935	35	7	229	0	0.0
162935	7	15	158	9	0.056962025316455694
162935	4	10	14	0	0.0
162935	6	31	6	0	0.0
162935	9	6	4	0	0.0
162935	7	50	4	0	0.0
162935	22	3	841	0	0.0
162935	3	11	26	0	0.0
162935	52	7	57	2	0.03508771929824561
162935	27	1	620	0	0.0
162935	8	26	341	0	0.0
162935	33	1	456	10	0.021929824561403508
162935	5	52	1724	161	0.09338747099767981
162935	2	35	51	1	0.0196078431372549
162935	1	9	356	0	0.0
162935	1	13	56	0	0.0
162935	26	1	14	0	0.0
162935	3	35	393	0	0.0
162935	7	49	12	0	0.0
162935	37	3	1213	0	0.0
162935	4	15	1	0	0.0
162935	16	8	16	0	0.0
162935	6	28	610	32	0.05245901639344262
162935	6	15	5651	10	0.001769598301185631
162935	7	28	328	0	0.0
162935	6	52	2787	7	0.002511661284535343
162935	6	50	586	3	0.005119453924914676
162935	1	37	10434	40	0.003833620854897451
162935	23	3	1608	0	0.0
162935	2	54	2	0	0.0
162935	21	3	403	0	0.0
162935	6	17	268	0	0.0
162935	24	1	35	1	0.02857142857142857
162935	28	4	121	0	0.0
162935	11	6	24	2	0.08333333333333333
162935	9	3	18	0	0.0
162935	39	6	7	0	0.0
162935	14	8	4	0	0.0
162935	28	8	944	0	0.0
162935	5	49	692	76	0.10982658959537572
162935	31	1	2033	6	0.002951303492375799
162935	1	35	164	2	0.012195121951219513
162935	29	8	1085	0	0.0
162935	5	28	463	2	0.004319654427645789
162935	54	5	142	10	0.07042253521126761
162935	15	8	91	0	0.0
162935	40	5	2307	0	0.0
162935	25	1	1103	6	0.005439709882139619
162935	38	6	3464	6	0.0017321016166281756
162935	19	1	15080	309	0.020490716180371352
162935	8	19	864	0	0.0
162935	4	31	21	0	0.0
162935	7	17	2	0	0.0
162935	2	37	3118	6	0.001924310455420141
162935	6	33	156	11	0.07051282051282051
162935	20	3	6464	0	0.0
162935	1	11	526	0	0.0
162935	5	15	1173	210	0.17902813299232737
162935	44	7	4	0	0.0
162935	8	24	1125	0	0.0
162935	1	15	6	0	0.0
162935	5	50	306	21	0.06862745098039216
162935	40	7	181	0	0.0
162935	2	33	168	18	0.10714285714285714
162935	8	20	9044	0	0.0
162935	18	3	1	0	0.0
162935	24	3	83	0	0.0
162935	6	37	7	0	0.0
162935	39	8	14	0	0.0
162935	39	4	131	0	0.0
162935	31	3	1063	0	0.0
162935	11	4	23	0	0.0
162935	1	28	19	0	0.0
162935	11	8	13	0	0.0
162935	4	35	75	0	0.0
162935	10	8	1	0	0.0
162935	25	3	611	0	0.0
162935	44	5	2	1	0.5
162935	21	1	4966	38	0.0076520338300443014
162935	38	4	8	0	0.0
162935	20	1	1811	11	0.006073992269464384
162935	8	41	11	0	0.0
162935	6	35	133	5	0.03759398496240601
162935	4	37	484	0	0.0
162935	4	13	11	0	0.0
162935	27	3	12	0	0.0
162935	26	3	106	0	0.0
162935	23	1	115	4	0.034782608695652174
162935	6	54	4794	9	0.0018773466833541927
162935	3	33	509	0	0.0
162935	3	28	90	0	0.0
162935	22	1	645	14	0.021705426356589147
162935	19	3	16451	14	0.0008510120965290864
162935	2	31	295	0	0.0
162935	8	22	1523	0	0.0
162935	3	15	27	0	0.0
162935	6	41	19	0	0.0
162935	37	8	4	0	0.0
162935	6	7	222	35	0.15765765765765766
162935	7	39	5	0	0.0
162935	4	43	11	0	0.0
162935	26	6	1440	3	0.0020833333333333333
162935	43	2	693	4	0.005772005772005772
162935	27	6	35	2	0.05714285714285714
162935	4	5	118	0	0.0
162935	2	45	2154	8	0.003714020427112349
162935	22	4	2168	0	0.0
162935	36	8	78	0	0.0
162935	42	2	1841	32	0.017381857686040194
162935	2	24	158	6	0.0379746835443038
162935	4	20	1168	0	0.0
162935	23	4	3430	0	0.0
162935	2	1	3090	292	0.09449838187702266
162935	24	6	400	20	0.05
162935	21	4	1241	0	0.0
162935	39	1	6236	5	0.0008017960230917255
162935	2	26	5	0	0.0
162935	2	3	274	0	0.0
162935	18	6	1384	49	0.03540462427745665
162935	2	19	4811	19	0.003949282893369362
162935	5	39	2	0	0.0
162935	6	22	8262	1029	0.12454611474219317
162935	6	20	5610	10	0.0017825311942959
162935	6	5	3924	691	0.17609582059123344
162935	4	7	131	0	0.0
162935	35	8	82	0	0.0
162935	34	8	119	0	0.0
162935	5	7	2471	46	0.018615944961554026
162935	19	6	202	0	0.0
162935	25	6	21	0	0.0
162935	1	3	1910	18	0.009424083769633508
162935	40	2	14	1	0.07142857142857142
162935	6	43	27	0	0.0
162935	38	1	22	0	0.0
162935	7	1	82	0	0.0
162935	39	3	132	0	0.0
162935	24	4	328	0	0.0
162935	2	47	7292	4	0.0005485463521667581
162935	41	2	9501	155	0.016314072202926008
162935	44	2	610	46	0.07540983606557378
162935	8	50	2	0	0.0
162935	4	41	1300	0	0.0
162935	5	3	270	2	0.007407407407407408
162935	4	45	18	0	0.0
162935	30	8	1469	0	0.0
162935	21	6	3324	228	0.06859205776173286
162935	25	4	526	0	0.0
162935	2	20	55	0	0.0
162935	31	8	1	0	0.0
162935	2	5	21	2	0.09523809523809523
162935	38	3	146	0	0.0
162935	6	1	28	2	0.07142857142857142
162935	4	3	1895	0	0.0
162935	2	22	1380	72	0.05217391304347826
162935	4	19	6957	0	0.0
162935	6	3	37	0	0.0
162935	27	4	958	0	0.0
162935	4	1	305	4	0.013114754098360656
162935	8	33	427	0	0.0
162935	4	26	44	0	0.0
162935	1	5	85	4	0.047058823529411764
162935	32	8	7	0	0.0
162935	46	2	94	0	0.0
162935	4	47	13	0	0.0
162935	4	6	116	10	0.08620689655172414
162935	38	7	796	0	0.0
162935	3	7	181	0	0.0
162935	23	6	1459	68	0.04660726525017135
162935	2	27	2110	93	0.04407582938388625
162935	2	7	19	1	0.05263157894736842
162935	8	52	13	0	0.0
162935	5	38	4473	69	0.015425888665325285
162935	44	6	1	0	0.0
162935	4	40	98	0	0.0
162935	6	40	2154	6	0.002785515320334262
162935	46	6	205	4	0.01951219512195122
162935	8	51	21	0	0.0
162935	2	25	841	24	0.028537455410225922
162935	42	4	28	0	0.0
162935	21	2	6722	1061	0.15783992859268076
164131	1	34	111	1	0.009009009009009009
162935	23	2	269	12	0.04460966542750929
162935	4	2	464	34	0.07327586206896551
162935	4	44	51	0	0.0
164131	2	8	133	1	0.007518796992481203
162935	2	6	67	13	0.19402985074626866
164131	2	12	112	1	0.008928571428571428
162935	46	4	13	0	0.0
164131	25	7	14	0	0.0
164131	41	3	129	0	0.0
164131	7	32	39	0	0.0
164131	6	53	57	0	0.0
164131	4	29	1065	0	0.0
164131	31	7	108	0	0.0
164131	3	36	32	0	0.0
164131	48	8	473	0	0.0
164131	5	48	3310	50	0.015105740181268883
164131	44	1	184	2	0.010869565217391304
164131	4	14	9	0	0.0
164131	5	30	2112	0	0.0
164131	6	16	8482	38	0.004480075453902382
164131	19	7	2875	0	0.0
164131	9	2	1993	1	0.0005017561465127947
164131	29	2	12703	1358	0.10690388097299851
164131	5	14	530	0	0.0
164131	49	8	7	0	0.0
164131	8	18	45	0	0.0
164131	7	16	71	0	0.0
164131	7	53	2	0	0.0
164131	5	51	233	34	0.1459227467811159
164131	40	3	4	0	0.0
164131	14	2	6	0	0.0
164131	34	5	368	0	0.0
164131	20	5	22757	1	4.3942523179680975e-05
164131	28	2	29	0	0.0
164131	45	1	3088	81	0.026230569948186528
164131	21	5	1020	0	0.0
164131	35	5	121	0	0.0
164131	8	25	6	0	0.0
164131	4	30	105	0	0.0
164131	2	36	77	8	0.1038961038961039
164131	26	7	450	0	0.0
164131	18	7	18	0	0.0
164131	8	27	151	0	0.0
164131	24	7	770	0	0.0
164131	1	10	1991	43	0.021597187343043698
164131	5	29	19	0	0.0
164131	1	8	27	0	0.0
164131	3	8	39	0	0.0
164131	30	7	279	0	0.0
164131	2	34	225	1	0.0044444444444444444
164131	3	10	38	0	0.0
164131	7	29	63	0	0.0
164131	42	3	34	0	0.0
164131	5	16	2680	0	0.0
164131	5	53	26	3	0.11538461538461539
164131	5	32	17	0	0.0
164131	7	51	11	0	0.0
164131	6	30	23342	2394	0.1025619055779282
164131	36	5	93	0	0.0
164131	22	5	6000	0	0.0
164131	37	5	1	0	0.0
164131	7	14	15	0	0.0
164131	47	1	796	4	0.005025125628140704
164131	23	5	73	0	0.0
164131	6	14	5652	2	0.00035385704175513094
164131	16	2	4	0	0.0
164131	6	51	950	20	0.021052631578947368
164131	46	1	121	3	0.024793388429752067
164131	7	48	54	0	0.0
164131	7	34	372	0	0.0
164131	4	16	32	0	0.0
164131	33	7	586	0	0.0
164131	43	3	75	0	0.0
164131	4	8	259	0	0.0
164131	3	34	138	0	0.0
164131	27	7	22	0	0.0
164131	37	7	43	0	0.0
164131	2	10	5305	6	0.0011310084825636192
164131	1	36	47	0	0.0
164131	6	29	1509	198	0.1312127236580517
164131	23	7	164	0	0.0
164131	6	48	23887	1361	0.05697659814962113
164131	6	10	1	0	0.0
164131	9	4	9	0	0.0
164131	3	30	1	0	0.0
164131	2	51	1	0	0.0
164131	13	2	291	1	0.003436426116838488
164131	42	1	905	8	0.008839779005524863
164131	43	1	2268	58	0.025573192239858905
164131	33	5	264	0	0.0
164131	1	32	13	0	0.0
164131	46	3	34	0	0.0
164131	27	5	10	0	0.0
164131	5	8	223	2	0.008968609865470852
164131	2	30	90	2	0.022222222222222223
164131	53	3	3	0	0.0
164131	7	10	6	0	0.0
164131	4	34	306	0	0.0
164131	26	5	818	0	0.0
164131	4	36	40	0	0.0
164131	22	7	1498	0	0.0
164131	6	34	100	4	0.04
164131	36	7	597	0	0.0
164131	8	23	447	0	0.0
164131	7	8	4884	0	0.0
164131	3	29	581	0	0.0
164131	38	2	1	0	0.0
164131	31	5	13	0	0.0
164131	44	3	11	0	0.0
164131	5	10	1	0	0.0
164131	1	29	292	0	0.0
164131	19	5	963	0	0.0
164131	8	6	565	23	0.04070796460176991
164131	24	5	193	0	0.0
164131	6	36	36	1	0.027777777777777776
164131	20	7	10391	0	0.0
164131	25	5	1	0	0.0
164131	50	3	5	0	0.0
164131	41	1	3698	10	0.0027041644131963224
164131	39	2	1849	1	0.0005408328826392645
164131	8	21	3782	0	0.0
164131	11	2	2620	2	0.0007633587786259542
164131	18	5	1036	0	0.0
164131	40	1	4	0	0.0
164131	3	32	23	0	0.0
164131	8	40	22	0	0.0
164131	35	7	126	0	0.0
164131	2	53	2	0	0.0
164131	4	10	59	0	0.0
164131	8	38	29	0	0.0
164131	45	3	57	0	0.0
164131	7	15	139	0	0.0
164131	9	6	1	0	0.0
164131	49	6	3681	266	0.07226297201847325
164131	7	50	7	0	0.0
164131	5	17	37	0	0.0
164131	52	7	104	0	0.0
164131	21	7	1723	0	0.0
164131	4	33	241	0	0.0
164131	3	11	30	0	0.0
164131	5	52	3711	382	0.10293721368903261
164131	22	3	273	0	0.0
164131	3	35	960	0	0.0
164131	6	28	714	10	0.014005602240896359
164131	33	1	394	1	0.0025380710659898475
164131	8	26	45	0	0.0
164131	7	28	67	0	0.0
164131	2	35	21	0	0.0
164131	17	8	3	0	0.0
164131	7	49	8	0	0.0
164131	1	13	37	0	0.0
164131	27	1	82	0	0.0
164131	1	9	166	0	0.0
164131	16	8	77	0	0.0
164131	2	54	8	0	0.0
164131	1	37	5250	5	0.0009523809523809524
164131	37	3	436	0	0.0
164131	26	1	3	0	0.0
164131	23	3	1117	0	0.0
164131	4	15	2	0	0.0
164131	6	15	2651	2	0.0007544322897019992
164131	9	3	8	0	0.0
164131	14	8	20	0	0.0
164131	21	3	1709	0	0.0
164131	24	1	7	0	0.0
164131	6	17	263	1	0.0038022813688212928
164131	39	6	21	0	0.0
164131	6	50	1555	2	0.0012861736334405145
164131	6	52	4112	2	0.00048638132295719845
164131	28	4	58	0	0.0
164131	5	49	880	28	0.031818181818181815
164131	11	6	3	0	0.0
164131	28	8	249	0	0.0
164131	40	5	2496	0	0.0
164131	1	35	30	2	0.06666666666666667
164131	38	6	1643	74	0.04503956177723676
164131	29	8	1155	0	0.0
164131	31	1	949	0	0.0
164131	1	11	459	0	0.0
164131	54	5	195	1	0.005128205128205128
164131	25	1	2229	17	0.00762673844773441
164131	2	37	442	0	0.0
164131	8	24	407	0	0.0
164131	15	8	28	0	0.0
164131	5	28	134	0	0.0
164131	19	1	21345	363	0.017006324666198173
164131	6	33	162	2	0.012345679012345678
164131	20	3	860	0	0.0
164131	44	7	6	0	0.0
164131	7	17	1	0	0.0
164131	40	7	213	0	0.0
164131	5	50	1269	141	0.1111111111111111
164131	24	3	68	0	0.0
164131	39	4	875	0	0.0
164131	39	8	78	0	0.0
164131	5	15	2491	202	0.08109193095142513
164131	2	33	291	3	0.010309278350515464
164131	11	4	23	0	0.0
164131	11	8	3	0	0.0
164131	8	19	1135	0	0.0
164131	8	20	2935	0	0.0
164131	21	1	3370	107	0.03175074183976261
164131	10	8	9	0	0.0
164131	20	1	109	0	0.0
164131	4	35	11	0	0.0
164131	25	3	579	0	0.0
164131	2	50	3	0	0.0
164131	27	3	537	0	0.0
164131	19	3	11146	0	0.0
164131	2	52	1	0	0.0
164131	22	1	302	1	0.0033112582781456954
164131	31	3	362	0	0.0
164131	4	13	3	0	0.0
164131	6	35	62	10	0.16129032258064516
164131	43	7	1	0	0.0
164131	3	28	4	0	0.0
164131	3	33	426	0	0.0
164131	6	54	13055	17	0.001302183071620069
164131	26	3	6	0	0.0
164131	36	8	33	0	0.0
164131	4	43	5	0	0.0
164131	23	1	339	11	0.032448377581120944
164131	8	22	1814	0	0.0
164131	4	37	2	0	0.0
164131	27	6	89	2	0.02247191011235955
164131	22	4	2440	0	0.0
164131	42	2	1878	30	0.01597444089456869
164131	8	9	1	0	0.0
164131	2	31	7	0	0.0
164131	26	6	357	0	0.0
164131	7	39	11	0	0.0
164131	6	7	257	0	0.0
164131	2	45	3835	4	0.0010430247718383311
164131	43	2	1329	0	0.0
164131	4	5	49	0	0.0
164131	37	8	1	0	0.0
164131	2	24	101	1	0.009900990099009901
164131	23	4	1219	0	0.0
164131	2	19	4161	92	0.022110069694784906
164131	2	1	2456	323	0.13151465798045603
164131	4	20	378	0	0.0
164131	21	4	4026	0	0.0
164131	2	3	146	4	0.0273972602739726
164131	35	8	78	0	0.0
164131	6	22	12590	911	0.07235901509134234
164131	5	39	12	0	0.0
164131	6	20	5494	4	0.0007280669821623589
164131	6	5	4374	680	0.15546410608139002
164131	2	26	2	0	0.0
164131	18	6	2944	32	0.010869565217391304
164131	4	7	35	0	0.0
164131	24	6	453	28	0.06181015452538632
164131	39	1	5218	0	0.0
164131	38	1	8	0	0.0
164131	40	2	4	0	0.0
164131	5	7	1617	0	0.0
164131	34	8	116	0	0.0
164131	19	6	315	2	0.006349206349206349
164131	25	6	5	0	0.0
164131	1	3	1370	10	0.0072992700729927005
164131	7	1	113	3	0.02654867256637168
164131	39	3	309	0	0.0
164131	8	50	2	0	0.0
164131	4	41	662	0	0.0
164131	24	4	281	0	0.0
164131	18	4	1	0	0.0
164131	21	6	3078	276	0.08966861598440545
164131	6	43	10	0	0.0
164131	30	8	969	0	0.0
164131	2	47	11276	3	0.0002660517914153955
164131	41	2	15050	330	0.021926910299003323
164131	5	3	27	0	0.0
164131	6	47	1	0	0.0
164131	4	45	4	0	0.0
164131	44	2	913	16	0.017524644030668127
164131	46	2	245	0	0.0
164131	38	3	49	0	0.0
164131	6	3	11	0	0.0
164131	2	20	14	1	0.07142857142857142
164131	2	5	13	0	0.0
164131	4	1	194	5	0.02577319587628866
164131	4	19	3324	0	0.0
164131	4	3	3050	0	0.0
164131	8	33	511	0	0.0
164131	4	26	8	0	0.0
164131	27	4	1302	0	0.0
164131	2	22	1420	14	0.009859154929577466
164131	6	1	6	1	0.16666666666666666
164131	25	4	175	0	0.0
164131	2	7	9	0	0.0
164131	3	7	241	0	0.0
164131	4	47	4	0	0.0
164131	1	5	10	0	0.0
164131	4	40	9	0	0.0
164131	44	6	7	0	0.0
164131	23	2	1644	29	0.017639902676399026
164131	46	6	5	0	0.0
164131	4	6	103	3	0.02912621359223301
164131	38	7	198	0	0.0
164131	8	52	2	0	0.0
164131	2	25	925	1	0.001081081081081081
164131	2	27	414	2	0.004830917874396135
164131	5	38	3406	4	0.0011743981209630064
164131	42	4	20	0	0.0
164131	23	6	341	13	0.03812316715542522
164131	6	40	978	1	0.0010224948875255625
164131	2	6	51	3	0.058823529411764705
164131	21	2	14154	573	0.04048325561678678
164131	46	4	1	0	0.0
164131	53	8	1	0	0.0
164131	4	44	5	0	0.0
164636	19	7	1877	0	0.0
164636	2	8	52	1	0.019230769230769232
164636	1	34	283	4	0.014134275618374558
164636	3	36	179	0	0.0
164131	8	51	2	0	0.0
164636	4	29	1936	0	0.0
164131	4	2	939	9	0.009584664536741214
164636	2	12	231	1	0.004329004329004329
164636	25	7	143	0	0.0
164636	31	7	25	0	0.0
164636	41	3	51	0	0.0
164636	6	53	81	0	0.0
164636	44	1	214	32	0.14953271028037382
164636	7	32	76	0	0.0
164636	35	5	149	2	0.013422818791946308
164636	4	14	1	0	0.0
164636	5	48	2532	237	0.09360189573459715
164636	9	2	2766	10	0.0036153289949385392
164636	50	1	1	0	0.0
164636	5	30	2689	2	0.0007437709185570844
164636	34	5	364	2	0.005494505494505495
164636	6	16	2219	32	0.014420910319963948
164636	48	8	788	0	0.0
164636	14	2	2	0	0.0
164636	21	5	647	1	0.0015455950540958269
164636	28	2	18	0	0.0
164636	20	5	17959	142	0.007906899047831172
164636	5	14	247	7	0.02834008097165992
164636	6	32	25	0	0.0
164636	7	16	35	0	0.0
164636	8	18	35	0	0.0
164636	7	53	3	1	0.3333333333333333
164636	4	30	106	0	0.0
164636	40	3	19	0	0.0
164636	49	8	19	0	0.0
164636	5	51	337	81	0.2403560830860534
164636	8	25	43	0	0.0
164636	45	1	2759	140	0.050743022834360274
164636	29	2	20720	2626	0.12673745173745174
164636	1	10	281	3	0.010676156583629894
164636	18	7	7	0	0.0
164636	5	29	12	0	0.0
164636	2	36	36	2	0.05555555555555555
164636	2	34	52	1	0.019230769230769232
164636	26	7	581	0	0.0
164636	1	8	48	0	0.0
164636	42	3	10	0	0.0
164636	1	12	70	0	0.0
164636	7	29	74	0	0.0
164636	3	8	112	0	0.0
164636	3	12	7	0	0.0
164636	8	27	52	0	0.0
164636	3	10	39	0	0.0
164636	30	7	355	1	0.0028169014084507044
164636	24	7	432	0	0.0
164636	47	1	19	1	0.05263157894736842
164636	5	16	1015	1	0.0009852216748768472
164636	7	14	11	0	0.0
164636	7	51	19	0	0.0
164636	36	5	130	3	0.023076923076923078
164636	6	48	16859	616	0.03653834747019396
164636	22	5	2331	8	0.003432003432003432
164636	37	5	1	0	0.0
164636	16	2	5	0	0.0
164636	6	51	747	7	0.009370816599732263
164636	5	53	109	23	0.21100917431192662
164636	5	32	306	1	0.0032679738562091504
164636	23	5	72	0	0.0
164636	6	14	2083	6	0.0028804608737397984
164636	4	32	1	0	0.0
164636	6	30	17609	2083	0.11829178261116474
164636	46	1	188	9	0.047872340425531915
164636	4	16	10	0	0.0
164636	7	48	18	0	0.0
164636	27	7	63	0	0.0
164636	1	36	76	0	0.0
164636	3	34	406	0	0.0
164636	4	8	104	0	0.0
164636	43	3	215	0	0.0
164636	23	7	329	0	0.0
164636	2	10	3798	0	0.0
164636	4	12	4	0	0.0
164636	7	34	424	0	0.0
164636	33	7	398	0	0.0
164636	6	10	1	0	0.0
164636	37	7	16	0	0.0
164636	1	32	1	0	0.0
164636	3	48	1	0	0.0
164636	42	1	542	13	0.023985239852398525
164636	13	2	358	2	0.00558659217877095
164636	6	29	1484	106	0.07142857142857142
164636	26	5	1313	3	0.002284843869002285
164636	3	30	13	0	0.0
164636	9	4	13	0	0.0
164636	3	51	1	0	0.0
164636	8	23	343	0	0.0
164636	27	5	4	0	0.0
164636	46	3	35	0	0.0
164636	3	14	3	0	0.0
164636	43	1	2722	134	0.04922850844966936
164636	33	5	454	1	0.0022026431718061676
164636	6	34	83	7	0.08433734939759036
164636	4	36	76	0	0.0
164636	36	7	397	0	0.0
164636	2	30	133	9	0.06766917293233082
164636	7	8	3611	1	0.00027693159789531985
164636	4	34	517	0	0.0
164636	3	29	313	0	0.0
164636	22	7	818	6	0.007334963325183374
164636	8	6	987	78	0.0790273556231003
164636	7	10	13	0	0.0
164636	1	29	1546	0	0.0
164636	5	8	405	5	0.012345679012345678
164636	20	7	5304	14	0.0026395173453996985
164636	6	36	155	9	0.05806451612903226
164636	44	3	8	0	0.0
164636	31	5	3	0	0.0
164636	41	1	2109	60	0.02844950213371266
164636	18	5	548	1	0.0018248175182481751
164636	50	3	2	0	0.0
164636	25	5	28	0	0.0
164636	19	5	352	1	0.002840909090909091
164636	40	1	14	0	0.0
164636	49	6	1648	50	0.03033980582524272
164636	39	2	3662	5	0.001365374112506827
164636	8	40	351	0	0.0
164636	8	21	3155	0	0.0
164636	3	32	11	0	0.0
164636	24	5	700	9	0.012857142857142857
164636	11	2	874	14	0.016018306636155607
164636	1	30	1	0	0.0
164636	8	38	72	0	0.0
164636	2	53	1	0	0.0
164636	45	3	20	0	0.0
164636	9	6	2	0	0.0
164636	4	10	66	0	0.0
164636	21	7	1396	0	0.0
164636	3	11	19	0	0.0
164636	7	50	45	0	0.0
164636	52	7	23	0	0.0
164636	5	17	76	19	0.25
164636	7	15	36	0	0.0
164636	4	33	329	0	0.0
164636	35	7	257	1	0.0038910505836575876
164636	27	1	214	0	0.0
164636	17	4	1	0	0.0
164636	22	3	815	0	0.0
164636	17	8	2	0	0.0
164636	1	9	57	0	0.0
164636	5	52	2952	311	0.10535230352303523
164636	33	1	304	6	0.019736842105263157
164636	8	26	549	0	0.0
164636	1	13	148	0	0.0
164636	2	35	70	0	0.0
164636	7	28	244	0	0.0
164636	7	49	3	0	0.0
164636	6	28	704	42	0.05965909090909091
164636	3	35	1974	0	0.0
164636	2	54	1	0	0.0
164636	6	50	533	1	0.001876172607879925
164636	16	8	70	0	0.0
164636	26	1	25	0	0.0
164636	6	15	2495	6	0.002404809619238477
164636	37	3	205	0	0.0
164636	6	17	162	1	0.006172839506172839
164636	1	37	5017	38	0.007574247558301774
164636	23	3	506	0	0.0
164636	4	15	2	0	0.0
164636	39	6	32	0	0.0
164636	9	3	6	0	0.0
164636	14	8	24	0	0.0
164636	54	5	85	0	0.0
164636	6	52	4351	11	0.002528154447253505
164636	21	3	1130	0	0.0
164636	1	35	299	7	0.023411371237458192
164636	40	5	1350	0	0.0
164636	24	1	61	0	0.0
164636	11	6	2	0	0.0
164636	28	4	61	0	0.0
164636	5	28	164	0	0.0
164636	28	8	974	0	0.0
164636	5	49	523	61	0.11663479923518165
164636	25	1	1107	16	0.014453477868112014
164636	29	8	724	0	0.0
164636	4	31	10	0	0.0
164636	8	19	358	0	0.0
164636	31	1	1779	10	0.005621135469364812
164636	7	17	2	0	0.0
164636	38	6	2042	28	0.013712047012732615
164636	15	8	70	0	0.0
164636	8	24	496	0	0.0
164636	3	13	12	0	0.0
164636	1	11	204	0	0.0
164636	6	33	741	85	0.11470985155195682
164636	2	37	1397	1	0.0007158196134574087
164636	20	3	3389	0	0.0
164636	19	1	17121	734	0.04287132760936861
164636	5	50	801	120	0.149812734082397
164636	21	1	2945	3	0.0010186757215619694
164636	5	15	477	57	0.11949685534591195
164636	2	33	225	4	0.017777777777777778
164636	39	8	47	0	0.0
164636	11	8	2	0	0.0
164636	1	28	5	0	0.0
164636	40	7	156	0	0.0
164636	4	35	156	0	0.0
164636	11	4	29	0	0.0
164636	39	4	470	0	0.0
164636	24	3	84	0	0.0
164636	10	8	3	0	0.0
164636	20	1	367	1	0.0027247956403269754
164636	8	20	6652	1	0.0001503307276007216
164636	25	3	475	0	0.0
164636	2	50	3	0	0.0
164636	3	33	340	0	0.0
164636	4	13	8	0	0.0
164636	43	7	16	0	0.0
164636	22	1	317	0	0.0
164636	38	4	4	0	0.0
164636	8	41	1	0	0.0
164636	27	3	205	0	0.0
164636	31	3	282	0	0.0
164636	19	3	15230	10	0.0006565988181221273
164636	6	54	5851	11	0.0018800205093146471
164636	3	28	22	0	0.0
164636	6	35	269	20	0.07434944237918216
164636	4	43	24	0	0.0
164636	23	1	335	0	0.0
164636	26	3	107	0	0.0
164636	2	31	174	0	0.0
164636	8	22	1704	0	0.0
164636	3	15	3	0	0.0
164636	22	4	1032	0	0.0
164636	4	37	186	0	0.0
164636	36	8	91	0	0.0
164636	8	9	1	0	0.0
164636	43	2	1450	0	0.0
164636	27	6	17	1	0.058823529411764705
164636	42	2	1292	28	0.021671826625386997
164636	6	7	360	25	0.06944444444444445
164636	2	45	3481	0	0.0
164636	26	6	1046	17	0.016252390057361378
164636	37	8	9	0	0.0
164636	7	39	65	0	0.0
164636	4	5	42	0	0.0
164636	2	3	375	5	0.013333333333333334
164636	21	4	4884	0	0.0
164636	23	4	1600	0	0.0
164636	2	24	77	0	0.0
164636	2	1	2419	612	0.25299710624224886
164636	4	20	600	0	0.0
164636	6	20	6395	186	0.0290852228303362
164636	2	19	5602	22	0.003927168868261335
164636	18	6	894	15	0.016778523489932886
164636	6	5	2968	780	0.2628032345013477
164636	24	6	1184	132	0.11148648648648649
164636	39	1	3189	1	0.00031357792411414236
164636	5	39	6	0	0.0
164636	35	8	200	0	0.0
164636	5	7	1097	7	0.006381039197812215
164636	40	2	17	1	0.058823529411764705
164636	2	26	18	0	0.0
164636	4	7	145	0	0.0
164636	6	22	9036	836	0.09251881363435148
164636	19	6	158	4	0.02531645569620253
164636	25	6	21	0	0.0
164636	34	8	102	0	0.0
164636	6	43	4	0	0.0
164636	2	47	4836	1	0.00020678246484698098
164636	1	3	1736	33	0.019009216589861752
164636	7	1	82	0	0.0
164636	24	4	177	0	0.0
164636	8	50	2	0	0.0
164636	41	2	12855	196	0.015246985608712562
164636	4	41	741	0	0.0
164636	5	3	80	0	0.0
164636	39	3	250	0	0.0
164636	44	2	463	8	0.017278617710583154
164636	31	8	1	0	0.0
164636	2	5	13	0	0.0
164636	30	8	2592	1	0.00038580246913580245
164636	4	45	4	0	0.0
164636	4	3	2358	0	0.0
164636	21	6	4590	118	0.02570806100217865
164636	25	4	324	0	0.0
164636	27	4	708	0	0.0
164636	2	20	77	1	0.012987012987012988
164636	4	1	332	3	0.009036144578313253
164636	6	1	21	4	0.19047619047619047
164636	4	26	71	0	0.0
164636	38	3	7	0	0.0
164636	2	22	505	3	0.005940594059405941
164636	8	33	739	0	0.0
164636	6	3	52	3	0.057692307692307696
164636	46	2	156	0	0.0
164636	2	7	95	2	0.021052631578947368
164636	3	7	249	0	0.0
164636	23	6	423	5	0.01182033096926714
164636	4	19	9420	0	0.0
164636	32	8	31	0	0.0
164636	1	5	19	0	0.0
164636	4	47	1	0	0.0
164636	38	7	492	0	0.0
164636	4	6	114	6	0.05263157894736842
164636	2	27	1441	21	0.01457321304649549
164636	8	52	3	0	0.0
164636	4	40	54	0	0.0
164636	5	38	1547	15	0.009696186166774402
164636	23	2	1293	35	0.027068832173240527
164636	6	40	1850	3	0.0016216216216216215
164636	4	44	9	0	0.0
164636	2	25	730	6	0.00821917808219178
164636	2	6	53	5	0.09433962264150944
164636	42	4	13	0	0.0
164636	46	4	11	0	0.0
164636	8	51	10	0	0.0
164636	21	2	12358	406	0.032853212493931055
164636	4	2	881	18	0.02043132803632236
165436	31	7	22	0	0.0
165436	4	29	3714	0	0.0
165436	2	8	42	0	0.0
165436	1	34	3099	2	0.0006453694740238787
165436	25	7	10	0	0.0
165436	44	1	92	6	0.06521739130434782
165436	6	53	103	0	0.0
165436	6	16	1374	5	0.00363901018922853
165436	48	4	2	0	0.0
165436	19	7	1000	0	0.0
165436	41	3	37	0	0.0
165436	2	12	391	0	0.0
165436	3	36	286	0	0.0
165436	5	48	3584	193	0.05385044642857143
165436	50	1	1	0	0.0
165436	5	30	3453	1	0.0002896032435563278
165436	9	2	3918	0	0.0
165436	48	8	587	0	0.0
165436	4	14	2	0	0.0
165436	21	5	231	0	0.0
165436	14	2	7	0	0.0
165436	5	14	313	0	0.0
165436	35	5	156	0	0.0
165436	28	2	2	0	0.0
165436	8	18	6	0	0.0
165436	6	32	9	0	0.0
165436	7	32	409	0	0.0
165436	5	51	33	8	0.24242424242424243
165436	34	5	257	2	0.007782101167315175
165436	49	8	5	0	0.0
165436	7	16	5	0	0.0
165436	40	3	8	0	0.0
165436	4	30	125	0	0.0
165436	45	1	3110	23	0.007395498392282958
165436	29	2	15564	466	0.02994088923156001
165436	2	36	283	2	0.007067137809187279
165436	20	5	23630	205	0.008675412611087601
165436	5	29	4	0	0.0
165436	30	7	370	0	0.0
165436	1	10	950	5	0.005263157894736842
165436	8	25	14	0	0.0
165436	3	8	49	0	0.0
165436	18	7	1	0	0.0
165436	24	7	796	0	0.0
165436	3	12	13	0	0.0
165436	8	27	25	0	0.0
165436	1	8	41	0	0.0
165436	1	12	80	0	0.0
165436	5	53	4	0	0.0
165436	2	34	432	2	0.004629629629629629
165436	7	29	71	0	0.0
165436	42	3	6	0	0.0
165436	5	16	712	0	0.0
165436	7	14	1	0	0.0
165436	26	7	75	0	0.0
165436	47	1	884	4	0.004524886877828055
165436	37	5	6	0	0.0
165436	3	10	59	0	0.0
165436	7	51	8	0	0.0
165436	4	16	10	0	0.0
165436	6	14	2293	4	0.0017444395987788923
165436	43	3	26	0	0.0
165436	6	51	208	4	0.019230769230769232
165436	36	5	159	0	0.0
165436	46	1	54	0	0.0
165436	16	2	21	0	0.0
165436	22	5	4931	1	0.00020279862096937742
165436	5	32	105	0	0.0
165436	6	48	12537	584	0.04658211693387573
165436	23	5	19	0	0.0
165436	7	48	54	0	0.0
165436	1	36	316	0	0.0
165436	6	29	376	24	0.06382978723404255
165436	6	30	22860	3171	0.13871391076115486
165436	33	7	151	0	0.0
165436	2	10	4875	0	0.0
165436	27	7	8	0	0.0
165436	7	34	268	0	0.0
165436	3	34	1293	0	0.0
165436	4	8	80	0	0.0
165436	4	12	23	0	0.0
165436	3	30	16	0	0.0
165436	6	10	2	0	0.0
165436	37	7	1	0	0.0
165436	23	7	245	0	0.0
165436	13	2	186	0	0.0
165436	9	4	28	0	0.0
165436	42	1	386	2	0.0051813471502590676
165436	26	5	283	0	0.0
165436	1	32	36	0	0.0
165436	27	5	1	0	0.0
165436	33	5	368	3	0.008152173913043478
165436	43	1	372	3	0.008064516129032258
165436	3	14	2	0	0.0
165436	7	10	7	0	0.0
165436	3	51	4	0	0.0
165436	36	7	1772	0	0.0
165436	4	34	2101	0	0.0
165436	46	3	19	0	0.0
165436	22	7	1511	0	0.0
165436	2	30	254	0	0.0
165436	7	8	2199	0	0.0
165436	52	3	5	0	0.0
165436	2	48	2	0	0.0
165436	8	23	584	0	0.0
165436	3	29	214	0	0.0
165436	5	8	164	21	0.12804878048780488
165436	4	36	165	0	0.0
165436	6	34	258	5	0.01937984496124031
165436	1	29	1729	0	0.0
165436	6	36	73	2	0.0273972602739726
165436	38	2	3	0	0.0
165436	19	5	212	0	0.0
165436	3	16	1	0	0.0
165436	50	3	26	0	0.0
165436	8	21	1302	0	0.0
165436	5	10	1	0	0.0
165436	41	1	1318	1	0.0007587253414264037
165436	31	5	18	0	0.0
165436	20	7	14463	5	0.00034570974210053237
165436	24	5	423	0	0.0
165436	44	3	6	0	0.0
165436	39	2	2971	1	0.0003365870077415012
165436	2	32	2	0	0.0
165436	8	6	461	32	0.06941431670281996
165436	8	40	91	0	0.0
165436	40	1	7	0	0.0
165436	11	2	1278	1	0.000782472613458529
165436	2	53	1	0	0.0
165436	49	6	349	4	0.011461318051575931
165436	1	30	2	0	0.0
165436	18	5	569	0	0.0
165436	3	32	49	0	0.0
165436	8	38	84	0	0.0
165436	35	7	258	0	0.0
165436	45	3	78	0	0.0
165436	9	6	4	0	0.0
165436	4	33	60	0	0.0
165436	4	10	58	0	0.0
165436	21	7	477	0	0.0
165436	7	15	44	0	0.0
165436	6	31	2	0	0.0
165436	7	50	47	0	0.0
165436	17	8	9	0	0.0
165436	5	17	46	11	0.2391304347826087
165436	27	1	334	0	0.0
165436	1	9	260	0	0.0
165436	7	28	38	0	0.0
165436	1	13	99	0	0.0
165436	5	52	1595	120	0.07523510971786834
165436	2	35	106	1	0.009433962264150943
165436	8	26	88	0	0.0
165436	3	11	16	0	0.0
165436	33	1	291	0	0.0
165436	52	7	68	0	0.0
165436	22	3	2719	0	0.0
165436	3	35	912	0	0.0
165436	23	3	3966	0	0.0
165436	37	3	185	0	0.0
165436	16	8	4	0	0.0
165436	26	1	2	0	0.0
165436	6	17	152	1	0.006578947368421052
165436	6	15	2412	2	0.0008291873963515755
165436	21	3	1691	0	0.0
165436	4	15	1	0	0.0
165436	6	28	128	4	0.03125
165436	5	49	449	88	0.19599109131403117
165436	7	49	2	0	0.0
165436	14	8	5	0	0.0
165436	9	3	5	0	0.0
165436	39	6	9	0	0.0
165436	1	37	8523	6	0.0007039774727208729
165436	28	4	29	0	0.0
165436	4	50	2	0	0.0
165436	6	52	1183	0	0.0
165436	6	50	683	3	0.004392386530014641
165436	24	1	64	0	0.0
165436	11	6	20	1	0.05
165436	28	8	358	0	0.0
165436	1	35	349	0	0.0
165436	54	5	890	63	0.07078651685393259
165436	31	1	1813	0	0.0
165436	5	28	74	0	0.0
165436	15	8	27	0	0.0
165436	25	1	2097	2	0.0009537434430138292
165436	40	5	1496	0	0.0
165436	1	11	398	0	0.0
165436	8	19	204	0	0.0
165436	29	8	270	0	0.0
165436	38	6	1878	17	0.009052183173588925
165436	8	24	4400	0	0.0
165436	2	37	2704	0	0.0
165436	7	17	2	0	0.0
165436	4	31	1	0	0.0
165436	5	15	508	41	0.08070866141732283
165436	20	3	3297	0	0.0
165436	6	33	121	13	0.10743801652892562
165436	1	15	2	0	0.0
165436	39	4	593	0	0.0
165436	40	7	21	0	0.0
165436	5	50	1618	260	0.16069221260815822
165436	2	33	170	0	0.0
165436	11	4	61	0	0.0
165436	11	8	4	0	0.0
165436	19	1	17686	60	0.003392513852764899
165436	24	3	55	0	0.0
165436	39	8	15	0	0.0
165436	8	20	4730	0	0.0
165436	21	1	3771	0	0.0
165436	4	35	64	0	0.0
165436	10	8	3	0	0.0
165436	25	3	336	0	0.0
165436	1	28	3	0	0.0
165436	20	1	871	0	0.0
165436	8	41	1	0	0.0
165436	38	4	3	1	0.3333333333333333
165436	2	50	4	0	0.0
165436	43	7	3	0	0.0
165436	3	33	313	0	0.0
165436	8	43	1	0	0.0
165436	31	3	998	0	0.0
165436	27	3	51	0	0.0
165436	4	13	34	0	0.0
165436	3	28	6	0	0.0
165436	6	35	75	0	0.0
165436	22	1	1786	0	0.0
165436	19	3	25114	5	0.00019909213984231904
165436	23	1	1192	0	0.0
165436	6	41	1	0	0.0
165436	2	31	67	0	0.0
165436	26	3	6	0	0.0
165436	6	54	9267	14	0.0015107370238480631
165436	4	37	78	0	0.0
165436	3	15	6	0	0.0
165436	4	43	6	0	0.0
165436	27	6	3	0	0.0
165436	8	22	3360	0	0.0
165436	36	8	67	0	0.0
165436	2	45	1854	0	0.0
165436	26	6	220	0	0.0
165436	6	7	198	2	0.010101010101010102
165436	43	2	571	0	0.0
165436	22	4	3459	0	0.0
165436	42	2	534	3	0.0056179775280898875
165436	2	24	139	1	0.007194244604316547
165436	23	4	6590	0	0.0
165436	7	39	10	0	0.0
165436	2	3	240	0	0.0
165436	4	5	24	0	0.0
165436	2	19	3381	0	0.0
165436	35	8	35	0	0.0
165436	24	6	1415	102	0.07208480565371024
165436	5	39	3	0	0.0
165436	21	4	1984	0	0.0
165436	2	1	2752	152	0.055232558139534885
165436	18	6	600	5	0.008333333333333333
165436	6	20	6372	8	0.0012554927809165098
165436	40	2	4	0	0.0
165436	39	1	5337	0	0.0
165436	4	20	843	0	0.0
165436	6	5	2258	619	0.2741364038972542
165436	6	22	12684	931	0.07339955849889625
165436	38	1	10	0	0.0
165436	4	7	68	0	0.0
165436	5	7	1266	3	0.002369668246445498
165436	25	6	3	1	0.3333333333333333
165436	41	2	5197	13	0.0025014431402732348
165436	34	8	158	0	0.0
165436	19	6	22	0	0.0
165436	8	54	1	0	0.0
165436	4	41	981	0	0.0
165436	8	50	11	0	0.0
165436	7	1	88	0	0.0
165436	1	3	1909	3	0.001571503404924044
165436	24	4	488	0	0.0
165436	6	43	11	0	0.0
165436	5	3	126	0	0.0
165436	39	3	56	0	0.0
165436	4	45	19	0	0.0
165436	21	6	971	13	0.013388259526261586
165436	2	47	10506	0	0.0
165436	30	8	4046	0	0.0
165436	44	2	378	1	0.0026455026455026454
165436	2	5	2	0	0.0
165436	2	22	957	5	0.00522466039707419
165436	4	3	2229	0	0.0
165436	38	3	51	0	0.0
165436	4	1	252	2	0.007936507936507936
165436	25	4	413	0	0.0
165436	46	2	75	0	0.0
165436	6	1	12	0	0.0
165436	4	26	15	0	0.0
165436	2	7	32	0	0.0
165436	27	4	837	0	0.0
165436	3	7	139	0	0.0
165436	4	19	6518	0	0.0
165436	8	33	247	0	0.0
165436	6	3	16	2	0.125
165436	2	20	22	0	0.0
165436	1	5	61	17	0.2786885245901639
165436	38	7	491	0	0.0
165436	4	47	5	0	0.0
165436	4	40	26	0	0.0
165436	4	6	57	2	0.03508771929824561
165436	8	52	5	0	0.0
165436	2	27	1172	1	0.0008532423208191126
165436	6	40	1361	2	0.0014695077149155032
165436	44	6	1	0	0.0
165436	23	6	231	3	0.012987012987012988
165436	21	2	7538	212	0.028124170867604138
165436	42	4	41	0	0.0
165436	23	2	3314	54	0.016294508147254073
165436	46	6	3	0	0.0
165436	5	38	2765	17	0.006148282097649186
165436	2	6	43	2	0.046511627906976744
165436	46	4	11	0	0.0
165436	4	2	532	15	0.02819548872180451
167036	31	7	27	0	0.0
167036	25	7	12	0	0.0
165436	4	44	4	0	0.0
165436	2	25	893	1	0.0011198208286674132
167036	4	29	2520	0	0.0
167036	48	4	2	0	0.0
167036	3	36	29	0	0.0
167036	1	34	10	0	0.0
167036	5	48	4170	191	0.04580335731414868
167036	5	30	1529	0	0.0
167036	2	8	28	0	0.0
167036	2	12	48	0	0.0
167036	6	53	159	6	0.03773584905660377
167036	19	7	424	0	0.0
167036	41	3	267	0	0.0
167036	44	1	160	9	0.05625
167036	6	16	3697	71	0.019204760616716256
167036	4	14	2	0	0.0
167036	48	8	609	0	0.0
167036	9	2	2554	1	0.00039154267815191856
167036	50	1	2	0	0.0
167036	8	18	15	0	0.0
167036	5	14	464	1	0.0021551724137931034
167036	7	32	260	0	0.0
167036	6	32	1	0	0.0
167036	35	5	78	0	0.0
167036	21	5	52	0	0.0
167036	20	5	5607	157	0.02800071339397182
167036	14	2	21	0	0.0
167036	34	5	128	0	0.0
167036	28	2	16	0	0.0
167036	5	51	368	109	0.296195652173913
167036	4	30	126	0	0.0
167036	18	7	30	0	0.0
167036	7	16	12	0	0.0
167036	49	8	3	0	0.0
167036	2	36	5	0	0.0
167036	40	3	6	0	0.0
167036	7	53	8	0	0.0
167036	1	10	1285	3	0.0023346303501945525
167036	29	2	13841	1834	0.13250487681525902
167036	45	1	1791	16	0.00893355667225014
167036	5	29	8	0	0.0
167036	30	7	131	0	0.0
167036	3	12	5	0	0.0
167036	2	34	9	0	0.0
167036	26	7	824	0	0.0
167036	7	29	52	0	0.0
167036	3	10	44	0	0.0
167036	42	3	3	0	0.0
167036	1	12	46	0	0.0
167036	24	7	116	0	0.0
167036	1	8	3	0	0.0
167036	3	8	6	0	0.0
167036	6	48	15481	1943	0.12550868806924617
167036	5	53	102	14	0.13725490196078433
167036	8	27	7	0	0.0
167036	6	51	484	29	0.05991735537190083
167036	5	32	10	0	0.0
167036	22	5	1838	19	0.010337323177366704
167036	6	14	2606	27	0.010360706062931695
167036	16	2	46	1	0.021739130434782608
167036	5	16	1316	1	0.0007598784194528875
167036	23	5	2	0	0.0
167036	7	51	50	0	0.0
167036	46	1	166	1	0.006024096385542169
167036	47	1	1005	4	0.003980099502487562
167036	36	5	21	0	0.0
167036	4	16	6	0	0.0
167036	7	14	6	0	0.0
167036	2	10	2577	0	0.0
167036	6	30	26504	7491	0.28263658315725926
167036	4	8	9	0	0.0
167036	4	12	4	0	0.0
167036	7	34	98	0	0.0
167036	1	36	22	0	0.0
167036	27	7	6	0	0.0
167036	7	48	72	0	0.0
167036	43	3	72	0	0.0
167036	6	29	525	68	0.1295238095238095
167036	33	7	336	0	0.0
167036	3	34	89	0	0.0
167036	23	7	24	0	0.0
167036	37	7	7	0	0.0
167036	6	10	1	0	0.0
167036	13	2	59	0	0.0
167036	3	30	9	0	0.0
167036	9	4	5	0	0.0
167036	1	16	1	0	0.0
167036	2	30	399	4	0.010025062656641603
167036	46	3	42	0	0.0
167036	22	7	494	0	0.0
167036	33	5	34	0	0.0
167036	43	1	3444	21	0.006097560975609756
167036	8	23	69	0	0.0
167036	36	7	352	0	0.0
167036	4	34	18	0	0.0
167036	26	5	2389	37	0.015487651737128506
167036	42	1	112	0	0.0
167036	3	29	47	0	0.0
167036	6	34	98	4	0.04081632653061224
167036	4	36	19	0	0.0
167036	7	8	1824	1	0.0005482456140350877
167036	5	8	88	7	0.07954545454545454
167036	31	5	4	0	0.0
167036	1	29	1473	0	0.0
167036	8	21	349	0	0.0
167036	8	6	746	124	0.16621983914209115
167036	41	1	3855	5	0.0012970168612191958
167036	19	5	6	0	0.0
167036	20	7	2045	1	0.0004889975550122249
167036	7	12	1	0	0.0
167036	44	3	13	0	0.0
167036	6	36	35	2	0.05714285714285714
167036	24	5	138	1	0.007246376811594203
167036	39	2	2936	1	0.0003405994550408719
167036	11	2	1478	0	0.0
167036	3	32	20	0	0.0
167036	18	5	287	8	0.027874564459930314
167036	49	6	424	15	0.03537735849056604
167036	2	53	11	0	0.0
167036	1	30	10	0	0.0
167036	8	40	79	0	0.0
167036	8	38	61	0	0.0
167036	4	10	34	0	0.0
167036	4	33	302	0	0.0
167036	7	50	47	0	0.0
167036	35	7	90	0	0.0
167036	45	3	80	0	0.0
167036	9	6	15	1	0.06666666666666667
167036	7	15	86	0	0.0
167036	5	17	56	6	0.10714285714285714
167036	22	3	53	0	0.0
167036	52	7	166	0	0.0
167036	21	7	642	0	0.0
167036	6	31	9	0	0.0
167036	5	52	2585	163	0.06305609284332689
167036	27	1	40	0	0.0
167036	3	11	1	0	0.0
167036	1	13	19	0	0.0
167036	7	49	11	0	0.0
167036	1	9	33	0	0.0
167036	43	5	1	0	0.0
167036	7	28	67	0	0.0
167036	17	8	3	0	0.0
167036	8	26	86	0	0.0
167036	33	1	506	0	0.0
167036	2	35	16	0	0.0
167036	6	28	299	20	0.06688963210702341
167036	26	1	1	0	0.0
167036	3	35	854	0	0.0
167036	16	8	25	0	0.0
167036	1	37	6755	7	0.0010362694300518134
167036	23	3	62	0	0.0
167036	6	15	2943	45	0.01529051987767584
167036	37	3	199	0	0.0
167036	6	50	1889	11	0.005823186871360508
167036	6	52	2129	14	0.006575857209957727
167036	2	54	37	0	0.0
167036	6	17	187	5	0.026737967914438502
167036	28	4	13	0	0.0
167036	14	8	2	0	0.0
167036	9	3	6	0	0.0
167036	24	1	6	0	0.0
167036	21	3	1222	0	0.0
167036	28	8	310	0	0.0
167036	39	6	2	0	0.0
167036	5	49	194	15	0.07731958762886598
167036	11	6	24	3	0.125
167036	1	35	21	0	0.0
167036	2	37	311	0	0.0
167036	40	5	4951	9	0.001817814582912543
167036	31	1	174	0	0.0
167036	5	28	267	1	0.003745318352059925
167036	38	6	1207	3	0.0024855012427506215
167036	25	1	1200	3	0.0025
167036	8	24	855	0	0.0
167036	54	5	1840	67	0.03641304347826087
167036	15	8	50	0	0.0
167036	1	11	76	1	0.013157894736842105
167036	29	8	412	0	0.0
167036	3	13	1	0	0.0
167036	19	1	6288	19	0.0030216284987277355
167036	4	31	20	0	0.0
167036	20	3	474	0	0.0
167036	5	50	2267	247	0.10895456550507278
167036	44	7	4	0	0.0
167036	7	17	12	0	0.0
167036	8	20	924	0	0.0
167036	5	15	860	37	0.04302325581395349
167036	40	7	58	0	0.0
167036	2	33	214	8	0.037383177570093455
167036	6	33	33	3	0.09090909090909091
167036	11	4	13	0	0.0
167036	24	3	1	0	0.0
167036	8	41	1	0	0.0
167036	4	35	31	0	0.0
167036	7	9	1	0	0.0
167036	20	1	2	0	0.0
167036	31	3	781	0	0.0
167036	25	3	273	0	0.0
167036	41	7	3	0	0.0
167036	11	8	2	0	0.0
167036	21	1	4476	2	0.00044682752457551384
167036	1	28	1	0	0.0
167036	39	4	363	0	0.0
167036	22	1	90	0	0.0
167036	43	7	3	0	0.0
167036	3	33	878	0	0.0
167036	2	50	4	0	0.0
167036	27	3	11	0	0.0
167036	19	3	5025	0	0.0
167036	3	28	3	0	0.0
167036	6	35	26	3	0.11538461538461539
167036	2	31	4	0	0.0
167036	4	13	1	0	0.0
167036	22	4	389	0	0.0
167036	3	15	1	0	0.0
167036	36	8	9	0	0.0
167036	23	1	141	1	0.0070921985815602835
167036	2	45	673	2	0.0029717682020802376
167036	26	3	32	0	0.0
167036	6	41	6	0	0.0
167036	8	22	3564	0	0.0
167036	6	54	11020	130	0.011796733212341199
167036	4	37	44	0	0.0
167036	4	43	39	0	0.0
167036	27	6	4	0	0.0
167036	8	9	5	0	0.0
167036	42	2	344	9	0.02616279069767442
167036	2	24	59	2	0.03389830508474576
167036	26	6	871	4	0.004592422502870264
167036	43	2	2250	4	0.0017777777777777779
167036	4	5	1	0	0.0
167036	6	7	168	5	0.02976190476190476
167036	2	19	1292	0	0.0
167036	2	3	165	0	0.0
167036	6	20	1388	33	0.02377521613832853
167036	4	20	27	0	0.0
167036	2	1	3890	301	0.07737789203084833
167036	21	4	3440	0	0.0
167036	23	4	1038	0	0.0
167036	7	39	10	0	0.0
167036	6	22	8221	2093	0.25459189879576694
167036	35	8	25	0	0.0
167036	19	6	9	0	0.0
167036	18	6	1048	63	0.060114503816793896
167036	6	5	3325	661	0.198796992481203
167036	5	7	1162	24	0.020654044750430294
167036	25	6	1	0	0.0
167036	38	1	2	0	0.0
167036	4	7	29	0	0.0
167036	24	6	1174	236	0.2010221465076661
167036	39	1	5180	1	0.00019305019305019305
167036	34	8	42	0	0.0
167036	39	3	84	0	0.0
167036	1	3	1185	1	0.0008438818565400844
167036	8	50	62	0	0.0
167036	4	41	1056	0	0.0
167036	24	4	61	0	0.0
167036	8	54	33	0	0.0
167036	7	1	30	0	0.0
167036	41	2	15880	206	0.012972292191435768
167036	21	6	326	41	0.12576687116564417
167036	5	3	33	1	0.030303030303030304
167036	4	45	2	0	0.0
167036	6	43	5	0	0.0
167036	44	2	349	4	0.011461318051575931
167036	2	47	9482	10	0.001054629824931449
167036	30	8	3297	0	0.0
167036	4	19	3755	0	0.0
167036	4	3	1022	0	0.0
167036	38	3	39	0	0.0
167036	2	22	470	14	0.029787234042553193
167036	6	1	2	0	0.0
167036	8	33	71	0	0.0
167036	2	20	1	0	0.0
167036	4	1	317	1	0.0031545741324921135
167036	32	8	3	0	0.0
167036	4	26	3	0	0.0
167036	25	4	329	0	0.0
167036	6	3	13	1	0.07692307692307693
167036	3	7	133	0	0.0
167036	27	4	764	0	0.0
167036	46	2	320	3	0.009375
167036	2	7	11	0	0.0
167036	6	45	1	0	0.0
167036	23	6	19	3	0.15789473684210525
167036	1	5	1	0	0.0
167036	4	47	22	0	0.0
167036	8	52	29	0	0.0
167036	2	27	169	6	0.03550295857988166
167036	44	6	6	0	0.0
167036	4	6	12	1	0.08333333333333333
167036	38	7	396	0	0.0
167036	5	38	3543	19	0.005362686988427886
167036	4	40	8	0	0.0
167036	21	2	7058	373	0.052847832247095494
167036	46	6	1	0	0.0
167036	2	25	197	0	0.0
167036	4	2	633	13	0.020537124802527645
167440	1	34	135	4	0.02962962962962963
167036	42	4	1	0	0.0
167036	2	6	58	10	0.1724137931034483
167440	2	8	61	2	0.03278688524590164
167036	23	2	254	6	0.023622047244094488
167036	6	40	1736	28	0.016129032258064516
167440	2	12	40	1	0.025
167036	4	44	8	0	0.0
167440	25	7	13	0	0.0
167036	8	51	5	0	0.0
167036	46	4	6	0	0.0
167036	53	8	3	0	0.0
167440	19	7	2747	1	0.00036403349108117945
167440	4	29	893	0	0.0
167440	41	3	33	0	0.0
167440	44	1	271	20	0.07380073800738007
167440	6	53	44	0	0.0
167440	5	30	1745	2	0.001146131805157593
167440	7	32	206	0	0.0
167440	3	36	148	0	0.0
167440	9	2	2742	6	0.002188183807439825
167440	6	16	2066	29	0.014036786060019362
167440	15	2	1	1	1.0
167440	48	8	59	0	0.0
167440	31	7	73	0	0.0
167440	50	1	4	2	0.5
167440	34	5	240	5	0.020833333333333332
167440	35	5	93	3	0.03225806451612903
167440	5	48	3026	167	0.055188367481824194
167440	21	5	266	4	0.015037593984962405
167440	14	2	4	0	0.0
167440	20	5	15928	212	0.013309894525364139
167440	6	32	9	0	0.0
167440	5	51	741	253	0.34143049932523617
167440	51	1	74	74	1.0
167440	45	1	2455	86	0.03503054989816701
167440	8	18	7	0	0.0
167440	40	3	7	0	0.0
167440	28	2	5	0	0.0
167440	7	53	6	0	0.0
167440	29	2	22906	1960	0.08556710032305946
167440	7	16	13	0	0.0
167440	4	30	442	0	0.0
167440	5	14	124	0	0.0
167440	49	8	6	0	0.0
167440	1	10	469	10	0.021321961620469083
167440	5	29	4	0	0.0
167440	18	7	17	0	0.0
167440	2	36	140	5	0.03571428571428571
167440	30	7	266	0	0.0
167440	26	7	56	0	0.0
167440	1	12	45	0	0.0
167440	8	27	17	0	0.0
167440	24	7	612	0	0.0
167440	1	8	40	3	0.075
167440	7	29	118	0	0.0
167440	3	10	54	0	0.0
167440	8	25	19	0	0.0
167440	2	34	141	0	0.0
167440	3	12	10	0	0.0
167440	3	8	418	0	0.0
167440	42	3	5	0	0.0
167440	47	1	231	3	0.012987012987012988
167440	7	14	10	0	0.0
167440	7	51	89	3	0.033707865168539325
167440	5	16	318	0	0.0
167440	23	5	7	0	0.0
167440	22	5	2017	6	0.002974714923153198
167440	16	2	19	0	0.0
167440	46	1	146	7	0.04794520547945205
167440	6	14	1829	6	0.0032804811372334607
167440	6	51	327	2	0.0061162079510703364
167440	5	53	100	17	0.17
167440	37	5	13	7	0.5384615384615384
167440	36	5	123	2	0.016260162601626018
167440	4	16	18	0	0.0
167440	5	32	346	0	0.0
167440	6	48	8039	150	0.018659037193680807
167440	6	30	20858	1911	0.09161952248537732
167440	43	3	86	0	0.0
167440	7	48	23	2	0.08695652173913043
167440	33	7	441	0	0.0
167440	37	7	21	0	0.0
167440	7	34	777	0	0.0
167440	27	7	3	0	0.0
167440	9	4	7	0	0.0
167440	4	12	3	0	0.0
167440	3	34	504	0	0.0
167440	3	48	6	0	0.0
167440	6	29	656	70	0.10670731707317073
167440	4	8	651	0	0.0
167440	1	36	126	8	0.06349206349206349
167440	6	10	4	4	1.0
167440	23	7	26	0	0.0
167440	3	30	24	0	0.0
167440	2	10	2829	2	0.0007069635913750442
167440	1	32	3	0	0.0
167440	42	1	367	6	0.01634877384196185
167440	2	51	49	49	1.0
167440	33	5	286	4	0.013986013986013986
167440	26	5	183	1	0.00546448087431694
167440	13	2	101	2	0.019801980198019802
167440	8	23	234	0	0.0
167440	3	51	1	0	0.0
167440	46	3	31	0	0.0
167440	2	30	872	64	0.07339449541284404
167440	5	8	209	16	0.07655502392344497
167440	22	7	3194	6	0.001878522229179712
167440	36	7	1321	0	0.0
167440	7	10	8	1	0.125
167440	3	29	142	0	0.0
167440	4	34	856	0	0.0
167440	43	1	1828	119	0.0650984682713348
167440	2	48	2	0	0.0
167440	7	8	3402	0	0.0
167440	6	34	178	8	0.0449438202247191
167440	4	36	199	0	0.0
167440	1	29	1018	0	0.0
167440	6	36	70	6	0.08571428571428572
167440	5	10	2	2	1.0
167440	8	6	450	40	0.08888888888888889
167440	20	7	10522	3	0.00028511689792815053
167440	1	14	1	1	1.0
167440	50	3	4	0	0.0
167440	41	1	1744	34	0.0194954128440367
167440	39	2	3342	4	0.0011968880909634949
167440	44	3	10	0	0.0
167440	31	5	53	0	0.0
167440	40	1	1	0	0.0
167440	1	30	5	0	0.0
167440	49	6	864	8	0.009259259259259259
167440	8	21	2558	0	0.0
167440	18	5	151	1	0.006622516556291391
167440	19	5	1017	5	0.004916420845624385
167440	8	40	103	0	0.0
167440	3	32	18	0	0.0
167440	24	5	898	1	0.0011135857461024498
167440	11	2	878	7	0.007972665148063782
167440	9	6	3	1	0.3333333333333333
167440	2	53	1	0	0.0
167440	21	7	844	1	0.001184834123222749
167440	4	10	43	0	0.0
167440	7	50	108	3	0.027777777777777776
167440	35	7	255	1	0.00392156862745098
167440	8	38	31	0	0.0
167440	45	3	71	0	0.0
167440	5	17	34	0	0.0
167440	3	11	16	0	0.0
167440	33	1	391	16	0.04092071611253197
167440	7	15	27	0	0.0
167440	8	26	25	0	0.0
167440	1	9	105	0	0.0
167440	52	7	218	7	0.03211009174311927
167440	2	35	86	2	0.023255813953488372
167440	4	33	400	0	0.0
167440	5	52	5156	369	0.07156710628394104
167440	6	31	2	0	0.0
167440	7	28	80	0	0.0
167440	27	1	193	0	0.0
167440	1	13	54	0	0.0
167440	22	3	1182	0	0.0
167440	6	28	303	14	0.0462046204620462
167440	3	35	479	0	0.0
167440	1	37	6577	17	0.0025847650904667783
167440	16	8	8	0	0.0
167440	6	52	2087	17	0.008145663632007666
167440	26	1	1	0	0.0
167440	21	3	1261	0	0.0
167440	6	17	47	0	0.0
167440	23	3	253	0	0.0
167440	4	15	3	0	0.0
167440	28	4	28	0	0.0
167440	6	15	2542	3	0.0011801730920535012
167440	9	3	6	0	0.0
167440	6	50	772	3	0.0038860103626943004
167440	37	3	267	2	0.00749063670411985
167440	7	49	59	0	0.0
167440	24	1	33	0	0.0
167440	39	6	1	0	0.0
167440	14	8	2	0	0.0
167440	5	49	1739	134	0.07705577918343876
167440	1	35	97	12	0.12371134020618557
167440	5	28	64	0	0.0
167440	11	6	3	0	0.0
167440	40	5	1054	0	0.0
167440	29	8	615	0	0.0
167440	25	1	435	3	0.006896551724137931
167440	3	13	9	0	0.0
167440	28	8	239	0	0.0
167440	54	5	927	57	0.061488673139158574
167440	38	6	1077	18	0.016713091922005572
167440	31	1	3031	5	0.001649620587264929
167440	15	8	28	0	0.0
167440	8	24	2769	2	0.0007222824124232575
167440	4	31	13	0	0.0
167440	1	11	139	0	0.0
167440	8	19	1917	0	0.0
167440	2	37	1130	1	0.0008849557522123894
167440	19	1	17137	462	0.026959211063780124
167440	1	15	1	1	1.0
167440	2	33	495	6	0.012121212121212121
167440	40	7	85	0	0.0
167440	7	17	1	0	0.0
167440	5	15	303	7	0.0231023102310231
167440	6	33	148	5	0.033783783783783786
167440	8	20	2885	0	0.0
167440	20	3	966	0	0.0
167440	5	50	2047	288	0.14069369809477283
167440	44	7	1	0	0.0
167440	3	17	1	0	0.0
167440	11	4	4	0	0.0
167440	39	4	75	0	0.0
167440	21	1	3107	66	0.021242355970389443
167440	24	3	214	0	0.0
167440	7	9	1	0	0.0
167440	4	35	74	0	0.0
167440	45	5	1	1	1.0
167440	20	1	254	17	0.06692913385826772
167440	6	37	8	3	0.375
167440	10	8	10	0	0.0
167440	39	8	10	0	0.0
167440	25	3	251	0	0.0
167440	19	3	11617	36	0.0030989067745545323
167440	44	5	40	40	1.0
167440	31	3	1671	1	0.0005984440454817474
167440	27	3	29	0	0.0
167440	3	33	343	0	0.0
167440	2	31	114	0	0.0
167440	2	50	9	0	0.0
167440	4	37	34	0	0.0
167440	6	35	78	7	0.08974358974358974
167440	4	13	1	0	0.0
167440	3	28	5	0	0.0
167440	8	22	5086	1	0.00019661816751867872
167440	22	1	354	10	0.02824858757062147
167440	6	54	11444	40	0.003495281370150297
167440	23	1	834	4	0.004796163069544364
167440	6	41	4	0	0.0
167440	36	8	175	0	0.0
167440	4	43	23	0	0.0
167440	27	6	6	0	0.0
167440	3	15	1	0	0.0
167440	6	7	283	54	0.19081272084805653
167440	26	6	294	4	0.013605442176870748
167440	43	2	1613	3	0.0018598884066955983
167440	22	4	4195	0	0.0
167440	2	45	2779	5	0.0017992083483267362
167440	37	8	3	0	0.0
167440	7	39	17	0	0.0
167440	2	24	122	4	0.03278688524590164
167440	23	4	1596	0	0.0
167440	4	5	37	0	0.0
167440	2	3	165	4	0.024242424242424242
167440	42	2	348	2	0.005747126436781609
167440	4	20	784	0	0.0
167440	21	4	6300	0	0.0
167440	2	1	1966	287	0.14598168870803663
167440	35	8	147	0	0.0
167440	2	19	2945	39	0.013242784380305603
167440	6	20	3556	124	0.03487064116985377
167440	18	6	650	13	0.02
167440	6	22	7288	689	0.09453896816684962
167440	6	5	1878	576	0.30670926517571884
167440	39	1	2662	6	0.002253944402704733
167440	38	1	1	0	0.0
167440	25	6	2	0	0.0
167440	24	6	3745	326	0.08704939919893191
167440	1	3	1458	69	0.047325102880658436
167440	4	7	77	0	0.0
167440	5	7	1846	45	0.02437703141928494
167440	40	2	1	0	0.0
167440	34	8	487	0	0.0
167440	6	43	1	0	0.0
167440	8	54	1	0	0.0
167440	4	41	135	0	0.0
167440	19	6	151	12	0.07947019867549669
167440	41	2	8452	128	0.015144344533838144
167440	8	50	5	0	0.0
167440	2	47	11148	21	0.001883745963401507
167440	39	3	102	0	0.0
167440	24	4	692	0	0.0
167440	7	1	49	2	0.04081632653061224
167440	44	2	364	7	0.019230769230769232
167440	5	3	39	2	0.05128205128205128
167440	4	3	1066	0	0.0
167440	21	6	958	67	0.06993736951983298
167440	4	45	6	0	0.0
167440	25	4	96	0	0.0
167440	30	8	2122	0	0.0
167440	38	3	14	0	0.0
167440	6	1	38	34	0.8947368421052632
167440	2	5	29	26	0.896551724137931
167440	2	22	846	20	0.02364066193853428
167440	4	19	3408	0	0.0
167440	2	20	28	2	0.07142857142857142
167440	8	33	647	0	0.0
167440	2	7	15	1	0.06666666666666667
167440	4	1	163	3	0.018404907975460124
167440	32	8	14	0	0.0
167440	46	2	157	1	0.006369426751592357
167440	6	3	34	0	0.0
167440	4	26	2	0	0.0
167440	1	5	36	24	0.6666666666666666
167440	2	27	705	4	0.005673758865248227
167440	27	4	171	0	0.0
167440	8	52	3	0	0.0
167440	3	7	227	0	0.0
167440	23	6	53	4	0.07547169811320754
167440	4	6	86	2	0.023255813953488372
167440	38	7	207	0	0.0
167440	2	25	262	3	0.011450381679389313
167440	4	40	7	0	0.0
167440	5	38	1686	8	0.004744958481613286
167440	46	6	8	0	0.0
167440	53	8	2	0	0.0
167440	2	6	50	25	0.5
167440	23	2	3545	118	0.033286318758815235
167440	44	6	15	15	1.0
167440	42	4	15	0	0.0
167440	46	4	12	0	0.0
167440	8	51	9	0	0.0
167440	4	44	4	0	0.0
167440	21	2	13575	527	0.038821362799263355
169343	1	44	346	33	0.0953757225433526
169343	2	8	118	20	0.1694915254237288
169343	3	41	116	0	0.0
169343	2	9	2785	0	0.0
167440	4	2	339	7	0.02064896755162242
169343	4	48	1	0	0.0
167440	6	40	1301	13	0.009992313604919293
169343	8	48	428	0	0.0
169343	1	50	1	0	0.0
169343	7	25	17	0	0.0
169343	7	19	851	0	0.0
169343	7	31	156	0	0.0
169343	5	20	2524	46	0.018225039619651346
169343	5	34	60	1	0.016666666666666666
169343	2	28	3	0	0.0
169343	5	35	17	0	0.0
169343	1	51	1	1	1.0
169343	7	30	234	1	0.004273504273504274
169343	7	18	20	0	0.0
169343	3	40	4	0	0.0
169343	1	45	3386	238	0.07028942705256941
169343	7	24	216	1	0.004629629629629629
169343	1	47	369	31	0.08401084010840108
169343	7	32	60	0	0.0
169343	5	21	851	1	0.0011750881316098707
169343	3	8	38	0	0.0
169343	3	42	16	0	0.0
169343	8	49	8	0	0.0
169343	5	36	3	0	0.0
169343	5	23	17	0	0.0
169343	1	8	51	1	0.0196078431372549
169343	7	27	6	0	0.0
169343	7	26	238	0	0.0
169343	5	22	2944	11	0.003736413043478261
169343	3	43	19	0	0.0
169343	4	8	337	0	0.0
169343	1	46	369	27	0.07317073170731707
169343	7	33	477	0	0.0
169343	2	29	25428	4695	0.1846389806512506
169343	7	23	12	0	0.0
169343	4	9	19	0	0.0
169343	7	37	4	0	0.0
169343	2	13	62	0	0.0
169343	1	42	631	40	0.06339144215530904
169343	5	33	111	0	0.0
169343	5	32	7	0	0.0
169343	3	52	1	0	0.0
169343	7	8	2166	3	0.0013850415512465374
169343	1	43	246	23	0.09349593495934959
169343	2	12	116	0	0.0
169343	5	27	4	0	0.0
169343	5	26	23	0	0.0
169343	3	46	21	0	0.0
169343	7	36	865	0	0.0
169343	8	6	1391	281	0.20201294033069733
169343	5	8	895	5	0.00558659217877095
169343	7	22	2415	3	0.0012422360248447205
169343	7	34	183	0	0.0
169343	2	39	2093	8	0.003822264691829909
169343	7	20	3106	0	0.0
169343	3	44	12	0	0.0
169343	5	18	950	12	0.01263157894736842
169343	2	11	734	2	0.0027247956403269754
169343	1	40	3	0	0.0
169343	5	19	66	1	0.015151515151515152
169343	3	50	2	0	0.0
169343	2	10	6083	5	0.000821962847279303
169343	5	25	1	0	0.0
169343	5	24	1085	7	0.0064516129032258064
169343	5	30	1640	8	0.004878048780487805
169343	1	41	4902	91	0.018563851489188085
169343	3	51	1	0	0.0
169343	3	45	71	0	0.0
169343	6	49	2611	86	0.03293757181156645
169343	7	35	45	0	0.0
169343	3	22	1030	0	0.0
169343	7	21	2537	0	0.0
169343	6	48	19699	528	0.026803391035077923
169343	7	52	400	0	0.0
169343	3	36	150	1	0.006666666666666667
169343	1	27	83	2	0.024096385542168676
169343	1	32	1	0	0.0
169343	1	26	2	0	0.0
169343	5	43	1	0	0.0
169343	1	33	678	67	0.09882005899705015
169343	8	16	6	0	0.0
169343	3	37	830	0	0.0
169343	4	16	1	0	0.0
169343	1	9	273	0	0.0
169343	3	23	176	0	0.0
169343	7	45	2	1	0.5
169343	7	51	61	0	0.0
169343	7	53	26	0	0.0
169343	3	35	552	0	0.0
169343	3	21	4790	0	0.0
169343	4	28	18	0	0.0
169343	4	14	1	0	0.0
169343	3	9	30	0	0.0
169343	1	30	22	0	0.0
169343	6	39	5	0	0.0
169343	1	24	35	1	0.02857142857142857
169343	8	28	848	0	0.0
169343	1	25	1505	70	0.046511627906976744
169343	1	31	814	0	0.0
169343	8	14	7	0	0.0
169343	5	40	1538	4	0.002600780234070221
169343	2	48	1	0	0.0
169343	6	10	4	0	0.0
169343	4	15	2	0	0.0
169343	8	29	225	0	0.0
169343	5	54	611	63	0.10310965630114566
169343	6	38	927	28	0.030204962243797196
169343	8	15	68	0	0.0
169343	1	19	7795	324	0.041565105837075046
169343	3	20	2332	0	0.0
169343	4	29	2760	0	0.0
169343	4	11	21	0	0.0
169343	7	50	3	0	0.0
169343	7	40	138	2	0.014492753623188406
169343	6	14	3361	16	0.0047604879500148765
169343	8	39	21	0	0.0
169343	4	39	291	0	0.0
169343	5	51	431	135	0.31322505800464034
169343	7	44	6	3	0.5
169343	3	34	453	1	0.002207505518763797
169343	1	35	114	5	0.043859649122807015
169343	6	28	8	1	0.125
169343	3	24	19	0	0.0
169343	3	30	11	0	0.0
169343	1	21	14140	995	0.07036775106082037
169343	6	29	643	141	0.2192846034214619
169343	3	31	207	0	0.0
169343	4	10	431	0	0.0
169343	5	44	20	9	0.45
169343	3	25	2660	0	0.0
169343	5	45	5	3	0.6
169343	6	15	2739	3	0.001095290251916758
169343	3	19	4069	0	0.0
169343	8	38	18	0	0.0
169343	8	10	31	0	0.0
169343	1	20	1436	52	0.036211699164345405
169343	1	34	626	44	0.07028753993610223
169343	7	41	1	0	0.0
169343	5	50	1442	220	0.15256588072122051
169343	7	43	2	0	0.0
169343	3	27	1137	0	0.0
169343	3	26	1	0	0.0
169343	4	12	1	0	0.0
169343	1	23	793	19	0.02395964691046658
169343	6	17	143	0	0.0
169343	3	32	12	0	0.0
169343	1	22	934	71	0.07601713062098502
169343	3	33	601	0	0.0
169343	1	37	7773	75	0.0096487842531841
169343	5	53	200	30	0.15
169343	5	52	4307	349	0.08103087996285117
169343	1	36	246	18	0.07317073170731707
169343	4	13	7	0	0.0
169343	6	16	2347	11	0.004686834256497656
169343	4	36	48	0	0.0
169343	4	22	3356	0	0.0
169343	1	12	44	4	0.09090909090909091
169343	8	36	6	0	0.0
169343	6	33	146	20	0.136986301369863
169343	2	43	1698	2	0.001177856301531213
169343	8	22	4278	5	0.0011687704534829358
169343	2	42	900	9	0.01
169343	8	37	12	0	0.0
169343	6	7	395	36	0.09113924050632911
169343	6	27	14	1	0.07142857142857142
169343	6	32	1	0	0.0
169343	6	26	1	0	0.0
169343	1	13	39	0	0.0
169343	8	23	113	0	0.0
169343	4	37	227	0	0.0
169343	4	23	1551	0	0.0
169343	3	28	5	0	0.0
169343	4	5	44	0	0.0
169343	4	35	19	0	0.0
169343	2	3	498	90	0.18072289156626506
169343	2	1	2038	370	0.1815505397448479
169343	8	35	48	0	0.0
169343	1	11	352	0	0.0
169343	6	18	1085	3	0.0027649769585253456
169343	4	21	12148	0	0.0
169343	6	24	1220	368	0.3016393442622951
169343	6	5	4027	776	0.19269927986093865
169343	8	21	4139	0	0.0
169343	1	39	2314	0	0.0
169343	5	7	2033	20	0.009837678307919331
169343	2	40	1	0	0.0
169343	4	7	41	0	0.0
169343	6	25	5	0	0.0
169343	5	49	516	42	0.08139534883720931
169343	6	19	18	4	0.2222222222222222
169343	8	20	77	1	0.012987012987012988
169343	1	10	721	7	0.009708737864077669
169343	4	34	435	0	0.0
169343	8	34	118	0	0.0
169343	5	48	5307	330	0.06218202374222725
169343	4	20	535	0	0.0
169343	3	15	2	0	0.0
169343	1	3	2376	308	0.12962962962962962
169343	6	30	16142	3041	0.18839053401065542
169343	2	41	13638	403	0.02954978735885027
169343	3	29	1182	0	0.0
169343	4	24	291	0	0.0
169343	7	1	70	9	0.12857142857142856
169343	4	30	395	0	0.0
169343	7	49	10	0	0.0
169343	5	3	22	1	0.045454545454545456
169343	3	39	509	0	0.0
169343	1	28	3	0	0.0
169343	6	35	67	9	0.13432835820895522
169343	6	21	2257	293	0.12981834293309702
169343	8	18	1	0	0.0
169343	3	11	40	0	0.0
169343	8	30	2698	1	0.00037064492216456633
169343	6	34	54	14	0.25925925925925924
169343	8	24	3284	2	0.0006090133982947625
169343	2	50	5	1	0.2
169343	2	44	745	4	0.005369127516778523
169343	2	5	47	20	0.425531914893617
169343	8	19	108	0	0.0
169343	6	20	369	23	0.06233062330623306
169343	2	45	1980	0	0.0
169343	8	25	15	0	0.0
169343	3	10	409	0	0.0
169343	1	29	4406	0	0.0
169343	4	19	685	0	0.0
169343	4	3	1241	0	0.0
169343	4	27	1933	0	0.0
169343	4	1	605	33	0.05454545454545454
169343	6	1	19	2	0.10526315789473684
169343	7	48	232	0	0.0
169343	4	25	634	0	0.0
169343	3	12	10	0	0.0
169343	4	33	330	0	0.0
169343	6	3	13	3	0.23076923076923078
169343	6	36	1	0	0.0
169343	8	27	34	0	0.0
169343	2	46	564	2	0.0035460992907801418
169343	8	33	227	0	0.0
169343	2	7	25	6	0.24
169343	6	22	8174	1418	0.1734768779055542
169343	3	7	345	0	0.0
169343	4	6	88	14	0.1590909090909091
169343	8	26	35	0	0.0
169343	2	53	8	0	0.0
169343	3	13	1	0	0.0
169343	6	23	16	0	0.0
169343	6	37	1	0	0.0
169343	7	38	51	0	0.0
169343	1	5	44	10	0.22727272727272727
169343	7	10	7	0	0.0
169343	4	41	265	0	0.0
169343	5	29	4	0	0.0
169343	6	50	2103	4	0.0019020446980504042
169343	2	47	7284	0	0.0
169343	6	51	235	1	0.00425531914893617
169343	5	28	14	0	0.0
169343	2	20	52	9	0.17307692307692307
169343	5	14	819	8	0.009768009768009768
169343	4	40	10	0	0.0
169343	5	15	2308	113	0.048960138648180246
169343	8	40	260	0	0.0
169343	2	34	161	11	0.06832298136645963
169343	7	39	4	0	0.0
169343	2	35	30	0	0.0
169343	6	47	10	0	0.0
169343	4	42	45	0	0.0
169343	2	37	1356	0	0.0
169343	6	46	1	0	0.0
169343	5	17	147	11	0.07482993197278912
169343	6	52	1551	5	0.003223726627981947
169343	6	53	99	0	0.0
169343	2	23	1289	205	0.1590380139643134
169343	2	22	2075	241	0.116144578313253
169343	5	16	1933	3	0.0015519917227108122
169343	2	36	113	3	0.02654867256637168
169343	4	43	8	0	0.0
169343	2	21	27470	3632	0.13221696396068439
169343	7	16	38	0	0.0
169343	2	6	82	16	0.1951219512195122
169343	8	53	4	0	0.0
169343	2	27	496	2	0.004032258064516129
169343	2	33	367	71	0.19346049046321526
169343	6	43	6	0	0.0
169343	8	44	1	0	0.0
169343	4	46	8	0	0.0
169343	2	31	17	0	0.0
169343	2	25	325	6	0.018461538461538463
169343	7	15	338	0	0.0
169343	7	29	52	0	0.0
169343	5	10	2	0	0.0
169343	4	52	1	0	0.0
169343	8	50	5	0	0.0
169343	7	17	34	0	0.0
169343	4	44	15	0	0.0
169343	5	38	2022	8	0.003956478733926805
169343	2	24	140	19	0.1357142857142857
169343	2	30	1134	129	0.11375661375661375
169343	5	39	1	0	0.0
169343	4	45	10	0	0.0
169343	4	2	1522	355	0.23324572930354795
169343	2	19	1656	21	0.012681159420289856
169343	6	40	531	18	0.03389830508474576
169343	7	14	73	0	0.0
169343	8	51	1	0	0.0
169444	2	8	34	1	0.029411764705882353
169343	7	28	79	0	0.0
169444	4	48	8	0	0.0
169444	7	19	23	0	0.0
169444	3	41	237	0	0.0
169444	5	20	4	0	0.0
169444	8	48	381	1	0.0026246719160104987
169343	6	54	5576	14	0.002510760401721664
169444	1	44	815	72	0.08834355828220859
169444	2	15	12	11	0.9166666666666666
169444	2	9	3913	23	0.005877843087145413
169444	5	34	15	0	0.0
169444	2	14	31	4	0.12903225806451613
169444	2	28	3	0	0.0
169444	8	49	10	0	0.0
169444	5	21	3	0	0.0
169444	1	8	8	0	0.0
169444	7	18	9	0	0.0
169444	7	30	432	0	0.0
169444	2	16	128	9	0.0703125
169444	5	37	7	4	0.5714285714285714
169444	3	42	35	0	0.0
169444	1	47	1333	25	0.018754688672168042
169444	1	46	59	4	0.06779661016949153
169444	7	24	4	0	0.0
169444	1	45	6799	481	0.07074569789674952
169444	5	22	691	0	0.0
169444	3	43	58	0	0.0
169444	7	33	2	0	0.0
169444	2	29	21943	4031	0.18370323109875586
169444	4	9	11	0	0.0
169444	4	8	43	0	0.0
169444	7	37	3	0	0.0
169444	5	26	1	0	0.0
169444	2	13	164	10	0.06097560975609756
169444	3	46	36	0	0.0
169444	1	42	3236	221	0.06829419035846725
169444	7	34	2	0	0.0
169444	7	20	3	0	0.0
169444	3	44	22	0	0.0
169444	5	8	119	32	0.2689075630252101
169444	2	12	82	0	0.0
169444	8	6	423	39	0.09219858156028368
169444	7	22	34	3	0.08823529411764706
169444	7	8	3199	0	0.0
169444	1	43	2203	173	0.07852927825692238
169444	1	41	5822	171	0.029371350051528685
169444	3	52	1	0	0.0
169444	2	38	1	0	0.0
169444	2	10	3607	27	0.00748544496811755
169444	2	11	2346	104	0.0443307757885763
169444	5	24	4	0	0.0
169444	6	9	42	2	0.047619047619047616
169444	5	30	455	0	0.0
169444	1	40	1	0	0.0
169444	7	52	227	1	0.004405286343612335
169444	2	39	3254	8	0.002458512599877074
169444	5	18	407	3	0.007371007371007371
169444	7	21	4	0	0.0
169444	3	45	333	0	0.0
169444	6	49	1252	47	0.037539936102236424
169444	3	22	25	0	0.0
169444	3	36	3	0	0.0
169444	1	27	263	0	0.0
169444	5	43	6	6	1.0
169444	7	45	9	5	0.5555555555555556
169444	8	16	31	0	0.0
169444	7	53	2	0	0.0
169444	1	9	189	1	0.005291005291005291
169444	3	23	316	0	0.0
169444	1	33	443	0	0.0
169444	6	48	16195	1510	0.0932386539055264
169444	3	37	23	0	0.0
169444	4	16	72	0	0.0
169444	7	51	53	0	0.0
169444	3	9	7	0	0.0
169444	4	28	12	0	0.0
169444	4	14	9	0	0.0
169444	6	39	31	4	0.12903225806451613
169444	3	21	136	0	0.0
169444	8	28	92	0	0.0
169444	6	10	6	0	0.0
169444	1	24	49	0	0.0
169444	8	14	5	0	0.0
169444	1	30	57	0	0.0
169444	1	19	1501	2	0.0013324450366422385
169444	6	11	70	5	0.07142857142857142
169444	1	25	694	1	0.001440922190201729
169444	5	40	5042	0	0.0
169444	8	15	24	0	0.0
169444	8	29	660	0	0.0
169444	5	54	2566	118	0.04598597038191738
169444	6	38	809	44	0.054388133498145856
169444	2	48	14	0	0.0
169444	3	34	3	0	0.0
169444	4	29	4459	0	0.0
169444	7	44	15	9	0.6
169444	7	40	2	0	0.0
169444	7	50	124	0	0.0
169444	5	44	73	61	0.8356164383561644
169444	4	39	707	0	0.0
169444	6	14	2774	4	0.0014419610670511895
169444	6	28	34	2	0.058823529411764705
169444	1	21	2694	0	0.0
169444	1	35	5	0	0.0
169444	5	45	25	19	0.76
169444	5	51	1033	72	0.0696999031945789
169444	8	11	17	0	0.0
169444	3	30	9	0	0.0
169444	8	39	20	0	0.0
169444	4	11	97	0	0.0
169444	5	50	3993	297	0.0743801652892562
169444	7	9	2	0	0.0
169444	3	33	60	0	0.0
169444	6	29	1920	390	0.203125
169444	1	36	5	0	0.0
169444	4	10	53	0	0.0
169444	3	27	118	0	0.0
169444	7	43	1	1	1.0
169444	1	22	147	0	0.0
169444	8	10	1	0	0.0
169444	1	34	11	0	0.0
169444	8	38	21	1	0.047619047619047616
169444	3	19	1302	0	0.0
169444	3	25	157	0	0.0
169444	6	15	1568	12	0.007653061224489796
169444	5	53	40	3	0.075
169444	1	23	48	0	0.0
169444	4	13	36	0	0.0
169444	1	37	2751	12	0.004362050163576881
169444	1	12	30	0	0.0
169444	5	52	10957	815	0.0743816738158255
169444	4	22	612	0	0.0
169444	4	36	36	0	0.0
169444	6	33	15	0	0.0
169444	8	22	473	0	0.0
169444	6	7	334	31	0.09281437125748503
169444	6	27	85	2	0.023529411764705882
169444	6	16	5219	43	0.008239126269400269
169444	4	21	1070	0	0.0
169444	1	13	156	1	0.00641025641025641
169444	4	23	880	0	0.0
169444	2	1	3679	396	0.10763794509377549
169444	4	37	4	0	0.0
169444	8	23	227	0	0.0
169444	2	3	371	1	0.0026954177897574125
169444	3	16	3	0	0.0
169444	2	42	2905	216	0.07435456110154905
169444	2	43	1332	75	0.05630630630630631
169444	1	11	470	8	0.01702127659574468
169444	8	35	2	0	0.0
169444	6	18	1002	16	0.015968063872255488
169444	4	35	12	0	0.0
169444	6	5	3854	705	0.18292682926829268
169444	8	21	416	0	0.0
169444	6	24	365	41	0.11232876712328767
169444	1	39	3584	0	0.0
169444	5	49	1778	108	0.06074240719910011
169444	5	7	459	25	0.054466230936819175
169444	5	48	4902	312	0.06364749082007344
169444	7	1	8	1	0.125
169444	6	19	2	0	0.0
169444	4	34	50	0	0.0
169444	3	11	58	0	0.0
169444	4	30	892	0	0.0
169444	4	24	315	0	0.0
169444	1	3	2360	3	0.001271186440677966
169444	8	34	3	0	0.0
169444	4	20	7	0	0.0
169444	1	10	2321	82	0.03532959931064197
169444	3	29	189	0	0.0
169444	5	3	2	0	0.0
169444	7	49	37	0	0.0
169444	2	41	16133	3562	0.22078968573730862
169444	3	39	37	0	0.0
169444	6	30	27486	3541	0.1288292221494579
169444	1	28	2	0	0.0
169444	8	24	238	0	0.0
169444	6	21	1098	253	0.23041894353369763
169444	8	30	2851	0	0.0
169444	1	15	6	6	1.0
169444	6	35	5	0	0.0
169444	8	25	6	0	0.0
169444	2	45	1918	35	0.01824817518248175
169444	8	19	16	0	0.0
169444	2	44	998	80	0.08016032064128256
169444	8	18	25	0	0.0
169444	2	5	92	86	0.9347826086956522
169444	2	50	3	1	0.3333333333333333
169444	2	51	2	1	0.5
169444	6	34	3	1	0.3333333333333333
169444	1	29	1079	0	0.0
169444	4	19	594	0	0.0
169444	3	10	137	0	0.0
169444	4	33	160	0	0.0
169444	4	25	84	0	0.0
169444	7	48	155	4	0.025806451612903226
169444	6	3	8	0	0.0
169444	4	27	913	0	0.0
169444	4	3	3017	0	0.0
169444	6	1	5	2	0.4
169444	8	27	35	0	0.0
169444	6	36	3	0	0.0
169444	4	1	468	2	0.004273504273504274
169444	8	33	47	0	0.0
169444	3	12	5	0	0.0
169444	2	52	2	1	0.5
169444	6	22	8239	1050	0.1274426508071368
169444	2	46	104	24	0.23076923076923078
169444	3	7	74	0	0.0
169444	2	7	15	9	0.6
169444	6	44	15	11	0.7333333333333333
169444	1	5	89	38	0.42696629213483145
169444	7	10	6	3	0.5
169444	4	41	750	0	0.0
169444	3	48	3	0	0.0
169444	3	13	10	0	0.0
169444	4	6	68	5	0.07352941176470588
169444	6	50	1766	28	0.015855039637599093
169444	6	23	206	29	0.1407766990291262
169444	8	41	11	0	0.0
169444	7	38	354	0	0.0
169444	2	47	8354	527	0.06308355278908308
169444	2	34	18	0	0.0
169444	5	29	9	0	0.0
169444	5	28	2	0	0.0
169444	5	15	7598	983	0.12937615161884705
169444	5	14	218	2	0.009174311926605505
169444	2	36	8	0	0.0
169444	2	35	7	0	0.0
169444	6	45	6	1	0.16666666666666666
169444	5	16	1126	0	0.0
169444	7	11	2	0	0.0
169444	6	53	35	1	0.02857142857142857
169444	8	40	12	0	0.0
169444	4	42	94	0	0.0
169444	8	54	21	0	0.0
169444	2	37	664	0	0.0
169444	6	51	596	32	0.053691275167785234
169444	2	21	6245	421	0.06741393114491594
169444	2	23	345	30	0.08695652173913043
169444	2	22	512	29	0.056640625
169444	6	46	90	4	0.044444444444444446
169444	6	52	4405	26	0.005902383654937571
169444	2	6	82	19	0.23170731707317074
169444	4	47	13	0	0.0
169444	4	43	25	0	0.0
169444	8	53	1	1	1.0
169444	8	52	35	0	0.0
169444	7	16	38	0	0.0
169444	4	44	7	0	0.0
169444	6	41	28	0	0.0
169444	2	27	1194	42	0.035175879396984924
169444	6	43	34	0	0.0
169444	7	15	160	0	0.0
169444	7	29	36	0	0.0
169444	2	33	464	4	0.008620689655172414
169444	4	46	2	0	0.0
169444	8	9	10	0	0.0
169444	5	11	3	3	1.0
169444	8	50	24	0	0.0
169444	2	25	317	5	0.015772870662460567
169444	5	10	32	26	0.8125
169444	5	38	5318	11	0.002068446784505453
169444	8	51	6	0	0.0
169444	2	24	116	2	0.017241379310344827
169444	2	19	438	3	0.00684931506849315
169444	6	40	254	9	0.03543307086614173
169444	6	54	4689	112	0.023885689912561313
169444	4	2	805	18	0.02236024844720497
169444	2	30	1264	107	0.08465189873417721
169444	4	45	14	0	0.0
169747	2	8	111	12	0.10810810810810811
169747	7	25	59	0	0.0
169747	3	41	58	0	0.0
169747	7	31	64	0	0.0
169747	4	48	5	0	0.0
169444	7	14	14	0	0.0
169747	2	9	5185	69	0.013307618129218901
169747	8	48	576	0	0.0
169747	1	44	305	21	0.06885245901639345
169747	7	19	1551	0	0.0
169747	5	34	109	1	0.009174311926605505
169747	2	15	40	38	0.95
169747	2	14	5	4	0.8
169747	2	29	13075	2862	0.21889101338432124
169747	5	20	11310	96	0.008488063660477453
169747	5	35	82	0	0.0
169747	1	45	2898	307	0.10593512767425811
169747	5	21	459	0	0.0
169747	7	30	486	0	0.0
169747	3	40	21	0	0.0
169747	3	8	45	0	0.0
169747	1	51	54	54	1.0
169747	1	8	154	7	0.045454545454545456
169747	2	28	123	4	0.032520325203252036
169747	8	49	68	0	0.0
169747	7	24	229	0	0.0
169747	7	18	8	0	0.0
169747	7	26	209	0	0.0
169747	7	32	130	0	0.0
169747	3	43	3	0	0.0
169747	5	23	137	0	0.0
169747	3	42	21	0	0.0
169747	1	47	275	16	0.05818181818181818
169747	1	46	124	9	0.07258064516129033
169747	5	37	14	12	0.8571428571428571
169747	7	27	8	0	0.0
169747	2	16	10	7	0.7
169747	4	8	182	0	0.0
169747	7	33	115	0	0.0
169747	7	37	32	0	0.0
169747	5	36	175	0	0.0
169747	4	9	17	0	0.0
169747	5	32	24	0	0.0
169747	1	42	1610	148	0.09192546583850932
169747	5	27	17	0	0.0
169747	7	23	26	0	0.0
169747	7	22	746	3	0.004021447721179625
169747	2	13	194	17	0.08762886597938144
169747	5	26	1292	0	0.0
169747	1	43	445	62	0.1393258426966292
169747	3	46	28	0	0.0
169747	5	33	248	1	0.004032258064516129
169747	2	12	215	13	0.06046511627906977
169747	7	36	503	0	0.0
169747	5	22	4324	26	0.006012950971322849
169747	5	8	429	61	0.14219114219114218
169747	7	20	3928	2	0.0005091649694501018
169747	3	50	2	0	0.0
169747	5	31	7	0	0.0
169747	2	38	7	3	0.42857142857142855
169747	5	25	48	0	0.0
169747	8	6	1960	247	0.12602040816326532
169747	1	41	2968	252	0.08490566037735849
169747	3	44	11	0	0.0
169747	5	19	279	1	0.0035842293906810036
169747	7	34	153	2	0.013071895424836602
169747	6	48	8278	714	0.08625271804783764
169747	5	30	3775	0	0.0
169747	1	40	33	0	0.0
169747	7	8	2417	1	0.0004137360364087712
169747	2	39	3891	19	0.004883063479825238
169747	2	10	3680	43	0.011684782608695652
169747	5	24	163	0	0.0
169747	2	11	3617	326	0.09012994194083494
169747	5	18	302	2	0.006622516556291391
169747	7	35	139	0	0.0
169747	6	49	1626	80	0.04920049200492005
169747	1	33	137	4	0.029197080291970802
169747	3	36	63	0	0.0
169747	3	22	478	0	0.0
169747	1	27	242	1	0.004132231404958678
169747	7	52	65	2	0.03076923076923077
169747	3	37	465	4	0.008602150537634409
169747	1	32	82	0	0.0
169747	8	16	25	0	0.0
169747	1	9	298	1	0.003355704697986577
169747	1	26	36	1	0.027777777777777776
169747	4	16	6	0	0.0
169747	6	9	6	4	0.6666666666666666
169747	3	45	39	0	0.0
169747	7	21	124	0	0.0
169747	7	53	6	0	0.0
169747	3	23	303	0	0.0
169747	7	51	54	0	0.0
169747	4	28	181	0	0.0
169747	4	14	2	0	0.0
169747	1	18	1	1	1.0
169747	1	30	62	0	0.0
169747	8	14	10	0	0.0
169747	8	28	327	0	0.0
169747	3	9	29	0	0.0
169747	3	21	157	0	0.0
169747	5	54	996	66	0.06626506024096386
169747	6	39	167	14	0.08383233532934131
169747	3	35	358	0	0.0
169747	1	24	232	1	0.004310344827586207
169747	6	11	11	4	0.36363636363636365
169747	2	48	1	0	0.0
169747	6	10	65	63	0.9692307692307692
169747	5	40	1977	1	0.0005058168942842691
169747	1	19	8438	246	0.029153827921308367
169747	4	15	8	0	0.0
169747	8	29	503	0	0.0
169747	6	38	1488	88	0.05913978494623656
169747	1	25	3927	143	0.036414565826330535
169747	1	31	238	0	0.0
169747	3	20	1058	0	0.0
169747	3	34	124	0	0.0
169747	4	29	1787	0	0.0
169747	7	50	32	0	0.0
169747	3	24	60	0	0.0
169747	7	40	61	0	0.0
169747	4	11	109	0	0.0
169747	7	44	2	0	0.0
169747	8	15	116	0	0.0
169747	3	30	6	0	0.0
169747	4	39	1363	0	0.0
169747	1	35	74	8	0.10810810810810811
169747	8	39	167	0	0.0
169747	6	14	3223	9	0.0027924294135898233
169747	1	21	2643	19	0.007188800605372683
169747	8	11	1	0	0.0
169747	1	34	315	15	0.047619047619047616
169747	5	44	65	60	0.9230769230769231
169747	6	28	372	32	0.08602150537634409
169747	6	15	3146	23	0.007310870947234584
169747	6	29	2618	339	0.1294881588999236
169747	1	20	768	27	0.03515625
169747	5	50	451	97	0.21507760532150777
169747	5	51	223	40	0.17937219730941703
169747	8	10	2	0	0.0
169747	7	9	1	0	0.0
169747	8	38	202	1	0.0049504950495049506
169747	4	38	1	0	0.0
169747	3	31	483	0	0.0
169747	3	25	581	0	0.0
169747	4	10	144	0	0.0
169747	7	43	16	0	0.0
169747	4	12	9	0	0.0
169747	3	27	22	0	0.0
169747	6	17	141	0	0.0
169747	3	33	182	0	0.0
169747	3	19	14642	9	0.0006146701270318262
169747	1	36	89	1	0.011235955056179775
169747	5	9	1	1	1.0
169747	5	53	40	13	0.325
169747	1	22	1627	50	0.03073140749846343
169747	6	16	2573	43	0.01671200932763311
169747	1	37	9777	28	0.0028638641710136033
169747	1	23	1335	12	0.008988764044943821
169747	3	32	4	0	0.0
169747	4	13	11	0	0.0
169747	3	26	24	0	0.0
169747	5	52	6210	1183	0.19049919484702094
169747	4	36	81	0	0.0
169747	6	33	346	40	0.11560693641618497
169747	4	22	2669	0	0.0
169747	8	36	39	0	0.0
169747	8	22	2102	1	0.0004757373929590866
169747	1	12	52	1	0.019230769230769232
169747	2	43	287	17	0.059233449477351915
169747	6	27	249	8	0.0321285140562249
169747	6	32	6	1	0.16666666666666666
169747	4	5	93	0	0.0
169747	6	7	543	50	0.09208103130755065
169747	2	42	2519	138	0.05478364430329496
169747	1	13	14	0	0.0
169747	6	26	625	1	0.0016
169747	4	23	1382	0	0.0
169747	8	23	660	0	0.0
169747	2	1	3333	495	0.1485148514851485
169747	4	37	184	0	0.0
169747	2	3	337	6	0.017804154302670624
169747	3	28	50	0	0.0
169747	4	35	33	0	0.0
169747	4	21	1029	0	0.0
169747	6	18	635	14	0.02204724409448819
169747	6	24	175	24	0.13714285714285715
169747	1	11	544	1	0.001838235294117647
169747	4	7	43	0	0.0
169747	5	49	1411	281	0.1991495393338058
169747	1	39	6980	25	0.0035816618911174787
169747	8	35	73	0	0.0
169747	5	48	3388	389	0.11481700118063755
169747	6	30	17397	3767	0.21653158590561591
169747	6	5	3111	932	0.2995821279331405
169747	8	21	1355	0	0.0
169747	5	7	2190	19	0.008675799086757991
169747	2	40	51	4	0.0784313725490196
169747	2	41	9048	973	0.10753757736516358
169747	6	25	86	3	0.03488372093023256
169747	4	34	328	0	0.0
169747	8	20	501	1	0.001996007984031936
169747	1	38	4	2	0.5
169747	1	10	821	40	0.048721071863580996
169747	6	19	325	26	0.08
169747	1	3	2637	51	0.019340159271899887
169747	7	1	76	7	0.09210526315789473
169747	4	24	477	0	0.0
169747	8	34	48	0	0.0
169747	4	30	595	0	0.0
169747	4	20	1231	0	0.0
169747	3	29	276	0	0.0
169747	3	15	2	0	0.0
169747	7	49	17	1	0.058823529411764705
169747	3	39	215	0	0.0
169747	3	11	64	0	0.0
169747	6	21	3714	379	0.1020463112547119
169747	8	18	12	0	0.0
169747	2	44	496	25	0.05040322580645161
169747	5	3	48	0	0.0
169747	6	35	168	24	0.14285714285714285
169747	1	28	110	2	0.01818181818181818
169747	8	25	167	0	0.0
169747	2	51	16	15	0.9375
169747	2	50	3	0	0.0
169747	2	5	119	43	0.36134453781512604
169747	8	30	2750	0	0.0
169747	8	19	1147	0	0.0
169747	8	24	1339	0	0.0
169747	1	15	8	6	0.75
169747	6	34	99	11	0.1111111111111111
169747	2	45	2758	32	0.011602610587382161
169747	1	29	1548	3	0.001937984496124031
169747	6	20	4531	77	0.01699404105054072
169747	3	38	2	0	0.0
169747	4	19	3173	0	0.0
169747	4	1	790	8	0.010126582278481013
169747	3	10	47	0	0.0
169747	4	33	48	0	0.0
169747	4	25	468	0	0.0
169747	4	27	1554	0	0.0
169747	7	48	31	0	0.0
169747	4	3	1837	0	0.0
169747	6	36	92	6	0.06521739130434782
169747	6	3	33	4	0.12121212121212122
169747	3	12	2	0	0.0
169747	6	1	137	38	0.2773722627737226
169747	8	27	198	0	0.0
169747	8	33	147	0	0.0
169747	6	22	7220	1501	0.20789473684210527
169747	3	7	64	0	0.0
169747	2	7	24	1	0.041666666666666664
169747	2	47	4636	196	0.04227782571182054
169747	4	6	127	16	0.12598425196850394
169747	1	5	78	22	0.28205128205128205
169747	2	53	3	0	0.0
169747	2	46	149	20	0.1342281879194631
169747	8	26	50	0	0.0
169747	1	16	1	1	1.0
169747	7	38	231	0	0.0
169747	6	23	1004	138	0.13745019920318724
169747	7	10	6	3	0.5
169747	4	26	44	0	0.0
169747	6	37	1	1	1.0
169747	4	41	500	0	0.0
169747	6	50	225	8	0.035555555555555556
169747	5	29	86	0	0.0
169747	2	20	91	2	0.02197802197802198
169747	2	34	241	10	0.04149377593360996
169747	6	44	2	0	0.0
169747	5	14	369	3	0.008130081300813009
169747	8	40	240	0	0.0
169747	5	28	308	4	0.012987012987012988
169747	6	51	378	8	0.021164021164021163
169747	7	39	17	0	0.0
169747	4	40	76	0	0.0
169747	8	54	55	0	0.0
169747	2	35	47	5	0.10638297872340426
169747	5	15	864	65	0.07523148148148148
169747	6	53	24	1	0.041666666666666664
169747	2	37	2171	6	0.0027637033625057578
169747	2	21	3969	482	0.12144116906021668
169747	4	42	36	0	0.0
169747	2	23	2600	230	0.08846153846153847
169747	2	36	55	4	0.07272727272727272
169747	2	22	2146	173	0.08061509785647716
169747	5	17	47	1	0.02127659574468085
169747	2	26	16	0	0.0
169747	4	43	10	0	0.0
169747	7	16	16	1	0.0625
169747	6	52	2476	50	0.020193861066235864
169747	4	47	22	0	0.0
169747	6	46	57	1	0.017543859649122806
169747	2	32	11	0	0.0
169747	2	6	253	130	0.5138339920948617
169747	8	53	1	0	0.0
169747	2	33	93	13	0.13978494623655913
169747	5	16	1090	0	0.0
169747	8	52	19	0	0.0
169747	2	27	940	76	0.08085106382978724
169747	4	46	9	0	0.0
169747	6	43	7	0	0.0
169747	7	17	1	0	0.0
169747	7	29	12	0	0.0
169747	7	15	310	0	0.0
169747	4	44	3	0	0.0
169747	6	41	12	0	0.0
169747	2	25	1398	13	0.009298998569384835
169747	2	18	6	6	1.0
169747	2	31	40	0	0.0
169747	8	50	20	0	0.0
169747	5	10	17	15	0.8823529411764706
169747	5	11	1	1	1.0
169747	5	38	3301	36	0.01090578612541654
169747	2	30	1748	71	0.04061784897025172
169747	8	51	21	0	0.0
169747	4	2	1205	81	0.06721991701244813
169747	2	24	368	19	0.051630434782608696
169747	2	19	3014	84	0.027869940278699403
169747	6	40	993	3	0.0030211480362537764
169747	5	39	68	0	0.0
169747	6	54	7633	258	0.03380060264640377
169747	7	28	532	0	0.0
169747	4	45	16	0	0.0
169747	7	14	21	0	0.0
171633	31	7	387	0	0.0
171633	2	8	66	9	0.13636363636363635
171633	48	4	3	0	0.0
171633	1	34	177	5	0.02824858757062147
171633	3	36	129	0	0.0
171633	19	7	1002	0	0.0
171633	2	12	533	0	0.0
171633	5	48	2444	276	0.11292962356792144
171633	25	7	31	0	0.0
171633	4	29	2149	0	0.0
171633	41	3	164	0	0.0
171633	6	16	4109	167	0.04064249209053298
171633	35	5	30	0	0.0
171633	9	2	2821	7	0.0024813895781637717
171633	48	8	461	0	0.0
171633	15	2	17	17	1.0
171633	21	5	137	0	0.0
171633	4	14	4	0	0.0
171633	6	53	47	1	0.02127659574468085
171633	7	32	756	0	0.0
171633	44	1	203	11	0.054187192118226604
171633	50	1	25	0	0.0
171633	5	30	3147	4	0.001271051795360661
171633	28	2	20	0	0.0
171633	34	5	66	4	0.06060606060606061
171633	14	2	6	1	0.16666666666666666
171633	6	32	66	0	0.0
171633	20	5	12883	546	0.04238143289606458
171633	5	14	521	7	0.013435700575815739
171633	29	2	21161	2976	0.14063607579982043
171633	5	51	385	89	0.23116883116883116
171633	49	8	99	0	0.0
171633	51	1	48	48	1.0
171633	45	1	2104	94	0.04467680608365019
171633	8	25	74	0	0.0
171633	8	18	23	0	0.0
171633	7	16	74	0	0.0
171633	2	36	37	1	0.02702702702702703
171633	7	53	1	0	0.0
171633	40	3	23	0	0.0
171633	4	30	359	0	0.0
171633	1	10	1044	13	0.012452107279693486
171633	18	7	21	0	0.0
171633	5	29	7	0	0.0
171633	30	7	843	0	0.0
171633	3	12	10	0	0.0
171633	7	29	21	0	0.0
171633	42	3	12	0	0.0
171633	8	27	69	0	0.0
171633	1	8	25	2	0.08
171633	24	7	8072	0	0.0
171633	3	8	48	0	0.0
171633	1	12	176	0	0.0
171633	26	7	2221	0	0.0
171633	3	10	59	0	0.0
171633	2	34	150	15	0.1
171633	7	51	20	1	0.05
171633	5	53	20	3	0.15
171633	6	30	18972	4144	0.21842715580855998
171633	6	48	9040	795	0.08794247787610619
171633	7	14	32	0	0.0
171633	37	5	12	9	0.75
171633	5	16	2133	4	0.001875293014533521
171633	23	5	25	0	0.0
171633	4	32	1	0	0.0
171633	17	2	1	1	1.0
171633	36	5	12	0	0.0
171633	22	5	1280	56	0.04375
171633	6	51	715	5	0.006993006993006993
171633	47	1	860	119	0.13837209302325582
171633	5	32	522	15	0.028735632183908046
171633	16	2	52	3	0.057692307692307696
171633	53	1	2	0	0.0
171633	6	14	3160	18	0.00569620253164557
171633	4	53	1	0	0.0
171633	7	48	72	0	0.0
171633	46	1	53	3	0.05660377358490566
171633	52	1	14	14	1.0
171633	4	16	30	0	0.0
171633	1	36	29	0	0.0
171633	43	3	56	0	0.0
171633	6	29	467	38	0.08137044967880086
171633	3	34	384	0	0.0
171633	4	8	80	0	0.0
171633	27	7	8	0	0.0
171633	2	10	5161	7	0.0013563262933540012
171633	6	10	61	61	1.0
171633	23	7	128	0	0.0
171633	4	12	26	0	0.0
171633	37	7	26	0	0.0
171633	53	3	1	0	0.0
171633	9	4	19	0	0.0
171633	7	34	299	0	0.0
171633	3	48	1	0	0.0
171633	33	7	292	0	0.0
171633	42	1	678	30	0.04424778761061947
171633	3	30	58	0	0.0
171633	3	51	1	0	0.0
171633	13	2	325	1	0.003076923076923077
171633	2	48	2	0	0.0
171633	33	5	95	3	0.031578947368421054
171633	43	1	701	40	0.05706134094151213
171633	1	32	3	0	0.0
171633	26	5	1912	167	0.08734309623430962
171633	2	51	121	121	1.0
171633	2	30	343	17	0.04956268221574344
171633	46	3	18	0	0.0
171633	3	29	279	0	0.0
171633	7	8	4025	0	0.0
171633	8	23	274	0	0.0
171633	5	8	368	19	0.051630434782608696
171633	22	7	2240	0	0.0
171633	7	10	2	0	0.0
171633	36	7	1532	0	0.0
171633	4	36	52	0	0.0
171633	6	34	64	11	0.171875
171633	4	34	441	0	0.0
171633	8	6	589	108	0.1833616298811545
171633	38	2	1	0	0.0
171633	5	10	15	13	0.8666666666666667
171633	39	2	3402	33	0.009700176366843033
171633	1	14	2	2	1.0
171633	44	3	18	0	0.0
171633	31	5	42	0	0.0
171633	6	36	9	2	0.2222222222222222
171633	25	5	4	0	0.0
171633	19	5	63	1	0.015873015873015872
171633	50	3	2	0	0.0
171633	41	1	2578	97	0.03762606671838634
171633	8	21	1924	0	0.0
171633	1	29	1440	1	0.0006944444444444445
171633	20	7	12824	1	7.797878976918278e-05
171633	24	5	919	20	0.02176278563656148
171633	11	2	2940	28	0.009523809523809525
171633	1	48	1	1	1.0
171633	8	40	462	0	0.0
171633	2	53	53	0	0.0
171633	40	1	5	0	0.0
171633	18	5	1432	5	0.0034916201117318434
171633	45	3	110	0	0.0
171633	1	30	10	0	0.0
171633	35	7	181	0	0.0
171633	3	32	77	0	0.0
171633	21	7	502	0	0.0
171633	6	12	2	2	1.0
171633	7	15	64	0	0.0
171633	8	38	415	0	0.0
171633	4	33	214	0	0.0
171633	4	10	54	0	0.0
171633	9	6	2	1	0.5
171633	49	6	2585	149	0.057640232108317216
171633	7	50	8	0	0.0
171633	52	7	87	2	0.022988505747126436
171633	5	17	148	12	0.08108108108108109
171633	6	31	1	0	0.0
171633	3	11	76	0	0.0
171633	22	3	968	0	0.0
171633	27	1	195	1	0.005128205128205128
171633	17	8	2	0	0.0
171633	8	26	633	0	0.0
171633	2	35	16	0	0.0
171633	5	52	4041	614	0.15194258846820094
171633	33	1	223	12	0.053811659192825115
171633	43	5	11	11	1.0
171633	1	13	349	0	0.0
171633	3	35	1090	0	0.0
171633	1	37	8724	75	0.00859697386519945
171633	16	8	54	1	0.018518518518518517
171633	1	9	396	0	0.0
171633	6	28	1097	189	0.1722880583409298
171633	7	28	1431	0	0.0
171633	2	54	4	0	0.0
171633	42	5	2	2	1.0
171633	7	49	18	1	0.05555555555555555
171633	26	1	8	0	0.0
171633	37	3	354	0	0.0
171633	23	3	2751	0	0.0
171633	6	17	402	8	0.01990049751243781
171633	39	6	17	0	0.0
171633	9	3	22	0	0.0
171633	14	8	14	0	0.0
171633	28	4	115	0	0.0
171633	28	8	2050	0	0.0
171633	24	1	124	1	0.008064516129032258
171633	6	15	4220	52	0.012322274881516588
171633	21	3	2766	0	0.0
171633	45	7	2	0	0.0
171633	6	50	289	0	0.0
171633	4	15	3	0	0.0
171633	4	50	4	0	0.0
171633	6	52	3328	34	0.010216346153846154
171633	11	6	9	1	0.1111111111111111
171633	3	13	9	0	0.0
171633	1	35	26	1	0.038461538461538464
171633	15	8	86	0	0.0
171633	40	5	2570	38	0.014785992217898832
171633	29	8	244	0	0.0
171633	31	1	1161	1	0.0008613264427217916
171633	25	1	1503	75	0.0499001996007984
171633	5	28	664	22	0.03313253012048193
171633	54	5	877	85	0.09692132269099202
171633	41	5	3	3	1.0
171633	5	49	1449	313	0.21601104209799862
171633	1	11	1126	1	0.0008880994671403197
171633	38	6	2815	254	0.09023090586145649
171633	19	1	12757	557	0.04366230304930626
171633	8	24	3527	0	0.0
171633	7	17	12	0	0.0
171633	44	7	2	0	0.0
171633	4	31	72	0	0.0
171633	8	19	670	0	0.0
171633	2	37	2354	4	0.0016992353440951572
171633	5	15	1367	66	0.048280907095830286
171633	20	3	1568	0	0.0
171633	5	50	667	129	0.1934032983508246
171633	1	15	11	10	0.9090909090909091
171633	6	33	211	25	0.11848341232227488
171633	2	33	228	16	0.07017543859649122
171633	40	7	151	0	0.0
171633	11	4	90	0	0.0
171633	21	1	1822	28	0.015367727771679473
171633	24	3	358	0	0.0
171633	8	20	7267	0	0.0
171633	39	4	716	0	0.0
171633	39	8	27	0	0.0
171633	11	8	7	0	0.0
171633	5	11	1	1	1.0
171633	7	9	1	0	0.0
171633	1	28	21	0	0.0
171633	44	5	53	52	0.9811320754716981
171633	6	37	4	3	0.75
171633	4	35	24	0	0.0
171633	45	5	35	34	0.9714285714285714
171633	10	8	2	0	0.0
171633	8	41	26	0	0.0
171633	1	49	25	25	1.0
171633	20	1	182	3	0.016483516483516484
171633	31	3	3761	0	0.0
171633	38	4	5	0	0.0
171633	25	3	2624	0	0.0
171633	19	3	19528	24	0.0012290045063498567
171633	41	7	1	0	0.0
171633	27	3	386	0	0.0
171633	3	49	1	0	0.0
171633	43	7	6	0	0.0
171633	4	13	29	0	0.0
171633	3	33	303	0	0.0
171633	4	37	171	0	0.0
171633	22	1	419	7	0.016706443914081145
171633	2	50	47	0	0.0
171633	23	1	629	4	0.006359300476947536
171633	7	11	1	0	0.0
171633	6	35	71	12	0.16901408450704225
171633	3	28	45	0	0.0
171633	26	3	36	0	0.0
171633	6	54	8363	49	0.005859141456415162
171633	8	22	4029	0	0.0
171633	4	43	19	0	0.0
171633	27	6	39	1	0.02564102564102564
171633	2	31	32	0	0.0
171633	22	4	1973	0	0.0
171633	3	15	1	0	0.0
171633	36	8	46	0	0.0
171633	6	41	15	0	0.0
171633	8	9	1	0	0.0
171633	2	45	1837	33	0.017964071856287425
171633	42	2	1082	35	0.03234750462107209
171633	6	7	321	50	0.1557632398753894
171633	26	6	1472	201	0.13654891304347827
171633	43	2	723	15	0.02074688796680498
171633	4	5	10	0	0.0
171633	37	8	6	0	0.0
171633	2	24	163	7	0.04294478527607362
171633	7	39	14	0	0.0
171633	23	4	4578	0	0.0
171633	2	3	503	40	0.07952286282306163
171633	2	19	4927	140	0.028414856910899126
171633	4	20	330	0	0.0
171633	24	6	2784	610	0.21910919540229884
171633	6	5	3654	776	0.21237000547345375
171633	2	1	2800	174	0.062142857142857146
171633	6	20	5693	231	0.04057614614438784
171633	5	39	4	0	0.0
171633	6	22	4272	986	0.2308052434456929
171633	35	8	62	0	0.0
171633	21	4	4463	0	0.0
171633	2	26	2	0	0.0
171633	18	6	2207	138	0.06252831898504757
171633	40	2	8	0	0.0
171633	4	7	25	0	0.0
171633	39	1	6276	31	0.004939451880178458
171633	38	1	8	5	0.625
171633	5	7	1607	27	0.016801493466085875
171633	1	3	1662	43	0.025872442839951864
171633	25	6	54	1	0.018518518518518517
171633	19	6	156	6	0.038461538461538464
171633	8	54	18	0	0.0
171633	6	43	1	0	0.0
171633	34	8	102	0	0.0
171633	4	41	907	0	0.0
171633	8	50	11	0	0.0
171633	41	2	9373	266	0.028379387602688575
171633	24	4	420	0	0.0
171633	7	1	59	0	0.0
171633	2	47	7926	101	0.012742871561948019
171633	5	3	25	0	0.0
171633	39	3	570	0	0.0
171633	4	45	37	0	0.0
171633	31	8	1	0	0.0
171633	21	6	2601	171	0.0657439446366782
171633	2	5	57	52	0.9122807017543859
171633	44	2	441	26	0.05895691609977324
171633	30	8	9494	0	0.0
171633	38	3	32	0	0.0
171633	4	3	2050	0	0.0
171633	2	22	853	35	0.041031652989449004
171633	2	20	18	2	0.1111111111111111
171633	25	4	983	0	0.0
171633	8	33	367	0	0.0
171633	6	1	78	70	0.8974358974358975
171633	4	26	23	0	0.0
171633	27	4	1679	0	0.0
171633	2	7	26	5	0.19230769230769232
171633	4	1	201	4	0.01990049751243781
171633	46	2	118	0	0.0
171633	6	3	31	5	0.16129032258064516
171633	3	7	113	0	0.0
171633	4	19	9472	0	0.0
171633	6	45	2	0	0.0
171633	1	5	47	39	0.8297872340425532
171633	32	8	27	0	0.0
171633	8	52	18	1	0.05555555555555555
171633	5	38	3027	44	0.01453584407003634
171633	2	27	1016	37	0.03641732283464567
171633	38	7	485	0	0.0
171633	4	6	63	7	0.1111111111111111
171633	44	6	66	66	1.0
171633	6	40	2798	103	0.0368120085775554
171633	23	6	358	47	0.13128491620111732
171633	4	40	22	0	0.0
171633	2	18	1	1	1.0
171633	42	4	13	0	0.0
171633	4	2	943	68	0.07211028632025451
171633	2	25	1308	74	0.05657492354740061
171633	2	6	162	143	0.8827160493827161
171633	46	4	5	0	0.0
171633	23	2	3666	297	0.08101472995090016
171633	4	47	69	0	0.0
171633	8	51	14	0	0.0
171633	4	44	12	0	0.0
171633	21	2	8081	973	0.12040589036010395
172130	1	34	178	0	0.0
172130	2	12	144	0	0.0
172130	31	7	28	0	0.0
172130	2	8	44	3	0.06818181818181818
172130	3	36	134	0	0.0
172130	25	7	26	0	0.0
172130	6	53	64	2	0.03125
172130	4	29	7315	0	0.0
172130	19	7	2413	0	0.0
172130	6	16	4822	191	0.039610120282040646
172130	50	1	6	4	0.6666666666666666
172130	44	1	256	6	0.0234375
172130	5	30	2828	6	0.0021216407355021216
172130	7	32	73	0	0.0
172130	41	3	90	0	0.0
172130	15	2	117	117	1.0
172130	4	14	7	0	0.0
172130	34	5	156	1	0.00641025641025641
172130	14	2	15	12	0.8
172130	9	2	3571	37	0.010361243349201904
172130	5	48	3573	497	0.139098796529527
172130	48	8	1447	0	0.0
172130	35	5	146	1	0.00684931506849315
172130	21	5	793	2	0.0025220680958385876
172130	20	5	8640	37	0.0042824074074074075
172130	28	2	9	0	0.0
172130	49	8	88	0	0.0
172130	5	51	210	27	0.12857142857142856
172130	7	16	401	0	0.0
172130	4	30	778	0	0.0
172130	6	32	4	1	0.25
172130	5	14	974	12	0.012320328542094456
172130	29	2	17734	3755	0.21174016014435548
172130	8	18	21	0	0.0
172130	7	53	11	2	0.18181818181818182
172130	51	1	105	104	0.9904761904761905
172130	40	3	33	0	0.0
172130	18	7	94	0	0.0
172130	8	25	68	0	0.0
172130	1	10	2290	10	0.004366812227074236
172130	45	1	4038	221	0.054730064388311045
172130	2	36	36	3	0.08333333333333333
172130	5	29	12	0	0.0
172130	3	8	330	0	0.0
172130	1	8	76	0	0.0
172130	7	29	33	0	0.0
172130	3	12	4	0	0.0
172130	8	27	106	0	0.0
172130	3	10	90	0	0.0
172130	2	34	68	1	0.014705882352941176
172130	24	7	4590	1	0.00021786492374727668
172130	30	7	1352	0	0.0
172130	26	7	4074	0	0.0
172130	5	16	1414	4	0.002828854314002829
172130	42	3	21	0	0.0
172130	1	12	32	0	0.0
172130	23	5	85	0	0.0
172130	5	53	47	6	0.1276595744680851
172130	7	51	21	4	0.19047619047619047
172130	6	30	17955	3248	0.18089668615984406
172130	37	5	2	0	0.0
172130	53	1	3	0	0.0
172130	7	14	160	1	0.00625
172130	17	2	4	4	1.0
172130	36	5	104	0	0.0
172130	47	1	3192	186	0.05827067669172932
172130	16	2	42	17	0.40476190476190477
172130	6	48	10263	850	0.0828217870018513
172130	5	32	1	0	0.0
172130	6	51	454	12	0.02643171806167401
172130	6	14	6293	90	0.014301604957889718
172130	22	5	3715	4	0.0010767160161507402
172130	4	53	1	0	0.0
172130	46	1	115	4	0.034782608695652174
172130	52	1	2	2	1.0
172130	4	16	47	0	0.0
172130	7	48	119	20	0.16806722689075632
172130	43	3	188	0	0.0
172130	6	29	1651	312	0.1889763779527559
172130	3	34	363	0	0.0
172130	1	36	45	0	0.0
172130	4	12	1	0	0.0
172130	27	7	13	0	0.0
172130	2	10	5943	7	0.001177856301531213
172130	7	34	471	0	0.0
172130	4	8	731	0	0.0
172130	37	7	3	0	0.0
172130	6	10	42	39	0.9285714285714286
172130	3	48	1	0	0.0
172130	33	7	530	0	0.0
172130	9	4	13	1	0.07692307692307693
172130	23	7	281	0	0.0
172130	3	30	26	0	0.0
172130	2	51	80	79	0.9875
172130	53	3	1	0	0.0
172130	26	5	1532	3	0.0019582245430809398
172130	3	14	1	0	0.0
172130	52	3	1	1	1.0
172130	42	1	649	26	0.040061633281972264
172130	13	2	721	32	0.044382801664355064
172130	27	5	4	0	0.0
172130	8	23	1321	0	0.0
172130	33	5	454	2	0.004405286343612335
172130	46	3	32	0	0.0
172130	3	51	1	1	1.0
172130	2	30	231	33	0.14285714285714285
172130	1	16	3	3	1.0
172130	43	1	3366	174	0.05169340463458111
172130	4	36	323	0	0.0
172130	6	36	110	12	0.10909090909090909
172130	5	10	24	14	0.5833333333333334
172130	50	3	4	1	0.25
172130	5	8	476	5	0.01050420168067227
172130	6	34	142	14	0.09859154929577464
172130	1	29	2126	0	0.0
172130	4	34	1111	0	0.0
172130	22	7	2559	0	0.0
172130	7	8	3522	0	0.0
172130	36	7	1106	0	0.0
172130	3	29	219	0	0.0
172130	8	6	1357	232	0.1709653647752395
172130	20	7	5986	1	0.0001670564650851988
172130	44	3	11	0	0.0
172130	41	1	3182	200	0.06285355122564425
172130	1	14	9	9	1.0
172130	3	16	1	0	0.0
172130	2	32	1	0	0.0
172130	19	5	514	1	0.0019455252918287938
172130	38	2	9	6	0.6666666666666666
172130	8	21	6945	0	0.0
172130	24	5	1381	1	0.000724112961622013
172130	39	2	4447	24	0.005396896784348999
172130	11	2	5556	254	0.045716342692584594
172130	25	5	8	0	0.0
172130	49	6	725	40	0.05517241379310345
172130	8	40	682	0	0.0
172130	31	5	48	0	0.0
172130	18	5	365	6	0.01643835616438356
172130	2	53	21	0	0.0
172130	1	30	1	0	0.0
172130	40	1	4	0	0.0
172130	3	32	15	0	0.0
172130	4	10	43	0	0.0
172130	45	3	174	0	0.0
172130	1	48	2	2	1.0
172130	8	38	447	1	0.0022371364653243847
172130	9	6	8	4	0.5
172130	7	50	68	7	0.10294117647058823
172130	35	7	248	0	0.0
172130	21	7	1798	0	0.0
172130	4	33	376	0	0.0
172130	52	7	189	32	0.1693121693121693
172130	27	1	266	0	0.0
172130	7	15	201	15	0.07462686567164178
172130	6	31	6	0	0.0
172130	5	52	2402	365	0.15195670274771025
172130	22	3	893	0	0.0
172130	5	17	79	11	0.13924050632911392
172130	3	11	178	0	0.0
172130	17	8	4	0	0.0
172130	33	1	370	0	0.0
172130	2	35	8	1	0.125
172130	43	5	65	52	0.8
172130	1	13	207	0	0.0
172130	7	28	1062	0	0.0
172130	7	49	26	4	0.15384615384615385
172130	8	26	1853	0	0.0
172130	1	9	341	1	0.002932551319648094
172130	16	8	83	0	0.0
172130	3	35	861	0	0.0
172130	37	3	735	0	0.0
172130	26	1	10	0	0.0
172130	6	28	2246	290	0.12911843276936777
172130	23	3	2640	0	0.0
172130	1	37	9057	3	0.0003312355084465055
172130	2	54	4	0	0.0
172130	6	50	1253	3	0.0023942537909018356
172130	4	15	5	1	0.2
172130	28	4	83	0	0.0
172130	39	6	57	3	0.05263157894736842
172130	9	3	30	0	0.0
172130	14	8	57	1	0.017543859649122806
172130	6	17	372	14	0.03763440860215054
172130	6	15	4595	32	0.006964091403699674
172130	21	3	3449	0	0.0
172130	1	35	32	0	0.0
172130	28	8	3403	0	0.0
172130	6	52	1190	8	0.0067226890756302525
172130	11	6	25	5	0.2
172130	18	1	1	1	1.0
172130	24	1	68	0	0.0
172130	5	49	678	119	0.17551622418879056
172130	29	8	2341	0	0.0
172130	5	28	764	0	0.0
172130	40	5	2875	4	0.001391304347826087
172130	54	5	3073	456	0.14838919622518712
172130	25	1	1281	0	0.0
172130	3	13	15	0	0.0
172130	1	11	1112	0	0.0
172130	20	3	1568	0	0.0
172130	15	8	73	1	0.0136986301369863
172130	19	1	4462	3	0.0006723442402510085
172130	8	19	887	0	0.0
172130	8	24	7373	0	0.0
172130	2	37	1664	0	0.0
172130	31	1	665	0	0.0
172130	38	6	1659	75	0.045207956600361664
172130	7	17	21	0	0.0
172130	4	31	12	0	0.0
172130	1	15	70	66	0.9428571428571428
172130	6	37	2	0	0.0
172130	40	7	755	0	0.0
172130	39	8	145	0	0.0
172130	2	33	218	0	0.0
172130	8	20	4819	0	0.0
172130	5	15	1331	78	0.058602554470323066
172130	11	8	8	0	0.0
172130	6	33	403	58	0.14392059553349876
172130	11	4	125	0	0.0
172130	24	3	208	0	0.0
172130	39	4	717	0	0.0
172130	5	50	2225	475	0.21348314606741572
172130	21	1	8518	4	0.00046959380136182204
172130	1	28	5	0	0.0
172130	4	35	29	0	0.0
172130	25	3	646	0	0.0
172130	38	4	1	0	0.0
172130	20	1	362	0	0.0
172130	44	5	228	200	0.8771929824561403
172130	10	8	6	0	0.0
172130	8	41	8	0	0.0
172130	31	3	611	0	0.0
172130	45	5	22	15	0.6818181818181818
172130	19	3	5867	0	0.0
172130	2	50	11	1	0.09090909090909091
172130	9	5	2	2	1.0
172130	3	33	416	0	0.0
172130	27	3	430	0	0.0
172130	22	1	364	0	0.0
172130	4	13	58	0	0.0
172130	7	11	1	0	0.0
172130	46	5	14	14	1.0
172130	23	1	1212	1	0.0008250825082508251
172130	4	37	86	0	0.0
172130	6	54	8357	65	0.007777910733516812
172130	3	15	2	0	0.0
172130	26	3	112	0	0.0
172130	6	41	1	0	0.0
172130	22	4	4420	0	0.0
172130	3	28	21	0	0.0
172130	8	22	6667	0	0.0
172130	2	31	12	0	0.0
172130	4	43	35	0	0.0
172130	6	35	289	49	0.1695501730103806
172130	2	45	1645	13	0.007902735562310031
172130	36	8	139	0	0.0
172130	27	6	25	1	0.04
172130	1	17	2	2	1.0
172130	8	9	1	0	0.0
172130	43	2	1604	61	0.038029925187032416
172130	42	2	1260	53	0.04206349206349207
172130	6	7	624	91	0.14583333333333334
172130	7	39	45	0	0.0
172130	2	24	66	4	0.06060606060606061
172130	26	6	916	57	0.06222707423580786
172130	4	5	133	1	0.007518796992481203
172130	37	8	1	0	0.0
172130	2	3	192	0	0.0
172130	2	19	1484	2	0.0013477088948787063
172130	6	20	3887	122	0.03138667352714176
172130	35	8	398	0	0.0
172130	23	4	3319	0	0.0
172130	4	20	4236	0	0.0
172130	6	22	7783	1200	0.15418219195682897
172130	2	26	10	0	0.0
172130	2	1	2949	309	0.10478128179043744
172130	5	39	9	0	0.0
172130	4	7	540	0	0.0
172130	6	5	2538	480	0.18912529550827423
172130	24	6	3325	542	0.1630075187969925
172130	40	2	2	0	0.0
172130	21	4	7747	0	0.0
172130	18	6	1052	65	0.06178707224334601
172130	39	1	6618	0	0.0
172130	38	1	6	6	1.0
172130	5	7	1186	32	0.026981450252951095
172130	1	3	1657	3	0.0018105009052504525
172130	25	6	15	1	0.06666666666666667
172130	34	8	280	0	0.0
172130	8	54	27	0	0.0
172130	8	50	20	0	0.0
172130	6	43	4	0	0.0
172130	39	3	3382	0	0.0
172130	7	1	58	1	0.017241379310344827
172130	24	4	1095	0	0.0
172130	5	3	101	1	0.009900990099009901
172130	19	6	96	3	0.03125
172130	4	41	673	0	0.0
172130	41	2	12423	1785	0.1436851002173388
172130	2	5	146	132	0.9041095890410958
172130	4	3	1896	0	0.0
172130	2	47	14833	242	0.016314973370188095
172130	44	2	336	29	0.08630952380952381
172130	21	6	3135	285	0.09090909090909091
172130	4	45	31	0	0.0
172130	2	20	40	0	0.0
172130	6	1	134	109	0.8134328358208955
172130	30	8	12466	1	8.021819348628268e-05
172130	25	4	839	0	0.0
172130	2	22	332	12	0.03614457831325301
172130	27	4	1694	0	0.0
172130	38	3	8	0	0.0
172130	4	1	475	0	0.0
172130	8	33	1538	0	0.0
172130	6	3	34	3	0.08823529411764706
172130	4	19	4428	0	0.0
172130	46	2	294	27	0.09183673469387756
172130	3	7	100	0	0.0
172130	1	5	130	88	0.676923076923077
172130	4	26	250	0	0.0
172130	2	7	23	7	0.30434782608695654
172130	4	6	198	15	0.07575757575757576
172130	8	52	27	1	0.037037037037037035
172130	23	6	354	64	0.1807909604519774
172130	4	47	14	0	0.0
172130	2	27	1147	80	0.06974716652136007
172130	42	4	153	0	0.0
172130	5	38	3234	18	0.0055658627087198514
172130	38	7	943	1	0.0010604453870625664
172130	4	40	46	0	0.0
172130	6	40	2230	40	0.017937219730941704
172130	46	6	1	0	0.0
172130	44	6	106	101	0.9528301886792453
172130	53	8	2	0	0.0
172130	23	2	1937	166	0.0856995353639649
172130	2	6	207	195	0.9420289855072463
172130	2	18	6	5	0.8333333333333334
172130	4	44	38	0	0.0
172130	4	2	560	40	0.07142857142857142
173334	2	12	209	0	0.0
172130	8	51	25	2	0.08
173334	25	7	27	0	0.0
173334	19	7	860	0	0.0
172130	2	25	715	0	0.0
172130	46	4	5	0	0.0
173334	1	34	66	0	0.0
173334	4	29	492	0	0.0
172130	21	2	9753	875	0.08971598482518199
173334	3	36	181	0	0.0
173334	2	8	17	0	0.0
173334	31	7	7	0	0.0
173334	5	30	814	1	0.0012285012285012285
173334	41	3	64	0	0.0
173334	44	1	217	6	0.027649769585253458
173334	5	48	1611	20	0.012414649286157667
173334	48	8	525	0	0.0
173334	6	53	37	0	0.0
173334	21	5	80	0	0.0
173334	4	14	1	0	0.0
173334	6	16	7661	102	0.013314188748205195
173334	28	2	7	1	0.14285714285714285
173334	9	2	2225	0	0.0
173334	35	5	129	1	0.007751937984496124
173334	7	32	147	0	0.0
173334	34	5	96	0	0.0
173334	5	14	368	0	0.0
173334	29	2	12360	1762	0.14255663430420712
173334	49	8	6	0	0.0
173334	5	51	22	3	0.13636363636363635
173334	8	18	5	0	0.0
173334	4	30	186	0	0.0
173334	45	1	1119	5	0.004468275245755138
173334	7	16	15	0	0.0
173334	2	36	22	0	0.0
173334	7	53	1	0	0.0
173334	1	10	4376	59	0.013482632541133455
173334	8	25	43	0	0.0
173334	40	3	12	0	0.0
173334	18	7	2	0	0.0
173334	3	12	3	0	0.0
173334	30	7	160	1	0.00625
173334	24	7	1247	0	0.0
173334	20	5	22698	57	0.0025112344699973568
173334	3	8	56	0	0.0
173334	8	27	77	0	0.0
173334	1	12	44	0	0.0
173334	3	10	18	0	0.0
173334	1	8	13	0	0.0
173334	26	7	624	0	0.0
173334	2	34	10	1	0.1
173334	7	29	52	0	0.0
173334	42	3	1	0	0.0
173334	5	53	10	1	0.1
173334	5	16	980	0	0.0
173334	7	51	5	0	0.0
173334	53	1	3	0	0.0
173334	36	5	224	2	0.008928571428571428
173334	5	32	216	0	0.0
173334	37	5	8	0	0.0
173334	7	14	3	0	0.0
173334	46	1	121	0	0.0
173334	22	5	1557	6	0.0038535645472061657
173334	23	5	8	0	0.0
173334	6	14	5129	14	0.002729576915578085
173334	4	53	1	0	0.0
173334	6	51	587	3	0.005110732538330494
173334	7	48	15	0	0.0
173334	6	30	17878	2650	0.14822687101465487
173334	4	16	4	0	0.0
173334	2	10	4807	2	0.00041605991262741833
173334	43	3	24	0	0.0
173334	1	36	95	1	0.010526315789473684
173334	6	48	23549	1397	0.05932311350800459
173334	33	7	189	0	0.0
173334	6	29	151	8	0.052980132450331126
173334	3	34	115	0	0.0
173334	27	7	24	0	0.0
173334	7	34	118	0	0.0
173334	4	8	112	0	0.0
173334	1	32	1	0	0.0
173334	42	1	103	0	0.0
173334	2	51	1	0	0.0
173334	9	4	1	0	0.0
173334	13	2	421	6	0.014251781472684086
173334	3	30	15	0	0.0
173334	23	7	21	0	0.0
173334	3	51	1	0	0.0
173334	27	5	1	0	0.0
173334	37	7	12	0	0.0
173334	33	5	64	0	0.0
173334	43	1	1157	14	0.012100259291270527
173334	8	23	144	0	0.0
173334	2	30	284	5	0.017605633802816902
173334	26	5	7779	26	0.003342331919269829
173334	46	3	5	0	0.0
173334	4	36	91	0	0.0
173334	36	7	716	0	0.0
173334	3	29	179	0	0.0
173334	7	10	2	1	0.5
173334	6	34	51	3	0.058823529411764705
173334	22	7	324	4	0.012345679012345678
173334	7	8	1966	0	0.0
173334	1	29	298	1	0.003355704697986577
173334	8	6	654	67	0.10244648318042814
173334	4	34	153	0	0.0
173334	5	8	263	1	0.0038022813688212928
173334	6	36	106	6	0.05660377358490566
173334	41	1	1420	2	0.0014084507042253522
173334	5	10	1	0	0.0
173334	44	3	10	0	0.0
173334	8	21	1201	0	0.0
173334	20	7	13085	0	0.0
173334	19	5	57	0	0.0
173334	8	40	282	0	0.0
173334	38	2	2	0	0.0
173334	1	30	2	0	0.0
173334	40	1	2	1	0.5
173334	11	2	3102	13	0.004190844616376531
173334	49	6	1766	201	0.11381653454133635
173334	31	5	2	0	0.0
173334	3	32	9	0	0.0
173334	18	5	439	0	0.0
173334	24	5	192	1	0.005208333333333333
173334	39	2	5101	84	0.016467359341305627
173334	45	3	5	0	0.0
173334	8	38	38	0	0.0
173334	2	53	34	0	0.0
173334	4	10	27	0	0.0
173334	35	7	156	0	0.0
173334	7	50	3	0	0.0
173334	4	33	106	0	0.0
173334	21	7	388	0	0.0
173334	7	15	30	0	0.0
173334	5	52	419	42	0.10023866348448687
173334	22	3	431	0	0.0
173334	52	7	26	0	0.0
173334	27	1	2747	19	0.00691663633054241
173334	5	17	72	0	0.0
173334	3	11	36	0	0.0
173334	1	13	10	0	0.0
173334	8	26	915	0	0.0
173334	1	9	277	0	0.0
173334	33	1	838	1	0.0011933174224343676
173334	3	35	892	0	0.0
173334	7	49	4	0	0.0
173334	6	28	2645	129	0.04877126654064272
173334	2	35	6	0	0.0
173334	26	1	1	0	0.0
173334	2	54	55	0	0.0
173334	7	28	375	1	0.0026666666666666666
173334	37	3	492	0	0.0
173334	16	8	12	0	0.0
173334	1	37	8156	1	0.00012260912211868564
173334	23	3	193	0	0.0
173334	6	15	5323	28	0.005260191621266203
173334	6	17	713	1	0.001402524544179523
173334	4	15	2	0	0.0
173334	39	6	21	5	0.23809523809523808
173334	6	50	4337	7	0.0016140189070786258
173334	1	35	57	0	0.0
173334	28	4	125	0	0.0
173334	6	52	1029	0	0.0
173334	14	8	8	0	0.0
173334	28	8	1662	0	0.0
173334	9	3	6	0	0.0
173334	21	3	862	0	0.0
173334	5	49	161	5	0.031055900621118012
173334	24	1	75	1	0.013333333333333334
173334	5	28	1692	3	0.0017730496453900709
173334	40	5	5750	4	0.0006956521739130435
173334	29	8	108	0	0.0
173334	31	1	994	0	0.0
173334	15	8	106	0	0.0
173334	19	1	12618	45	0.003566333808844508
173334	2	37	1130	0	0.0
173334	7	17	1	0	0.0
173334	44	7	1	0	0.0
173334	6	33	212	13	0.06132075471698113
173334	25	1	8741	31	0.003546504976547306
173334	1	11	642	2	0.003115264797507788
173334	4	31	3	0	0.0
173334	8	24	1474	0	0.0
173334	20	3	1387	0	0.0
173334	8	19	664	0	0.0
173334	5	50	1202	124	0.10316139767054909
173334	38	6	4490	30	0.0066815144766146995
173334	5	15	4051	241	0.059491483584300175
173334	2	33	76	4	0.05263157894736842
173334	40	7	72	0	0.0
173334	11	4	12	0	0.0
173334	39	4	1179	0	0.0
173334	24	3	230	0	0.0
173334	6	37	2	0	0.0
173334	4	35	39	0	0.0
173334	21	1	2083	27	0.012962073931829092
173334	39	8	23	0	0.0
173334	1	28	5	0	0.0
173334	31	3	91	0	0.0
173334	20	1	129	1	0.007751937984496124
173334	38	4	1	0	0.0
173334	8	20	7599	0	0.0
173334	25	3	1706	0	0.0
173334	2	50	2	0	0.0
173334	3	28	51	0	0.0
173334	3	33	172	0	0.0
173334	6	35	69	7	0.10144927536231885
173334	22	1	174	1	0.005747126436781609
173334	23	1	86	1	0.011627906976744186
173334	26	3	47	0	0.0
173334	4	43	9	0	0.0
173334	2	45	2645	6	0.002268431001890359
173334	36	8	135	0	0.0
173334	19	3	9729	0	0.0
173334	27	6	56	1	0.017857142857142856
173334	27	3	819	0	0.0
173334	8	22	1925	2	0.001038961038961039
173334	6	54	9785	3	0.0003065917220235054
173334	22	4	1495	0	0.0
173334	4	37	33	0	0.0
173334	2	31	3	0	0.0
173334	43	2	4498	1	0.00022232103156958648
173334	42	2	609	13	0.021346469622331693
173334	6	7	216	8	0.037037037037037035
173334	2	24	104	3	0.028846153846153848
173334	2	19	1211	26	0.021469859620148638
173334	2	1	3514	140	0.0398406374501992
173334	7	39	8	0	0.0
173334	2	3	131	7	0.05343511450381679
173334	4	5	17	0	0.0
173334	26	6	3058	33	0.01079136690647482
173334	21	4	1824	0	0.0
173334	35	8	108	0	0.0
173334	6	20	3767	98	0.026015396867533847
173334	23	4	800	0	0.0
173334	4	20	793	0	0.0
173334	5	39	3	0	0.0
173334	6	22	7189	600	0.08346084295451384
173334	18	6	3878	114	0.029396596183599792
173334	6	5	3468	558	0.16089965397923875
173334	25	6	9	0	0.0
173334	40	2	3	0	0.0
173334	4	7	19	0	0.0
173334	5	7	834	1	0.001199040767386091
173334	24	6	944	64	0.06779661016949153
173334	34	8	71	0	0.0
173334	1	3	824	2	0.0024271844660194173
173334	39	1	17849	53	0.0029693540254355985
173334	19	6	208	0	0.0
173334	38	1	5	0	0.0
173334	4	41	841	0	0.0
173334	2	47	8615	0	0.0
173334	24	4	276	0	0.0
173334	5	3	58	0	0.0
173334	7	1	62	4	0.06451612903225806
173334	41	2	12669	244	0.019259610071828873
173334	8	50	5	0	0.0
173334	44	2	1699	43	0.025309005297233667
173334	4	3	1762	0	0.0
173334	4	45	3	0	0.0
173334	39	3	686	0	0.0
173334	2	5	3	0	0.0
173334	4	19	3876	0	0.0
173334	30	8	1194	0	0.0
173334	21	6	1039	28	0.026948989412897015
173334	38	3	85	0	0.0
173334	25	4	2490	0	0.0
173334	2	22	1123	10	0.008904719501335707
173334	6	1	11	0	0.0
173334	2	20	31	2	0.06451612903225806
173334	8	33	441	0	0.0
173334	4	1	534	1	0.0018726591760299626
173334	27	4	5289	0	0.0
173334	6	3	33	0	0.0
173334	2	7	7	2	0.2857142857142857
173334	2	27	2913	168	0.057672502574665295
173334	46	2	174	0	0.0
173334	3	7	91	0	0.0
173334	5	38	7330	5	0.0006821282401091405
173334	4	26	32	0	0.0
173334	38	7	858	1	0.0011655011655011655
173334	23	6	108	1	0.009259259259259259
173334	1	5	7	0	0.0
173334	4	6	78	4	0.05128205128205128
173334	8	52	1	0	0.0
173334	21	2	6316	441	0.06982267257758075
173334	4	44	12	0	0.0
175237	1	34	103	0	0.0
173334	46	4	4	0	0.0
175237	31	7	324	0	0.0
173334	4	2	622	38	0.06109324758842444
173334	2	6	40	5	0.125
173334	23	2	61	7	0.11475409836065574
173334	6	40	2721	18	0.006615214994487321
173334	2	25	1272	34	0.026729559748427674
173334	4	40	20	0	0.0
175237	50	1	1	0	0.0
175237	6	53	91	7	0.07692307692307693
175237	25	7	20	0	0.0
175237	2	8	125	0	0.0
175237	8	44	1	0	0.0
175237	2	12	314	0	0.0
175237	19	7	2762	0	0.0
175237	3	36	144	0	0.0
175237	44	1	105	5	0.047619047619047616
175237	6	16	2749	43	0.015642051655147326
175237	48	4	3	0	0.0
175237	5	48	1847	14	0.007579859231185706
175237	41	3	83	0	0.0
175237	4	29	2950	0	0.0
175237	9	2	2834	2	0.0007057163020465773
175237	5	30	3121	0	0.0
175237	4	14	4	0	0.0
175237	7	32	1057	0	0.0
175237	34	5	142	0	0.0
175237	15	2	3	0	0.0
175237	48	8	681	0	0.0
175237	28	2	51	0	0.0
175237	6	32	97	0	0.0
175237	14	2	15	1	0.06666666666666667
175237	5	14	898	1	0.0011135857461024498
175237	21	5	585	0	0.0
175237	20	5	13745	20	0.0014550745725718443
175237	35	5	64	0	0.0
175237	5	51	202	19	0.09405940594059406
175237	8	18	18	0	0.0
175237	49	8	25	0	0.0
175237	4	30	321	0	0.0
175237	7	16	60	0	0.0
175237	7	53	5	0	0.0
175237	45	1	1977	14	0.0070814365199797676
175237	29	2	24930	2986	0.11977537103890895
175237	8	25	24	0	0.0
175237	40	3	2	0	0.0
175237	24	7	1860	0	0.0
175237	3	12	23	0	0.0
175237	18	7	25	0	0.0
175237	2	36	58	0	0.0
175237	30	7	323	0	0.0
175237	1	10	1112	6	0.00539568345323741
175237	5	29	22	0	0.0
175237	3	8	25	0	0.0
175237	1	8	22	0	0.0
175237	26	7	115	0	0.0
175237	42	3	20	0	0.0
175237	1	12	93	1	0.010752688172043012
175237	8	27	505	0	0.0
175237	2	34	242	0	0.0
175237	3	10	244	0	0.0
175237	7	29	30	0	0.0
175237	6	48	7838	727	0.09275325338096453
175237	5	16	1420	0	0.0
175237	7	51	18	0	0.0
175237	16	2	72	0	0.0
175237	46	1	25	2	0.08
175237	5	32	2362	1	0.0004233700254022015
175237	7	14	56	0	0.0
175237	6	14	4078	15	0.003678273663560569
175237	36	5	89	0	0.0
175237	6	51	293	8	0.027303754266211604
175237	47	1	1907	15	0.007865757734661772
175237	5	53	48	1	0.020833333333333332
175237	23	5	92	0	0.0
175237	7	48	93	0	0.0
175237	37	5	4	0	0.0
175237	22	5	3283	0	0.0
175237	43	3	40	0	0.0
175237	4	16	45	0	0.0
175237	6	30	21680	3847	0.17744464944649446
175237	33	7	588	0	0.0
175237	1	36	66	0	0.0
175237	2	10	4444	8	0.0018001800180018
175237	6	10	5	0	0.0
175237	8	46	1	0	0.0
175237	3	48	1	0	0.0
175237	9	4	41	0	0.0
175237	7	34	834	0	0.0
175237	6	29	2341	310	0.13242204186245193
175237	37	7	9	0	0.0
175237	3	34	588	0	0.0
175237	27	7	54	0	0.0
175237	23	7	397	0	0.0
175237	4	8	228	0	0.0
175237	4	12	36	0	0.0
175237	3	14	1	0	0.0
175237	3	30	11	0	0.0
175237	13	2	250	8	0.032
175237	3	51	1	0	0.0
175237	27	5	26	0	0.0
175237	33	5	164	0	0.0
175237	42	1	221	1	0.004524886877828055
175237	2	51	2	0	0.0
175237	43	1	1672	21	0.012559808612440191
175237	26	5	204	0	0.0
175237	2	30	473	17	0.035940803382663845
175237	1	32	5	0	0.0
175237	2	48	46	0	0.0
175237	4	36	151	0	0.0
175237	8	23	846	0	0.0
175237	7	10	9	0	0.0
175237	46	3	30	0	0.0
175237	3	29	300	0	0.0
175237	4	34	626	0	0.0
175237	6	36	56	2	0.03571428571428571
175237	5	8	265	1	0.0037735849056603774
175237	20	7	10211	2	0.0001958672020370189
175237	7	8	4483	0	0.0
175237	44	3	6	0	0.0
175237	22	7	3114	0	0.0
175237	1	29	965	0	0.0
175237	36	7	1817	0	0.0
175237	8	6	513	45	0.08771929824561403
175237	50	3	3	0	0.0
175237	6	34	181	12	0.06629834254143646
175237	3	16	2	0	0.0
175237	8	21	3615	0	0.0
175237	2	32	2	0	0.0
175237	31	5	6	0	0.0
175237	39	2	3998	3	0.0007503751875937969
175237	18	5	805	0	0.0
175237	25	5	3	0	0.0
175237	19	5	91	0	0.0
175237	1	14	1	0	0.0
175237	40	1	3	0	0.0
175237	11	2	1142	9	0.00788091068301226
175237	24	5	1638	2	0.001221001221001221
175237	3	32	34	0	0.0
175237	38	2	5	0	0.0
175237	41	1	1534	19	0.012385919165580182
175237	49	6	1332	47	0.03528528528528529
175237	8	40	251	0	0.0
175237	8	38	108	0	0.0
175237	1	30	3	0	0.0
175237	45	3	247	0	0.0
175237	2	53	64	2	0.03125
175237	4	10	177	0	0.0
175237	46	7	1	0	0.0
175237	4	33	211	0	0.0
175237	52	7	207	0	0.0
175237	27	1	163	0	0.0
175237	5	17	222	7	0.03153153153153153
175237	9	6	20	3	0.15
175237	22	3	550	0	0.0
175237	6	31	1	0	0.0
175237	7	15	89	0	0.0
175237	21	7	1683	0	0.0
175237	7	50	6	0	0.0
175237	3	11	57	0	0.0
175237	35	7	191	0	0.0
175237	5	52	3005	50	0.016638935108153077
175237	8	26	397	0	0.0
175237	17	8	3	0	0.0
175237	33	1	514	1	0.0019455252918287938
175237	1	9	142	1	0.007042253521126761
175237	1	13	99	0	0.0
175237	7	49	19	0	0.0
175237	2	35	44	2	0.045454545454545456
175237	3	35	1086	0	0.0
175237	6	28	270	13	0.04814814814814815
175237	16	8	10	0	0.0
175237	6	52	1976	19	0.009615384615384616
175237	37	3	492	0	0.0
175237	23	3	1914	0	0.0
175237	9	3	24	0	0.0
175237	6	15	5296	27	0.005098187311178248
175237	6	17	583	12	0.02058319039451115
175237	7	28	33	0	0.0
175237	21	3	2788	0	0.0
175237	1	37	9511	6	0.0006308484912206919
175237	4	15	5	0	0.0
175237	39	6	63	3	0.047619047619047616
175237	28	4	80	0	0.0
175237	6	50	1349	18	0.013343217197924388
175237	24	1	47	0	0.0
175237	14	8	16	0	0.0
175237	54	5	1093	21	0.0192131747483989
175237	38	6	3244	8	0.002466091245376079
175237	5	49	494	6	0.012145748987854251
175237	11	6	51	0	0.0
175237	28	8	655	0	0.0
175237	5	28	116	1	0.008620689655172414
175237	1	35	50	0	0.0
175237	40	5	1151	0	0.0
175237	29	8	904	0	0.0
175237	31	1	979	0	0.0
175237	25	1	982	0	0.0
175237	19	1	9976	12	0.0012028869286287089
175237	8	24	4591	0	0.0
175237	3	13	9	0	0.0
175237	20	3	1185	0	0.0
175237	15	8	104	0	0.0
175237	1	11	361	0	0.0
175237	6	33	320	21	0.065625
175237	5	50	1040	13	0.0125
175237	2	37	2676	0	0.0
175237	7	17	20	0	0.0
175237	44	7	2	0	0.0
175237	8	19	264	0	0.0
175237	5	15	1657	10	0.006035003017501509
175237	40	7	80	0	0.0
175237	8	20	4724	0	0.0
175237	39	8	145	0	0.0
175237	2	33	346	0	0.0
175237	6	37	1	0	0.0
175237	24	3	33	0	0.0
175237	21	1	2049	0	0.0
175237	39	4	2007	0	0.0
175237	11	4	107	0	0.0
175237	20	1	69	0	0.0
175237	38	4	5	0	0.0
175237	4	35	40	0	0.0
175237	10	8	19	0	0.0
175237	25	3	438	0	0.0
175237	11	8	19	0	0.0
175237	31	3	437	0	0.0
175237	3	33	494	0	0.0
175237	8	43	1	0	0.0
175237	19	3	14193	1	7.045726766715987e-05
175237	41	7	1	0	0.0
175237	43	7	5	0	0.0
175237	6	54	4747	59	0.012428902464714557
175237	2	50	29	2	0.06896551724137931
175237	22	1	189	0	0.0
175237	27	3	184	0	0.0
175237	8	41	2	0	0.0
175237	4	13	63	0	0.0
175237	3	28	1	0	0.0
175237	4	37	119	0	0.0
175237	6	35	147	20	0.1360544217687075
175237	23	1	1134	2	0.001763668430335097
175237	7	11	1	0	0.0
175237	2	31	110	0	0.0
175237	8	9	12	0	0.0
175237	26	3	3	0	0.0
175237	22	4	2084	0	0.0
175237	4	43	110	0	0.0
175237	6	41	14	0	0.0
175237	2	45	1233	2	0.0016220600162206002
175237	36	8	102	0	0.0
175237	8	22	5299	1	0.0001887148518588413
175237	6	7	268	2	0.007462686567164179
175237	27	6	199	4	0.020100502512562814
175237	42	2	1575	96	0.06095238095238095
175237	4	5	28	0	0.0
175237	37	8	4	0	0.0
175237	43	2	1449	5	0.003450655624568668
175237	23	4	4011	0	0.0
175237	7	39	31	0	0.0
175237	26	6	125	1	0.008
175237	2	24	240	1	0.004166666666666667
175237	2	3	419	0	0.0
175237	21	4	6174	0	0.0
175237	2	19	2699	2	0.0007410151908114116
175237	6	20	3559	36	0.010115200899128969
175237	2	1	1837	326	0.17746325530756668
175237	6	22	9130	1309	0.14337349397590363
175237	4	20	316	0	0.0
175237	40	2	16	0	0.0
175237	24	6	2279	272	0.1193505923650724
175237	35	8	162	0	0.0
175237	18	6	1533	68	0.04435746901500326
175237	6	5	3273	611	0.18667888787045525
175237	4	7	72	0	0.0
175237	25	6	6	0	0.0
175237	5	39	21	0	0.0
175237	8	54	10	0	0.0
175237	19	6	106	4	0.03773584905660377
175237	1	3	1208	11	0.009105960264900662
175237	39	1	4336	1	0.00023062730627306272
175237	4	41	496	0	0.0
175237	38	1	7	0	0.0
175237	2	47	5108	12	0.0023492560689115116
175237	8	50	8	0	0.0
175237	5	7	1244	3	0.002411575562700965
175237	41	2	5069	147	0.02899980272243046
175237	2	26	16	0	0.0
175237	6	43	51	1	0.0196078431372549
175237	7	1	33	0	0.0
175237	34	8	551	0	0.0
175237	39	3	446	0	0.0
175237	38	3	55	0	0.0
175237	5	3	39	0	0.0
175237	2	5	22	0	0.0
175237	44	2	382	8	0.020942408376963352
175237	30	8	1551	0	0.0
175237	4	3	1682	0	0.0
175237	24	4	536	0	0.0
175237	21	6	1602	142	0.08863920099875156
175237	6	1	6	1	0.16666666666666666
175237	25	4	295	0	0.0
175237	2	22	969	12	0.01238390092879257
175237	4	45	45	0	0.0
175237	8	33	652	0	0.0
175237	4	19	5203	0	0.0
175237	4	1	196	0	0.0
175237	2	20	40	0	0.0
175237	6	3	15	0	0.0
175237	6	45	3	0	0.0
175237	3	7	379	0	0.0
175237	4	26	58	0	0.0
175237	1	5	8	0	0.0
175237	4	6	69	7	0.10144927536231885
175237	27	4	4271	0	0.0
175237	23	6	237	11	0.046413502109704644
175237	2	7	26	1	0.038461538461538464
175237	46	2	133	6	0.045112781954887216
175237	38	7	947	0	0.0
175237	8	52	22	0	0.0
175237	2	27	535	1	0.001869158878504673
175237	5	38	3495	41	0.0117310443490701
175237	32	8	2	0	0.0
175237	4	47	124	0	0.0
175237	46	6	2	0	0.0
175237	44	6	8	0	0.0
175237	23	2	2388	30	0.01256281407035176
175237	53	8	3	0	0.0
176542	2	8	18	1	0.05555555555555555
175237	6	40	670	0	0.0
175237	46	4	12	0	0.0
175237	8	51	17	0	0.0
175237	4	44	11	0	0.0
175237	2	18	1	0	0.0
175237	4	40	40	0	0.0
176542	1	34	136	1	0.007352941176470588
175237	21	2	9807	143	0.014581421433669828
175237	4	2	863	6	0.006952491309385863
176542	41	3	186	0	0.0
175237	42	4	29	0	0.0
176542	48	4	2	0	0.0
176542	19	7	309	0	0.0
176542	3	36	22	0	0.0
176542	2	12	41	0	0.0
175237	2	6	64	7	0.109375
176542	31	7	1	0	0.0
175237	2	25	433	0	0.0
176542	4	29	5643	0	0.0
176542	6	53	45	0	0.0
176542	6	16	2162	30	0.013876040703052728
176542	5	48	3866	80	0.020693222969477496
176542	50	1	2	0	0.0
176542	4	14	7	0	0.0
176542	7	32	92	0	0.0
176542	9	2	2026	0	0.0
176542	44	1	229	3	0.013100436681222707
176542	5	30	1990	0	0.0
176542	48	8	630	0	0.0
176542	14	2	13	0	0.0
176542	20	5	9503	134	0.014100810270440913
176542	34	5	224	5	0.022321428571428572
176542	15	2	1	0	0.0
176542	21	5	89	0	0.0
176542	35	5	33	0	0.0
176542	5	51	124	14	0.11290322580645161
176542	28	2	3	0	0.0
176542	5	14	54	0	0.0
176542	7	53	6	0	0.0
176542	8	18	93	0	0.0
176542	49	8	56	0	0.0
176542	7	16	50	0	0.0
176542	4	30	103	0	0.0
176542	8	25	2	0	0.0
176542	45	1	2394	14	0.005847953216374269
176542	1	10	1016	4	0.003937007874015748
176542	2	36	44	0	0.0
176542	40	3	6	0	0.0
176542	5	29	33	0	0.0
176542	29	2	23782	2478	0.10419645109746867
176542	18	7	33	0	0.0
176542	24	7	3078	0	0.0
176542	30	7	521	0	0.0
176542	8	27	3	0	0.0
176542	1	8	2	0	0.0
176542	1	12	57	0	0.0
176542	3	8	2	0	0.0
176542	3	12	11	0	0.0
176542	2	34	247	3	0.012145748987854251
176542	26	7	81	0	0.0
176542	7	29	366	0	0.0
176542	42	3	53	0	0.0
176542	3	10	191	0	0.0
176542	5	16	443	1	0.002257336343115124
176542	5	53	68	1	0.014705882352941176
176542	47	1	789	9	0.011406844106463879
176542	53	1	1	0	0.0
176542	6	48	11353	1003	0.08834669250418392
176542	7	51	29	0	0.0
176542	36	5	27	0	0.0
176542	22	5	2473	47	0.01900525677315002
176542	4	16	8	0	0.0
176542	7	14	8	0	0.0
176542	6	14	3171	3	0.000946073793755913
176542	16	2	85	0	0.0
176542	46	1	252	2	0.007936507936507936
176542	6	51	228	18	0.07894736842105263
176542	23	5	20	0	0.0
176542	6	30	18967	3079	0.16233458111456742
176542	7	48	109	0	0.0
176542	27	7	2	0	0.0
176542	1	36	27	0	0.0
176542	4	12	23	0	0.0
176542	2	10	3314	5	0.0015087507543753772
176542	43	3	253	0	0.0
176542	6	29	899	128	0.14238042269187987
176542	3	34	107	0	0.0
176542	37	7	2	0	0.0
176542	6	10	5	0	0.0
176542	4	8	20	0	0.0
176542	7	34	145	0	0.0
176542	33	7	46	0	0.0
176542	33	5	30	0	0.0
176542	2	51	4	1	0.25
176542	13	2	40	0	0.0
176542	23	7	211	0	0.0
176542	3	30	11	0	0.0
176542	9	4	19	0	0.0
176542	26	5	628	8	0.012738853503184714
176542	42	1	906	4	0.004415011037527594
176542	46	3	47	0	0.0
176542	8	23	205	0	0.0
176542	43	1	3040	13	0.0042763157894736845
176542	2	30	159	4	0.025157232704402517
176542	4	36	65	0	0.0
176542	22	7	579	0	0.0
176542	5	8	212	4	0.018867924528301886
176542	36	7	1543	0	0.0
176542	2	48	37	0	0.0
176542	6	34	121	14	0.11570247933884298
176542	7	10	8	0	0.0
176542	4	34	491	0	0.0
176542	1	29	302	0	0.0
176542	20	7	6497	0	0.0
176542	7	8	2224	0	0.0
176542	6	36	18	2	0.1111111111111111
176542	3	29	567	0	0.0
176542	8	6	612	64	0.10457516339869281
176542	7	12	1	0	0.0
176542	50	3	3	0	0.0
176542	44	3	17	0	0.0
176542	41	1	2957	23	0.007778153533987149
176542	8	21	580	0	0.0
176542	19	5	19	0	0.0
176542	45	3	74	0	0.0
176542	3	16	3	0	0.0
176542	3	32	70	0	0.0
176542	11	2	455	2	0.004395604395604396
176542	39	2	3093	1	0.00032331070158422246
176542	2	53	7	0	0.0
176542	8	38	59	0	0.0
176542	1	30	5	0	0.0
176542	18	5	245	1	0.004081632653061225
176542	7	15	109	0	0.0
176542	21	7	693	0	0.0
176542	8	40	131	0	0.0
176542	4	33	78	0	0.0
176542	9	6	19	4	0.21052631578947367
176542	24	5	405	0	0.0
176542	49	6	1967	145	0.07371631926792069
176542	35	7	48	0	0.0
176542	4	10	390	0	0.0
176542	7	50	76	0	0.0
176542	3	11	7	0	0.0
176542	33	1	169	3	0.01775147928994083
176542	17	8	20	0	0.0
176542	22	3	205	0	0.0
176542	5	17	60	8	0.13333333333333333
176542	52	7	168	0	0.0
176542	1	9	30	0	0.0
176542	2	35	34	0	0.0
176542	1	13	10	0	0.0
176542	8	26	41	0	0.0
176542	6	28	736	152	0.20652173913043478
176542	5	52	2852	67	0.023492286115007012
176542	27	1	6	0	0.0
176542	7	28	247	0	0.0
176542	1	37	5149	2	0.0003884249368809478
176542	7	49	33	0	0.0
176542	16	8	118	0	0.0
176542	3	35	947	0	0.0
176542	6	52	1806	4	0.0022148394241417496
176542	37	3	92	0	0.0
176542	23	3	3193	0	0.0
176542	6	50	1012	2	0.001976284584980237
176542	6	15	4195	43	0.010250297973778308
176542	4	50	5	0	0.0
176542	28	4	24	0	0.0
176542	28	8	901	0	0.0
176542	14	8	28	0	0.0
176542	11	6	19	1	0.05263157894736842
176542	4	15	1	0	0.0
176542	21	3	2729	0	0.0
176542	9	3	9	0	0.0
176542	24	1	16	0	0.0
176542	6	17	325	5	0.015384615384615385
176542	1	35	19	0	0.0
176542	5	49	1238	31	0.025040387722132473
176542	54	5	1062	28	0.026365348399246705
176542	29	8	261	0	0.0
176542	5	28	187	1	0.0053475935828877
176542	3	13	3	0	0.0
176542	40	5	1056	1	0.000946969696969697
176542	19	1	9084	26	0.0028621752531924264
176542	31	1	115	0	0.0
176542	1	11	8	0	0.0
176542	2	37	2220	23	0.01036036036036036
176542	8	19	156	0	0.0
176542	5	50	2134	54	0.02530459231490159
176542	2	33	242	7	0.028925619834710745
176542	38	6	3079	246	0.07989607015264696
176542	15	8	194	0	0.0
176542	5	15	526	17	0.03231939163498099
176542	40	7	24	0	0.0
176542	7	17	28	0	0.0
176542	25	1	327	0	0.0
176542	8	24	5130	0	0.0
176542	8	20	2328	0	0.0
176542	20	3	1164	0	0.0
176542	6	33	43	3	0.06976744186046512
176542	11	4	51	0	0.0
176542	39	4	665	0	0.0
176542	4	35	13	0	0.0
176542	18	3	1	0	0.0
176542	21	1	1914	70	0.03657262277951933
176542	39	8	14	0	0.0
176542	11	8	3	0	0.0
176542	20	1	59	0	0.0
176542	25	3	284	0	0.0
176542	1	28	2	0	0.0
176542	8	41	3	0	0.0
176542	8	43	1	0	0.0
176542	24	3	64	0	0.0
176542	31	3	178	0	0.0
176542	2	50	13	0	0.0
176542	3	33	107	0	0.0
176542	41	7	1	0	0.0
176542	19	3	11109	0	0.0
176542	22	1	357	3	0.008403361344537815
176542	27	3	116	0	0.0
176542	3	28	4	0	0.0
176542	6	35	80	14	0.175
176542	8	22	5186	0	0.0
176542	26	3	1	0	0.0
176542	4	37	189	0	0.0
176542	3	15	2	0	0.0
176542	2	45	2643	1	0.00037835792659856227
176542	43	2	1148	2	0.0017421602787456446
176542	6	41	33	0	0.0
176542	42	2	834	31	0.03717026378896882
176542	22	4	1666	0	0.0
176542	4	43	77	0	0.0
176542	23	1	89	2	0.02247191011235955
176542	6	54	5878	40	0.006805035726437564
176542	4	13	25	0	0.0
176542	36	8	4	0	0.0
176542	2	3	353	9	0.025495750708215296
176542	7	39	4	0	0.0
176542	4	5	4	0	0.0
176542	2	24	75	2	0.02666666666666667
176542	35	8	42	0	0.0
176542	6	7	208	13	0.0625
176542	26	6	215	10	0.046511627906976744
176542	4	20	588	0	0.0
176542	6	5	3484	1026	0.2944890929965557
176542	23	4	4299	0	0.0
176542	2	19	1097	0	0.0
176542	6	20	2579	81	0.031407522295463355
176542	2	1	2285	165	0.07221006564551423
176542	21	4	2903	0	0.0
176542	18	6	826	45	0.05447941888619855
176542	6	22	6027	1031	0.17106354737016757
176542	4	7	26	0	0.0
176542	19	6	5	0	0.0
176542	34	8	96	0	0.0
176542	5	7	1112	6	0.00539568345323741
176542	8	54	13	0	0.0
176542	1	3	1903	15	0.007882291119285338
176542	24	6	1871	328	0.17530732228754678
176542	39	1	2789	0	0.0
176542	41	2	11496	175	0.015222686151704941
176542	2	47	5582	23	0.004120386958079541
176542	7	1	4	0	0.0
176542	8	50	13	0	0.0
176542	4	41	745	0	0.0
176542	38	3	1	0	0.0
176542	6	43	103	6	0.05825242718446602
176542	39	3	295	0	0.0
176542	44	2	196	0	0.0
176542	4	45	30	0	0.0
176542	24	4	294	0	0.0
176542	5	3	11	0	0.0
176542	21	6	720	98	0.1361111111111111
176542	4	3	2194	0	0.0
176542	30	8	6733	0	0.0
176542	4	19	4265	0	0.0
176542	25	4	113	0	0.0
176542	8	33	118	0	0.0
176542	2	22	840	12	0.014285714285714285
176542	2	20	20	0	0.0
176542	27	4	1006	0	0.0
176542	2	7	11	1	0.09090909090909091
176542	46	2	165	1	0.006060606060606061
176542	6	3	8	0	0.0
176542	4	26	1	0	0.0
176542	3	7	129	0	0.0
176542	2	27	209	0	0.0
176542	6	1	2	0	0.0
176542	23	6	58	6	0.10344827586206896
176542	4	1	208	0	0.0
176542	4	47	96	0	0.0
176542	4	6	9	0	0.0
176542	8	52	14	0	0.0
176542	38	7	38	0	0.0
176542	5	38	1905	19	0.009973753280839895
176542	4	40	4	0	0.0
176542	2	25	207	0	0.0
176542	6	40	927	41	0.04422869471413161
176542	4	2	1241	15	0.012087026591458501
176542	46	6	57	5	0.08771929824561403
176542	46	4	11	0	0.0
176542	44	6	25	1	0.04
176542	23	2	841	18	0.02140309155766944
176542	4	44	14	0	0.0
176542	2	18	5	0	0.0
176542	2	6	43	3	0.06976744186046512
176542	42	4	93	0	0.0
176542	21	2	6873	253	0.03681070856976575
176542	8	51	4	0	0.0
176542	53	8	4	0	0.0
177140	1	34	14	0	0.0
177140	25	7	4	0	0.0
177140	2	12	194	0	0.0
177140	31	7	186	0	0.0
177140	4	29	1952	0	0.0
177140	2	8	6	0	0.0
177140	19	7	385	0	0.0
177140	41	3	197	0	0.0
177140	3	36	105	0	0.0
177140	50	1	11	0	0.0
177140	6	53	113	0	0.0
177140	44	1	166	25	0.15060240963855423
177140	34	5	210	16	0.0761904761904762
177140	6	16	5142	96	0.01866977829638273
177140	5	48	2757	117	0.042437431991294884
177140	5	30	3840	8	0.0020833333333333333
177140	20	5	7635	227	0.029731499672560575
177140	21	5	12	0	0.0
177140	7	32	614	0	0.0
177140	4	14	1	0	0.0
177140	48	8	458	0	0.0
177140	9	2	2698	4	0.0014825796886582653
177140	35	5	52	1	0.019230769230769232
177140	14	2	3	0	0.0
177140	49	8	6	0	0.0
177140	5	14	589	2	0.003395585738539898
177140	4	30	51	0	0.0
177140	5	51	461	148	0.3210412147505423
177140	8	18	25	0	0.0
177140	7	53	1	0	0.0
177140	5	29	5	0	0.0
177140	30	7	359	2	0.005571030640668524
177140	45	1	2469	171	0.0692588092345079
177140	2	36	5	0	0.0
177140	29	2	22234	2772	0.12467392282090492
177140	40	3	3	0	0.0
177140	1	10	1079	32	0.029657089898053754
177140	7	16	34	0	0.0
177140	18	7	11	0	0.0
177140	24	7	224	0	0.0
177140	8	27	6	0	0.0
177140	26	7	35	0	0.0
177140	3	8	6	0	0.0
177140	2	34	7	0	0.0
177140	7	29	89	0	0.0
177140	7	51	15	0	0.0
177140	1	12	81	0	0.0
177140	5	53	15	7	0.4666666666666667
177140	3	10	38	0	0.0
177140	42	3	1	0	0.0
177140	5	16	2172	0	0.0
177140	3	12	1	0	0.0
177140	47	1	1617	70	0.04329004329004329
177140	1	8	4	0	0.0
177140	6	48	8561	554	0.06471206634738932
177140	7	14	11	0	0.0
177140	16	2	5	1	0.2
177140	6	51	651	7	0.010752688172043012
177140	5	32	10	0	0.0
177140	36	5	11	0	0.0
177140	46	1	45	2	0.044444444444444446
177140	6	14	4315	9	0.002085747392815759
177140	43	3	18	0	0.0
177140	6	30	22396	4909	0.2191909269512413
177140	1	36	35	0	0.0
177140	22	5	5379	223	0.041457519985127346
177140	3	34	144	0	0.0
177140	33	7	268	0	0.0
177140	37	7	149	0	0.0
177140	7	48	407	0	0.0
177140	2	10	5931	5	0.0008430281571404484
177140	6	29	142	12	0.08450704225352113
177140	27	7	13	0	0.0
177140	23	7	138	0	0.0
177140	3	48	1	0	0.0
177140	4	12	3	0	0.0
177140	4	8	8	0	0.0
177140	4	16	5	0	0.0
177140	7	34	805	0	0.0
177140	9	4	5	0	0.0
177140	3	30	4	0	0.0
177140	42	1	139	8	0.05755395683453238
177140	13	2	105	0	0.0
177140	2	51	4	0	0.0
177140	2	48	1	0	0.0
177140	33	5	95	1	0.010526315789473684
177140	43	1	2145	173	0.08065268065268065
177140	26	5	1020	6	0.0058823529411764705
177140	8	23	85	0	0.0
177140	2	30	9	0	0.0
177140	47	3	1	0	0.0
177140	3	29	276	0	0.0
177140	36	7	263	0	0.0
177140	4	36	15	0	0.0
177140	6	34	65	18	0.27692307692307694
177140	22	7	3921	5	0.0012751849018107625
177140	1	29	2007	1	0.0004982561036372695
177140	44	3	4	0	0.0
177140	7	8	2398	1	0.0004170141784820684
177140	4	34	18	0	0.0
177140	50	3	1	0	0.0
177140	46	3	3	0	0.0
177140	5	8	99	3	0.030303030303030304
177140	20	7	3485	0	0.0
177140	8	21	294	0	0.0
177140	8	6	272	29	0.10661764705882353
177140	6	36	10	1	0.1
177140	3	16	2	0	0.0
177140	19	5	1	0	0.0
177140	3	32	127	0	0.0
177140	24	5	1750	12	0.006857142857142857
177140	41	1	4040	100	0.024752475247524754
177140	2	53	13	1	0.07692307692307693
177140	11	2	1424	10	0.007022471910112359
177140	8	40	16	0	0.0
177140	49	6	815	11	0.013496932515337423
177140	39	2	2712	1	0.0003687315634218289
177140	8	38	71	0	0.0
177140	18	5	728	4	0.005494505494505495
177140	4	10	19	0	0.0
177140	45	3	33	0	0.0
177140	35	7	75	0	0.0
177140	21	7	498	0	0.0
177140	54	1	1	0	0.0
177140	46	7	1	0	0.0
177140	4	33	348	0	0.0
177140	6	31	1	0	0.0
177140	7	15	55	0	0.0
177140	7	50	66	0	0.0
177140	52	7	63	0	0.0
177140	33	1	415	18	0.043373493975903614
177140	17	8	2	0	0.0
177140	3	11	22	0	0.0
177140	8	26	9	0	0.0
177140	27	1	1061	16	0.015080113100848256
177140	5	17	14	2	0.14285714285714285
177140	22	3	81	0	0.0
177140	1	13	32	0	0.0
177140	5	52	2124	377	0.17749529190207156
177140	6	28	270	29	0.10740740740740741
177140	1	9	594	0	0.0
177140	3	35	188	0	0.0
177140	2	35	15	0	0.0
177140	7	49	18	0	0.0
177140	16	8	39	0	0.0
177140	7	28	9	0	0.0
177140	9	3	4	0	0.0
177140	1	37	6728	9	0.00133769322235434
177140	6	17	63	2	0.031746031746031744
177140	6	15	3522	15	0.004258943781942078
177140	6	52	3137	3	0.000956327701625757
177140	37	3	440	0	0.0
177140	2	54	2	0	0.0
177140	23	3	2523	0	0.0
177140	21	3	1849	0	0.0
177140	14	8	7	0	0.0
177140	28	8	70	0	0.0
177140	6	50	2796	22	0.007868383404864092
177140	1	35	33	0	0.0
177140	5	49	670	168	0.2507462686567164
177140	40	5	2190	4	0.0018264840182648401
177140	8	24	3453	0	0.0
177140	29	8	100	0	0.0
177140	5	28	203	0	0.0
177140	54	5	1064	57	0.05357142857142857
177140	31	1	583	0	0.0
177140	2	37	2242	2	0.0008920606601248885
177140	8	19	9	0	0.0
177140	1	11	511	0	0.0
177140	38	6	1225	14	0.011428571428571429
177140	15	8	30	0	0.0
177140	25	1	4340	33	0.007603686635944701
177140	19	1	16596	261	0.015726681127982648
177140	20	3	104	0	0.0
177140	6	33	14	2	0.14285714285714285
177140	39	8	2	0	0.0
177140	2	33	248	9	0.036290322580645164
177140	5	50	1191	216	0.181360201511335
177140	11	4	9	0	0.0
177140	4	35	28	0	0.0
177140	45	5	1	1	1.0
177140	8	20	727	0	0.0
177140	39	4	75	0	0.0
177140	20	1	11	0	0.0
177140	24	3	1	0	0.0
177140	5	15	819	113	0.13797313797313798
177140	40	7	12	0	0.0
177140	21	1	5870	105	0.01788756388415673
177140	4	54	1	0	0.0
177140	25	3	641	0	0.0
177140	31	3	758	0	0.0
177140	41	7	9	0	0.0
177140	2	50	12	0	0.0
177140	22	1	2	0	0.0
177140	3	28	3	0	0.0
177140	27	3	125	0	0.0
177140	2	52	1	0	0.0
177140	43	7	9	0	0.0
177140	6	35	16	1	0.0625
177140	3	33	330	0	0.0
177140	4	13	7	0	0.0
177140	4	37	85	0	0.0
177140	19	3	13432	3	0.00022334723049434186
177140	23	1	689	2	0.002902757619738752
177140	6	54	3632	7	0.0019273127753303965
177140	2	31	30	0	0.0
177140	26	3	4	0	0.0
177140	8	22	5859	0	0.0
177140	3	15	1	0	0.0
177140	4	43	78	0	0.0
177140	22	4	116	0	0.0
177140	36	8	12	0	0.0
177140	6	7	189	13	0.06878306878306878
177140	4	5	1	0	0.0
177140	26	6	303	5	0.0165016501650165
177140	2	45	1661	2	0.0012040939193257074
177140	7	39	8	0	0.0
177140	42	2	132	1	0.007575757575757576
177140	43	2	2717	29	0.010673536989326464
177140	23	4	6544	0	0.0
177140	2	3	94	1	0.010638297872340425
177140	2	24	7	1	0.14285714285714285
177140	18	6	1378	52	0.03773584905660377
177140	2	19	2921	11	0.003765833618623759
177140	6	20	1409	64	0.0454222853087296
177140	35	8	34	0	0.0
177140	4	20	33	0	0.0
177140	6	5	3170	462	0.14574132492113565
177140	21	4	10858	0	0.0
177140	2	1	3197	286	0.08945886768845793
177140	24	6	4795	1220	0.25443169968717416
177140	4	7	89	0	0.0
177140	6	22	6746	1635	0.2423658464275126
177140	39	1	5813	9	0.0015482539136418372
177140	5	7	923	35	0.03791982665222102
177140	8	54	14	0	0.0
177140	34	8	103	0	0.0
177140	24	4	36	0	0.0
177140	44	2	260	4	0.015384615384615385
177140	8	50	57	0	0.0
177140	39	3	71	0	0.0
177140	6	43	38	0	0.0
177140	30	8	1872	0	0.0
177140	1	3	1855	1	0.0005390835579514825
177140	7	1	19	1	0.05263157894736842
177140	4	41	475	0	0.0
177140	21	6	94	17	0.18085106382978725
177140	5	3	34	4	0.11764705882352941
177140	4	45	34	0	0.0
177140	41	2	8181	392	0.04791590270138125
177140	2	47	4017	22	0.005476723923325865
177140	4	3	1301	0	0.0
177140	4	19	3981	0	0.0
177140	6	3	17	4	0.23529411764705882
177140	38	3	28	0	0.0
177140	4	47	72	0	0.0
177140	2	22	12	1	0.08333333333333333
177140	23	6	8	1	0.125
177140	8	33	22	0	0.0
177140	2	7	15	0	0.0
177140	25	4	345	0	0.0
177140	8	52	59	0	0.0
177140	6	45	1	1	1.0
177140	46	2	163	8	0.049079754601226995
177140	4	1	210	2	0.009523809523809525
177140	3	7	100	0	0.0
177140	2	27	1682	25	0.014863258026159334
177140	27	4	145	0	0.0
177140	4	6	5	1	0.2
177140	5	38	1413	6	0.004246284501061571
177140	4	40	1	0	0.0
177140	2	25	1216	0	0.0
177140	38	7	862	0	0.0
177140	23	2	2480	116	0.0467741935483871
177645	1	34	82	0	0.0
177140	8	51	6	0	0.0
177140	46	6	67	0	0.0
177140	46	4	1	0	0.0
177140	42	4	1	0	0.0
177140	2	6	1	0	0.0
177140	44	6	3	0	0.0
177140	4	2	165	6	0.03636363636363636
177140	53	8	1	0	0.0
177140	6	40	1183	6	0.00507185122569738
177140	21	2	17595	961	0.05461778914464337
177140	4	44	2	0	0.0
177645	2	8	38	1	0.02631578947368421
177645	6	53	29	1	0.034482758620689655
177645	31	7	569	0	0.0
177645	5	48	4255	254	0.05969447708578143
177645	4	29	938	0	0.0
177645	19	7	1092	0	0.0
177645	41	3	201	0	0.0
177645	44	1	91	32	0.3516483516483517
177645	25	7	3	0	0.0
177645	9	2	3689	0	0.0
177645	3	36	77	0	0.0
177645	5	30	2589	0	0.0
177645	2	12	64	0	0.0
177645	6	16	3606	35	0.009706045479755962
177645	48	8	757	0	0.0
177645	4	14	2	0	0.0
177645	7	32	160	0	0.0
177645	6	32	2	0	0.0
177645	35	5	11	0	0.0
177645	5	51	197	34	0.17258883248730963
177645	21	5	82	0	0.0
177645	14	2	2	0	0.0
177645	15	2	1	0	0.0
177645	8	18	15	0	0.0
177645	5	14	299	0	0.0
177645	49	8	35	0	0.0
177645	20	5	3944	30	0.007606490872210953
177645	34	5	80	2	0.025
177645	45	1	2994	277	0.0925183700734803
177645	28	2	26	0	0.0
177645	2	36	17	1	0.058823529411764705
177645	8	25	13	0	0.0
177645	30	7	231	0	0.0
177645	4	30	79	0	0.0
177645	7	53	2	0	0.0
177645	7	16	7	0	0.0
177645	40	3	1	0	0.0
177645	5	29	4	0	0.0
177645	3	8	22	0	0.0
177645	1	12	23	0	0.0
177645	1	10	1149	23	0.020017406440382943
177645	1	8	42	0	0.0
177645	8	27	37	0	0.0
177645	3	12	2	0	0.0
177645	24	7	1522	0	0.0
177645	7	29	12	0	0.0
177645	2	34	127	1	0.007874015748031496
177645	26	7	12	0	0.0
177645	3	10	21	0	0.0
177645	42	3	77	0	0.0
177645	29	2	20795	2699	0.1297908150997836
177645	37	5	2	0	0.0
177645	5	16	1743	0	0.0
177645	7	51	10	0	0.0
177645	16	2	3	0	0.0
177645	23	5	18	0	0.0
177645	5	53	71	10	0.14084507042253522
177645	7	14	1	0	0.0
177645	6	51	219	11	0.0502283105022831
177645	6	14	3102	15	0.004835589941972921
177645	5	32	10	0	0.0
177645	22	5	1660	4	0.0024096385542168677
177645	36	5	23	0	0.0
177645	47	1	1067	144	0.13495782567947517
177645	6	30	17693	1192	0.06737127677612616
177645	46	1	84	7	0.08333333333333333
177645	4	16	13	0	0.0
177645	6	48	14106	1142	0.08095845739401673
177645	37	7	60	0	0.0
177645	27	7	26	0	0.0
177645	4	8	122	0	0.0
177645	7	48	75	0	0.0
177645	3	34	408	0	0.0
177645	7	34	105	0	0.0
177645	23	7	23	0	0.0
177645	1	36	25	1	0.04
177645	6	29	369	54	0.14634146341463414
177645	43	3	8	0	0.0
177645	3	30	5	0	0.0
177645	33	7	130	0	0.0
177645	2	10	3015	3	0.0009950248756218905
177645	9	4	2	0	0.0
177645	1	32	8	0	0.0
177645	42	1	1052	54	0.051330798479087454
177645	13	2	378	1	0.0026455026455026454
177645	2	51	4	0	0.0
177645	26	5	699	0	0.0
177645	52	3	3	0	0.0
177645	46	3	33	0	0.0
177645	8	23	465	0	0.0
177645	7	10	2	0	0.0
177645	2	48	1	0	0.0
177645	22	7	206	0	0.0
177645	6	34	54	14	0.25925925925925924
177645	33	5	35	0	0.0
177645	3	51	1	0	0.0
177645	36	7	797	0	0.0
177645	2	30	903	48	0.053156146179401995
177645	43	1	921	187	0.20304017372421282
177645	4	36	51	0	0.0
177645	3	29	301	0	0.0
177645	4	34	310	0	0.0
177645	5	8	162	7	0.043209876543209874
177645	7	8	3928	0	0.0
177645	8	6	319	46	0.14420062695924765
177645	8	21	1454	0	0.0
177645	20	7	2539	0	0.0
177645	1	29	2094	0	0.0
177645	6	36	8	1	0.125
177645	31	5	1	0	0.0
177645	24	5	999	0	0.0
177645	39	2	2879	0	0.0
177645	3	16	2	0	0.0
177645	50	3	4	0	0.0
177645	19	5	10	0	0.0
177645	2	32	7	0	0.0
177645	44	3	6	0	0.0
177645	38	2	1	0	0.0
177645	41	1	6445	148	0.02296353762606672
177645	11	2	2671	9	0.0033695245226506927
177645	8	38	198	0	0.0
177645	40	1	1	0	0.0
177645	2	53	1	0	0.0
177645	45	3	42	0	0.0
177645	18	5	700	1	0.0014285714285714286
177645	21	7	259	0	0.0
177645	4	33	313	0	0.0
177645	1	30	4	0	0.0
177645	4	10	8	0	0.0
177645	49	6	2111	115	0.05447655139744197
177645	3	32	60	0	0.0
177645	8	40	154	0	0.0
177645	7	15	69	0	0.0
177645	35	7	36	0	0.0
177645	7	50	8	0	0.0
177645	46	7	1	0	0.0
177645	52	7	61	0	0.0
177645	5	17	3	0	0.0
177645	3	11	31	0	0.0
177645	22	3	448	0	0.0
177645	8	26	32	0	0.0
177645	7	28	9	0	0.0
177645	3	35	495	0	0.0
177645	2	35	10	0	0.0
177645	27	1	274	0	0.0
177645	1	13	218	0	0.0
177645	1	9	926	0	0.0
177645	33	1	476	0	0.0
177645	6	28	303	9	0.0297029702970297
177645	7	49	39	0	0.0
177645	37	3	207	0	0.0
177645	2	54	15	0	0.0
177645	5	52	3384	364	0.10756501182033097
177645	6	50	302	12	0.039735099337748346
177645	16	8	28	0	0.0
177645	23	3	449	0	0.0
177645	1	37	8180	15	0.0018337408312958435
177645	6	15	1801	10	0.00555247084952804
177645	6	17	21	0	0.0
177645	24	1	120	0	0.0
177645	28	4	54	0	0.0
177645	1	35	17	0	0.0
177645	5	49	2423	300	0.12381345439537764
177645	11	6	1	0	0.0
177645	21	3	2707	0	0.0
177645	6	52	2242	17	0.007582515611061552
177645	9	3	20	0	0.0
177645	14	8	1	0	0.0
177645	28	8	1341	0	0.0
177645	40	5	4605	0	0.0
177645	39	6	2	0	0.0
177645	5	28	107	0	0.0
177645	54	5	779	67	0.08600770218228498
177645	29	8	161	0	0.0
177645	8	19	162	0	0.0
177645	44	7	8	0	0.0
177645	1	11	2205	2	0.0009070294784580499
177645	38	6	1493	80	0.0535833891493637
177645	31	1	129	0	0.0
177645	25	1	638	0	0.0
177645	15	8	12	0	0.0
177645	2	37	2182	6	0.002749770852428964
177645	20	3	1859	0	0.0
177645	8	24	4190	1	0.00023866348448687351
177645	5	15	1119	113	0.10098302055406613
177645	6	33	45	4	0.08888888888888889
177645	8	20	609	0	0.0
177645	5	50	687	153	0.22270742358078602
177645	19	1	19011	54	0.0028404607858608173
177645	11	4	4	0	0.0
177645	40	7	2	0	0.0
177645	7	9	2	0	0.0
177645	39	8	8	0	0.0
177645	8	41	2	0	0.0
177645	31	3	335	0	0.0
177645	39	4	195	0	0.0
177645	24	3	116	0	0.0
177645	4	35	15	0	0.0
177645	20	1	235	0	0.0
177645	2	52	3	0	0.0
177645	2	33	228	2	0.008771929824561403
177645	25	3	56	0	0.0
177645	6	37	3	0	0.0
177645	21	1	8120	4	0.0004926108374384236
177645	27	3	254	0	0.0
177645	3	33	438	0	0.0
177645	19	3	9834	0	0.0
177645	43	7	2	0	0.0
177645	6	35	49	12	0.24489795918367346
177645	22	1	279	0	0.0
177645	4	13	2	0	0.0
177645	36	8	6	0	0.0
177645	2	31	13	0	0.0
177645	6	54	7947	194	0.024411727695985905
177645	27	6	1	0	0.0
177645	4	37	9	0	0.0
177645	6	41	11	0	0.0
177645	4	43	23	0	0.0
177645	8	22	2584	0	0.0
177645	42	2	801	20	0.024968789013732832
177645	43	2	608	2	0.003289473684210526
177645	23	1	1950	2	0.0010256410256410256
177645	22	4	2031	0	0.0
177645	2	45	4526	26	0.0057445868316394165
177645	6	7	103	1	0.009708737864077669
177645	26	6	104	2	0.019230769230769232
177645	4	5	8	0	0.0
177645	6	20	696	18	0.02586206896551724
177645	7	39	14	0	0.0
177645	2	1	4075	297	0.07288343558282209
177645	2	24	368	21	0.057065217391304345
177645	6	5	3575	694	0.19412587412587412
177645	35	8	34	0	0.0
177645	2	3	416	3	0.007211538461538462
177645	21	4	5385	0	0.0
177645	4	20	1407	0	0.0
177645	6	22	4857	574	0.1181799464690138
177645	2	19	4545	25	0.005500550055005501
177645	18	6	1096	11	0.010036496350364963
177645	23	4	7293	0	0.0
177645	24	6	1606	183	0.11394769613947696
177645	4	7	43	0	0.0
177645	8	54	4	0	0.0
177645	40	2	3	0	0.0
177645	34	8	48	0	0.0
177645	38	1	1	0	0.0
177645	39	1	5390	0	0.0
177645	5	7	1106	11	0.009945750452079566
177645	8	50	7	0	0.0
177645	1	3	2279	6	0.0026327336551118913
177645	6	43	1	0	0.0
177645	4	41	1143	0	0.0
177645	19	6	11	0	0.0
177645	39	3	75	0	0.0
177645	7	1	67	0	0.0
177645	24	4	970	0	0.0
177645	5	3	5	0	0.0
177645	41	2	15681	689	0.04393852432880556
177645	4	45	15	0	0.0
177645	38	3	5	0	0.0
177645	2	47	12549	52	0.0041437564746194915
177645	25	4	104	0	0.0
177645	2	20	195	0	0.0
177645	21	6	494	50	0.10121457489878542
177645	31	8	3	0	0.0
177645	8	33	304	0	0.0
177645	30	8	2020	0	0.0
177645	44	2	444	9	0.02027027027027027
177645	4	3	1862	0	0.0
177645	2	22	2429	104	0.04281597365170852
177645	6	1	2	0	0.0
177645	4	1	668	2	0.0029940119760479044
177645	4	19	4828	0	0.0
177645	27	4	339	0	0.0
177645	2	7	17	0	0.0
177645	4	26	7	0	0.0
177645	46	2	128	6	0.046875
177645	4	47	23	0	0.0
177645	6	45	1	0	0.0
177645	8	52	3	0	0.0
177645	3	7	159	0	0.0
177645	2	27	273	9	0.03296703296703297
177645	1	5	3	1	0.3333333333333333
177645	6	3	3	0	0.0
177645	23	6	50	12	0.24
177645	38	7	362	0	0.0
177645	5	38	2277	19	0.00834431269213878
177645	4	6	18	3	0.16666666666666666
177645	44	6	3	0	0.0
177645	2	25	99	0	0.0
177645	2	6	6	1	0.16666666666666666
177645	23	2	1341	21	0.015659955257270694
177645	4	40	5	0	0.0
177645	2	18	1	0	0.0
177645	6	40	2464	15	0.006087662337662338
177645	42	4	17	0	0.0
177645	46	4	17	0	0.0
177645	8	51	2	0	0.0
177645	53	8	1	0	0.0
177645	46	6	3	0	0.0
177645	4	2	581	8	0.013769363166953529
177746	2	8	39	0	0.0
177746	1	34	143	0	0.0
177645	21	2	12904	174	0.013484190948543088
177746	2	12	71	0	0.0
177746	31	7	357	0	0.0
177746	25	7	38	0	0.0
177746	4	29	4412	0	0.0
177746	41	3	289	0	0.0
177746	19	7	2494	0	0.0
177746	6	16	2217	21	0.009472259810554804
177746	3	36	527	0	0.0
177746	48	4	18	0	0.0
177746	9	2	1694	0	0.0
177746	5	48	3159	158	0.05001582779360557
177746	48	8	196	0	0.0
177746	6	53	111	2	0.018018018018018018
177746	44	1	160	9	0.05625
177746	50	1	2	2	1.0
177746	34	5	5	0	0.0
177746	7	32	184	0	0.0
177746	5	30	861	0	0.0
177746	14	2	14	0	0.0
177746	35	5	24	0	0.0
177746	15	2	7	3	0.42857142857142855
177746	4	14	14	0	0.0
177746	21	5	224	0	0.0
177746	28	2	36	0	0.0
177746	20	5	14295	210	0.014690451206715634
177746	6	32	4	0	0.0
177746	5	14	71	1	0.014084507042253521
177746	40	3	7	0	0.0
177746	49	8	33	0	0.0
177746	7	16	8	0	0.0
177746	2	36	52	2	0.038461538461538464
177746	51	1	9	9	1.0
177746	8	25	41	0	0.0
177746	45	1	2129	101	0.04744011272898074
177746	4	30	150	0	0.0
177746	5	51	259	55	0.21235521235521235
177746	8	18	9	0	0.0
177746	1	10	498	30	0.060240963855421686
177746	5	29	26	0	0.0
177746	18	7	12	0	0.0
177746	24	7	257	0	0.0
177746	29	2	17335	784	0.04522642053648688
177746	8	27	41	0	0.0
177746	30	7	367	0	0.0
177746	3	12	1	0	0.0
177746	1	8	10	0	0.0
177746	42	3	17	0	0.0
177746	2	34	62	0	0.0
177746	3	10	93	0	0.0
177746	1	12	16	0	0.0
177746	26	7	708	0	0.0
177746	3	8	23	0	0.0
177746	7	29	129	0	0.0
177746	47	1	258	8	0.031007751937984496
177746	7	14	12	0	0.0
177746	5	16	327	0	0.0
177746	22	5	1216	2	0.001644736842105263
177746	5	53	33	5	0.15151515151515152
177746	6	48	6957	247	0.03550380911312347
177746	16	2	34	0	0.0
177746	4	32	1	0	0.0
177746	17	2	2	2	1.0
177746	36	5	10	0	0.0
177746	6	14	2939	4	0.0013610071452875127
177746	23	5	41	0	0.0
177746	6	51	620	13	0.020967741935483872
177746	6	30	16230	1882	0.1159581022797289
177746	7	51	21	0	0.0
177746	5	32	60	0	0.0
177746	46	1	36	1	0.027777777777777776
177746	43	3	44	0	0.0
177746	4	53	3	0	0.0
177746	7	48	92	0	0.0
177746	4	16	55	0	0.0
177746	1	36	105	0	0.0
177746	8	46	1	0	0.0
177746	27	7	40	0	0.0
177746	4	12	2	0	0.0
177746	7	34	186	0	0.0
177746	2	10	3716	1	0.00026910656620021526
177746	4	8	55	0	0.0
177746	3	34	381	0	0.0
177746	33	7	426	0	0.0
177746	6	29	1194	94	0.07872696817420435
177746	37	7	9	0	0.0
177746	23	7	125	0	0.0
177746	6	10	21	16	0.7619047619047619
177746	1	32	5	0	0.0
177746	53	3	1	0	0.0
177746	8	23	229	0	0.0
177746	3	30	10	0	0.0
177746	42	1	999	38	0.03803803803803804
177746	2	51	47	47	1.0
177746	1	16	1	0	0.0
177746	13	2	236	1	0.00423728813559322
177746	43	1	1864	128	0.06866952789699571
177746	9	4	2	0	0.0
177746	26	5	713	3	0.004207573632538569
177746	46	3	3	0	0.0
177746	27	5	9	0	0.0
177746	2	48	32	0	0.0
177746	33	5	93	0	0.0
177746	2	30	133	3	0.022556390977443608
177746	4	36	87	0	0.0
177746	7	10	4	0	0.0
177746	4	34	332	0	0.0
177746	36	7	1182	0	0.0
177746	5	8	237	14	0.05907172995780591
177746	7	8	3227	0	0.0
177746	3	29	366	0	0.0
177746	6	34	14	1	0.07142857142857142
177746	6	36	30	1	0.03333333333333333
177746	5	10	18	18	1.0
177746	22	7	1297	0	0.0
177746	44	3	15	0	0.0
177746	8	6	622	72	0.1157556270096463
177746	1	29	528	0	0.0
177746	20	7	13308	43	0.0032311391644123835
177746	3	16	3	0	0.0
177746	50	3	1	0	0.0
177746	2	32	4	0	0.0
177746	31	5	8	0	0.0
177746	25	5	4	0	0.0
177746	24	5	884	3	0.003393665158371041
177746	19	5	116	0	0.0
177746	49	6	816	34	0.041666666666666664
177746	3	32	242	0	0.0
177746	8	21	1236	0	0.0
177746	18	5	254	2	0.007874015748031496
177746	41	1	2872	72	0.025069637883008356
177746	40	1	5	0	0.0
177746	38	2	6	3	0.5
177746	11	2	1106	0	0.0
177746	39	2	3455	0	0.0
177746	1	30	10	0	0.0
177746	45	3	68	0	0.0
177746	21	7	1007	0	0.0
177746	2	53	162	0	0.0
177746	4	10	79	0	0.0
177746	35	7	102	0	0.0
177746	9	6	5	1	0.2
177746	8	40	668	0	0.0
177746	8	38	194	0	0.0
177746	52	7	101	0	0.0
177746	22	3	468	0	0.0
177746	5	17	81	18	0.2222222222222222
177746	5	52	1828	176	0.0962800875273523
177746	7	15	40	0	0.0
177746	4	33	228	0	0.0
177746	7	50	121	0	0.0
177746	27	1	62	0	0.0
177746	33	1	210	1	0.004761904761904762
177746	7	49	12	0	0.0
177746	3	11	49	0	0.0
177746	42	5	3	3	1.0
177746	16	8	9	0	0.0
177746	1	13	122	0	0.0
177746	6	28	758	58	0.07651715039577836
177746	7	28	64	0	0.0
177746	43	5	13	13	1.0
177746	1	37	7272	7	0.0009625962596259626
177746	2	35	14	0	0.0
177746	17	8	3	0	0.0
177746	1	9	125	0	0.0
177746	8	26	2370	0	0.0
177746	26	1	9	0	0.0
177746	3	35	1537	0	0.0
177746	37	3	531	0	0.0
177746	6	52	1062	2	0.0018832391713747645
177746	2	54	13	0	0.0
177746	4	15	7	0	0.0
177746	6	17	190	4	0.021052631578947368
177746	21	3	2647	0	0.0
177746	6	15	3033	17	0.00560501153972964
177746	28	4	60	0	0.0
177746	28	8	1931	0	0.0
177746	1	35	29	0	0.0
177746	6	50	1579	4	0.00253324889170361
177746	24	1	10	0	0.0
177746	54	5	1214	33	0.027182866556836903
177746	5	49	391	28	0.07161125319693094
177746	14	8	3	0	0.0
177746	39	6	12	1	0.08333333333333333
177746	11	6	7	1	0.14285714285714285
177746	9	3	10	0	0.0
177746	23	3	1767	0	0.0
177746	25	1	653	3	0.004594180704441042
177746	29	8	637	0	0.0
177746	2	37	2602	5	0.001921598770176787
177746	15	8	34	0	0.0
177746	8	19	311	0	0.0
177746	31	1	1492	0	0.0
177746	5	28	175	0	0.0
177746	8	24	952	0	0.0
177746	3	13	4	0	0.0
177746	40	5	1910	0	0.0
177746	38	6	1635	48	0.029357798165137616
177746	19	1	10175	25	0.002457002457002457
177746	7	17	14	0	0.0
177746	1	11	465	0	0.0
177746	20	3	2094	0	0.0
177746	5	15	327	5	0.01529051987767584
177746	5	50	2286	247	0.10804899387576553
177746	11	4	22	0	0.0
177746	6	33	130	5	0.038461538461538464
177746	2	33	112	0	0.0
177746	39	4	567	0	0.0
177746	18	3	1	0	0.0
177746	40	7	135	0	0.0
177746	6	37	2	2	1.0
177746	24	3	16	0	0.0
177746	8	20	7135	0	0.0
177746	11	8	2	0	0.0
177746	39	8	22	0	0.0
177746	4	35	50	0	0.0
177746	21	1	2698	7	0.0025945144551519643
177746	1	28	9	0	0.0
177746	45	5	13	10	0.7692307692307693
177746	44	5	9	9	1.0
177746	10	8	5	0	0.0
177746	20	1	856	0	0.0
177746	8	41	10	0	0.0
177746	31	3	934	0	0.0
177746	38	4	3	0	0.0
177746	25	3	2511	0	0.0
177746	2	50	16	0	0.0
177746	27	3	151	0	0.0
177746	3	33	457	0	0.0
177746	19	3	16288	0	0.0
177746	22	1	211	0	0.0
177746	4	13	5	0	0.0
177746	7	11	1	0	0.0
177746	3	28	4	0	0.0
177746	6	35	45	2	0.044444444444444446
177746	26	3	15	0	0.0
177746	3	15	4	0	0.0
177746	6	54	5611	15	0.002673320263767599
177746	4	37	473	0	0.0
177746	23	1	1201	0	0.0
177746	2	31	234	0	0.0
177746	27	6	40	0	0.0
177746	6	41	110	0	0.0
177746	4	43	14	0	0.0
177746	8	22	5180	0	0.0
177746	36	8	36	0	0.0
177746	22	4	964	0	0.0
177746	37	8	3	0	0.0
177746	42	2	931	2	0.0021482277121374865
177746	6	7	222	4	0.018018018018018018
177746	43	2	2427	0	0.0
177746	2	24	27	0	0.0
177746	7	39	31	0	0.0
177746	2	45	2222	1	0.00045004500450045
177746	26	6	544	11	0.02022058823529412
177746	23	4	3264	0	0.0
177746	4	5	25	0	0.0
177746	4	20	1849	0	0.0
177746	2	1	2000	359	0.1795
177746	2	3	202	0	0.0
177746	6	20	4281	109	0.025461340808222377
177746	2	19	2327	0	0.0
177746	35	8	59	0	0.0
177746	5	39	7	0	0.0
177746	18	6	1199	27	0.022518765638031693
177746	6	22	6968	958	0.13748564867967852
177746	5	7	984	24	0.024390243902439025
177746	40	2	14	0	0.0
177746	21	4	5743	0	0.0
177746	6	5	2107	451	0.21404841006169908
177746	39	1	2676	1	0.0003736920777279522
177746	4	7	77	0	0.0
177746	24	6	2674	401	0.149962602842184
177746	25	6	6	0	0.0
177746	38	1	1	1	1.0
177746	2	26	30	0	0.0
177746	34	8	47	0	0.0
177746	8	54	4	0	0.0
177746	6	43	173	0	0.0
177746	41	2	9030	15	0.0016611295681063123
177746	19	6	21	0	0.0
177746	24	4	63	0	0.0
177746	1	3	793	2	0.0025220680958385876
177746	7	1	33	1	0.030303030303030304
177746	8	50	6	0	0.0
177746	5	3	11	0	0.0
177746	2	47	4961	0	0.0
177746	18	4	4	0	0.0
177746	4	41	726	0	0.0
177746	39	3	680	0	0.0
177746	21	6	925	110	0.11891891891891893
177746	30	8	3023	0	0.0
177746	4	45	13	0	0.0
177746	44	2	230	0	0.0
177746	2	5	54	49	0.9074074074074074
177746	2	22	480	1	0.0020833333333333333
177746	31	8	3	0	0.0
177746	4	19	3094	0	0.0
177746	38	3	21	0	0.0
177746	6	1	6	3	0.5
177746	6	3	17	0	0.0
177746	4	1	337	2	0.005934718100890208
177746	27	4	1119	0	0.0
177746	2	20	190	0	0.0
177746	8	33	241	0	0.0
177746	4	26	71	0	0.0
177746	4	3	1799	0	0.0
177746	3	7	205	0	0.0
177746	46	2	503	0	0.0
177746	1	5	11	9	0.8181818181818182
177746	2	7	30	1	0.03333333333333333
177746	25	4	396	0	0.0
177746	38	7	255	0	0.0
177746	8	52	4	0	0.0
177746	23	6	140	20	0.14285714285714285
177746	2	27	855	3	0.0035087719298245615
177746	42	4	13	0	0.0
177746	2	25	481	0	0.0
177746	2	6	92	44	0.4782608695652174
177746	4	6	73	4	0.0547945205479452
177746	4	40	25	0	0.0
177746	8	51	19	0	0.0
177746	4	44	13	0	0.0
177746	4	47	10	0	0.0
177746	46	6	78	1	0.01282051282051282
177746	5	38	2617	16	0.00611387084447841
177746	44	6	25	24	0.96
177746	21	2	6605	39	0.0059046177138531416
177746	2	18	7	2	0.2857142857142857
177746	46	4	1	0	0.0
177746	4	2	605	1	0.001652892561983471
177746	23	2	3473	6	0.0017276130146847107
177746	6	40	1801	17	0.009439200444197668
178142	31	7	95	0	0.0
178142	2	8	284	12	0.04225352112676056
178142	44	1	396	15	0.03787878787878788
178142	3	36	199	0	0.0
178142	4	29	348	0	0.0
178142	1	34	633	20	0.0315955766192733
178142	6	53	70	1	0.014285714285714285
178142	2	12	134	0	0.0
178142	9	2	2049	1	0.0004880429477794046
178142	25	7	448	0	0.0
178142	5	48	2004	94	0.046906187624750496
178142	19	7	3890	0	0.0
178142	6	16	4311	31	0.0071909069821387145
178142	41	3	24	0	0.0
178142	48	4	3	0	0.0
178142	5	30	2231	1	0.00044822949350067237
178142	48	8	109	0	0.0
178142	34	5	55	0	0.0
178142	4	14	6	0	0.0
178142	7	32	313	0	0.0
178142	14	2	3	1	0.3333333333333333
178142	15	2	49	46	0.9387755102040817
178142	28	2	246	4	0.016260162601626018
178142	35	5	54	2	0.037037037037037035
178142	21	5	1072	4	0.0037313432835820895
178142	6	32	9	0	0.0
178142	49	8	10	0	0.0
178142	5	14	187	2	0.0106951871657754
178142	20	5	15320	60	0.0039164490861618795
178142	5	51	339	38	0.11209439528023599
178142	8	18	1	0	0.0
178142	29	2	13962	2016	0.14439192092823377
178142	51	1	62	61	0.9838709677419355
178142	4	30	1676	0	0.0
178142	45	1	4545	208	0.04576457645764576
178142	7	53	4	1	0.25
178142	40	3	559	0	0.0
178142	30	7	233	1	0.004291845493562232
178142	18	7	8	0	0.0
178142	7	16	71	0	0.0
178142	1	10	345	24	0.06956521739130435
178142	2	36	173	6	0.03468208092485549
178142	8	25	826	0	0.0
178142	3	12	7	0	0.0
178142	5	29	3	0	0.0
178142	1	12	8	0	0.0
178142	7	29	12	0	0.0
178142	3	8	1003	0	0.0
178142	24	7	293	0	0.0
178142	26	7	639	0	0.0
178142	1	8	346	11	0.031791907514450865
178142	2	34	267	7	0.026217228464419477
178142	8	27	1016	0	0.0
178142	3	10	197	0	0.0
178142	42	3	49	0	0.0
178142	5	16	555	0	0.0
178142	47	1	56	7	0.125
178142	5	53	55	10	0.18181818181818182
178142	37	5	12	10	0.8333333333333334
178142	7	14	27	0	0.0
178142	46	1	71	7	0.09859154929577464
178142	22	5	1801	1	0.000555247084952804
178142	16	2	26	2	0.07692307692307693
178142	6	51	372	4	0.010752688172043012
178142	4	16	61	0	0.0
178142	7	51	135	0	0.0
178142	6	14	3970	7	0.0017632241813602015
178142	23	5	24	0	0.0
178142	36	5	52	1	0.019230769230769232
178142	6	48	12790	552	0.043158717748240816
178142	5	32	578	0	0.0
178142	6	30	24404	4211	0.1725536797246353
178142	7	48	19	0	0.0
178142	2	10	3723	8	0.0021488047273704003
178142	1	36	128	1	0.0078125
178142	43	3	116	0	0.0
178142	6	29	2392	359	0.1500836120401338
178142	23	7	30	0	0.0
178142	33	7	611	0	0.0
178142	27	7	61	0	0.0
178142	6	10	25	25	1.0
178142	37	7	10	1	0.1
178142	4	12	3	0	0.0
178142	3	34	844	0	0.0
178142	2	51	28	28	1.0
178142	7	34	571	0	0.0
178142	42	1	1797	116	0.06455203116304953
178142	1	32	2	0	0.0
178142	4	8	1436	0	0.0
178142	3	30	27	0	0.0
178142	9	4	3	0	0.0
178142	13	2	25	0	0.0
178142	33	5	337	2	0.005934718100890208
178142	26	5	389	3	0.007712082262210797
178142	46	3	18	0	0.0
178142	43	1	1459	95	0.06511309115832763
178142	7	10	24	1	0.041666666666666664
178142	36	7	726	0	0.0
178142	27	5	17	0	0.0
178142	8	23	628	0	0.0
178142	3	29	63	0	0.0
178142	2	48	8	0	0.0
178142	4	36	283	0	0.0
178142	2	30	1484	121	0.08153638814016173
178142	8	6	675	104	0.15407407407407409
178142	5	8	161	1	0.006211180124223602
178142	1	29	320	0	0.0
178142	4	34	1710	0	0.0
178142	6	34	34	3	0.08823529411764706
178142	22	7	11317	1	8.836264027569144e-05
178142	44	3	150	0	0.0
178142	7	8	3502	0	0.0
178142	5	10	8	8	1.0
178142	31	5	34	0	0.0
178142	11	2	599	2	0.00333889816360601
178142	20	7	15694	0	0.0
178142	25	5	177	0	0.0
178142	3	32	28	0	0.0
178142	41	1	1703	75	0.04403992953611274
178142	6	36	37	5	0.13513513513513514
178142	19	5	1252	1	0.0007987220447284345
178142	39	2	3384	1	0.0002955082742316785
178142	8	21	7440	0	0.0
178142	1	30	9	0	0.0
178142	18	5	391	1	0.0025575447570332483
178142	24	5	386	0	0.0
178142	49	6	2920	29	0.00993150684931507
178142	40	1	237	29	0.12236286919831224
178142	8	40	986	0	0.0
178142	2	53	11	1	0.09090909090909091
178142	8	38	71	3	0.04225352112676056
178142	45	3	409	1	0.0024449877750611247
178142	35	7	127	0	0.0
178142	4	10	81	0	0.0
178142	7	50	26	0	0.0
178142	52	7	93	1	0.010752688172043012
178142	21	7	1389	0	0.0
178142	4	33	385	0	0.0
178142	7	15	68	2	0.029411764705882353
178142	5	17	9	0	0.0
178142	9	6	6	0	0.0
178142	6	31	2	0	0.0
178142	3	11	16	0	0.0
178142	27	1	12	0	0.0
178142	22	3	2506	0	0.0
178142	5	52	3504	233	0.06649543378995434
178142	43	5	1	1	1.0
178142	1	9	46	0	0.0
178142	33	1	431	17	0.03944315545243619
178142	8	26	218	0	0.0
178142	1	13	6	0	0.0
178142	2	35	53	0	0.0
178142	6	28	483	44	0.09109730848861283
178142	7	49	7	0	0.0
178142	7	28	1508	0	0.0
178142	16	8	9	0	0.0
178142	3	35	600	0	0.0
178142	23	3	364	0	0.0
178142	26	1	223	6	0.026905829596412557
178142	1	37	5496	11	0.0020014556040756915
178142	37	3	806	1	0.0012406947890818859
178142	4	15	18	0	0.0
178142	4	50	1	0	0.0
178142	6	15	3631	64	0.017625998347562656
178142	45	7	1	1	1.0
178142	6	17	67	0	0.0
178142	6	50	1993	15	0.007526342197691922
178142	6	52	3542	11	0.003105590062111801
178142	9	3	16	0	0.0
178142	14	8	1	0	0.0
178142	11	6	55	2	0.03636363636363636
178142	24	1	162	4	0.024691358024691357
178142	28	4	1266	0	0.0
178142	5	49	1403	76	0.0541696364932288
178142	39	6	196	6	0.030612244897959183
178142	28	8	3162	0	0.0
178142	21	3	11432	0	0.0
178142	5	28	157	0	0.0
178142	1	35	231	6	0.025974025974025976
178142	54	5	44	0	0.0
178142	3	13	4	0	0.0
178142	31	1	432	0	0.0
178142	40	5	977	1	0.0010235414534288639
178142	25	1	1028	25	0.024319066147859923
178142	29	8	459	0	0.0
178142	38	6	1174	47	0.04003407155025554
178142	1	11	28	0	0.0
178142	15	8	59	3	0.05084745762711865
178142	8	24	2102	0	0.0
178142	2	37	1113	7	0.006289308176100629
178142	19	1	13276	431	0.03246459777041277
178142	8	19	1670	0	0.0
178142	7	17	3	0	0.0
178142	4	31	8	0	0.0
178142	5	15	875	90	0.10285714285714286
178142	20	3	6010	0	0.0
178142	6	33	557	13	0.02333931777378815
178142	44	7	15	10	0.6666666666666666
178142	2	33	228	9	0.039473684210526314
178142	5	50	1720	146	0.08488372093023255
178142	11	4	3	0	0.0
178142	39	8	297	0	0.0
178142	6	37	4	3	0.75
178142	39	4	1452	0	0.0
178142	8	20	9186	1	0.00010886131069018071
178142	40	7	582	0	0.0
178142	4	35	135	0	0.0
178142	1	15	14	14	1.0
178142	11	8	9	0	0.0
178142	24	3	367	0	0.0
178142	21	1	2730	84	0.03076923076923077
178142	45	5	3	3	1.0
178142	1	28	220	3	0.013636363636363636
178142	44	5	133	132	0.9924812030075187
178142	10	8	38	0	0.0
178142	8	41	1	0	0.0
178142	20	1	710	3	0.004225352112676056
178142	41	7	1	0	0.0
178142	2	50	21	2	0.09523809523809523
178142	25	3	2798	0	0.0
178142	31	3	1055	0	0.0
178142	43	7	21	2	0.09523809523809523
178142	38	4	4	0	0.0
178142	3	33	879	0	0.0
178142	27	3	930	0	0.0
178142	19	3	21430	10	0.0004666355576294914
178142	22	1	1259	16	0.012708498808578236
178142	6	54	7567	25	0.0033038192150125546
178142	3	28	1143	0	0.0
178142	23	1	122	0	0.0
178142	6	35	180	34	0.18888888888888888
178142	26	3	1134	0	0.0
178142	4	37	421	1	0.0023752969121140144
178142	3	15	14	0	0.0
178142	2	31	31	0	0.0
178142	36	8	58	0	0.0
178142	6	41	29	0	0.0
178142	8	22	8385	0	0.0
178142	4	43	10	0	0.0
178142	27	6	577	6	0.010398613518197574
178142	2	45	3708	35	0.009439050701186624
178142	8	9	2	0	0.0
178142	43	2	1494	36	0.024096385542168676
178142	22	4	6215	0	0.0
178142	6	7	577	26	0.045060658578856154
178142	42	2	2029	60	0.02957121734844751
178142	26	6	433	4	0.009237875288683603
178142	37	8	2	0	0.0
178142	2	1	2449	238	0.09718252347897101
178142	7	39	58	0	0.0
178142	4	5	509	0	0.0
178142	2	24	171	4	0.023391812865497075
178142	23	4	1578	0	0.0
178142	2	19	3152	224	0.07106598984771574
178142	2	3	595	52	0.08739495798319327
178142	4	20	747	0	0.0
178142	6	20	8281	24	0.0028982007003985027
178142	21	4	4026	0	0.0
178142	35	8	177	0	0.0
178142	39	1	2554	5	0.001957713390759593
178142	2	26	17	2	0.11764705882352941
178142	5	39	45	0	0.0
178142	40	2	125	5	0.04
178142	6	22	5268	591	0.1121867881548975
178142	4	7	1421	0	0.0
178142	18	6	2210	61	0.02760180995475113
178142	24	6	1009	108	0.10703666997026759
178142	6	5	3626	739	0.2038058466629895
178142	5	7	938	7	0.007462686567164179
178142	34	8	406	0	0.0
178142	1	3	2476	188	0.07592891760904685
178142	19	6	776	2	0.002577319587628866
178142	25	6	630	3	0.004761904761904762
178142	8	50	7	0	0.0
178142	8	54	2	0	0.0
178142	7	1	357	44	0.12324929971988796
178142	4	41	177	0	0.0
178142	6	43	3	0	0.0
178142	41	2	12134	643	0.052991593868468766
178142	24	4	1000	0	0.0
178142	39	3	1287	0	0.0
178142	2	47	7729	133	0.017207918230042696
178142	5	3	392	2	0.00510204081632653
178142	30	8	957	1	0.0010449320794148381
178142	44	2	285	4	0.014035087719298246
178142	4	45	7	0	0.0
178142	6	1	280	52	0.18571428571428572
178142	25	4	604	0	0.0
178142	21	6	4744	412	0.08684654300168634
178142	2	5	88	69	0.7840909090909091
178142	4	3	2419	0	0.0
178142	2	20	2	0	0.0
178142	38	3	17	0	0.0
178142	2	22	1781	32	0.017967434025828188
178142	8	33	1209	0	0.0
178142	46	2	208	10	0.04807692307692308
178142	4	19	10989	0	0.0
178142	4	1	166	3	0.018072289156626505
178142	6	3	431	15	0.03480278422273782
178142	4	26	520	0	0.0
178142	27	4	2960	0	0.0
178142	1	5	196	26	0.1326530612244898
178142	3	7	751	0	0.0
178142	2	7	101	15	0.1485148514851485
178142	32	8	12	0	0.0
178142	4	6	890	62	0.0696629213483146
178142	23	6	330	15	0.045454545454545456
178142	38	7	121	1	0.008264462809917356
178142	8	52	6	0	0.0
178142	2	27	278	3	0.01079136690647482
178142	44	6	21	20	0.9523809523809523
178142	5	38	1921	10	0.0052056220718375845
178142	4	40	925	0	0.0
178142	21	2	9767	431	0.044128186751305414
178142	42	4	12	0	0.0
178142	6	40	1159	9	0.007765314926660914
178142	23	2	1144	18	0.015734265734265736
178142	4	44	8	1	0.125
178142	46	6	6	0	0.0
178142	2	6	360	135	0.375
178142	46	4	3	0	0.0
178142	53	8	1	0	0.0
178142	4	2	678	24	0.035398230088495575
178243	4	29	2345	0	0.0
178243	1	34	34	8	0.23529411764705882
178243	25	7	6	0	0.0
178142	2	25	256	0	0.0
178243	2	12	1	0	0.0
178243	3	36	52	0	0.0
178243	19	7	620	0	0.0
178243	31	7	13	0	0.0
178243	41	3	136	0	0.0
178243	2	8	22	2	0.09090909090909091
178243	48	4	2	0	0.0
178243	5	48	1143	118	0.10323709536307961
178243	48	8	411	0	0.0
178243	35	5	27	2	0.07407407407407407
178243	6	16	3235	34	0.010510046367851623
178243	6	53	50	6	0.12
178243	15	2	47	46	0.9787234042553191
178243	44	1	455	16	0.035164835164835165
178243	34	5	97	6	0.061855670103092786
178243	9	2	3811	19	0.004985568092364209
178243	14	2	8	4	0.5
178243	50	1	1	0	0.0
178243	4	14	4	0	0.0
178243	21	5	406	1	0.0024630541871921183
178243	7	32	192	0	0.0
178243	5	30	3789	12	0.003167062549485352
178243	4	30	196	0	0.0
178243	5	14	250	3	0.012
178243	20	5	27910	2560	0.09172339663203152
178243	40	3	3	0	0.0
178243	5	51	124	16	0.12903225806451613
178243	28	2	26	0	0.0
178243	8	25	7	0	0.0
178243	7	53	3	0	0.0
178243	49	8	10	0	0.0
178243	8	18	6	0	0.0
178243	51	1	22	22	1.0
178243	1	10	2910	44	0.015120274914089347
178243	7	16	50	0	0.0
178243	45	1	4444	105	0.023627362736273628
178243	2	36	22	3	0.13636363636363635
178243	29	2	29436	8935	0.3035398831362957
178243	24	7	570	0	0.0
178243	3	8	14	0	0.0
178243	2	34	18	1	0.05555555555555555
178243	5	29	21	0	0.0
178243	1	8	3	0	0.0
178243	18	7	16	0	0.0
178243	30	7	653	4	0.006125574272588055
178243	7	29	53	0	0.0
178243	42	3	6	0	0.0
178243	3	10	15	0	0.0
178243	26	7	379	0	0.0
178243	8	27	6	0	0.0
178243	1	12	1	0	0.0
178243	5	16	1178	3	0.0025466893039049238
178243	6	48	8401	591	0.07034876800380907
178243	37	5	2	1	0.5
178243	5	53	27	3	0.1111111111111111
178243	47	1	861	22	0.025551684088269456
178243	22	5	6213	101	0.016256236922581685
178243	23	5	60	1	0.016666666666666666
178243	7	51	4	0	0.0
178243	6	51	87	1	0.011494252873563218
178243	46	1	58	3	0.05172413793103448
178243	36	5	25	2	0.08
178243	5	32	88	0	0.0
178243	7	14	1	0	0.0
178243	6	14	5106	5	0.0009792401096748924
178243	16	2	13	1	0.07692307692307693
178243	1	36	50	6	0.12
178243	2	10	2197	1	0.0004551661356395084
178243	7	48	133	0	0.0
178243	4	8	45	0	0.0
178243	33	7	131	0	0.0
178243	6	30	37738	6668	0.17669192856007207
178243	4	16	23	0	0.0
178243	6	29	1243	130	0.10458567980691874
178243	3	34	114	0	0.0
178243	37	7	1	0	0.0
178243	9	4	1	0	0.0
178243	23	7	47	0	0.0
178243	2	51	9	9	1.0
178243	42	1	947	19	0.02006335797254488
178243	3	30	3	0	0.0
178243	13	2	231	2	0.008658008658008658
178243	26	5	3990	109	0.02731829573934837
178243	7	34	123	1	0.008130081300813009
178243	6	10	54	54	1.0
178243	27	5	1	0	0.0
178243	33	5	105	3	0.02857142857142857
178243	3	14	1	0	0.0
178243	8	23	168	0	0.0
178243	2	30	104	5	0.04807692307692308
178243	22	7	403	4	0.009925558312655087
178243	43	1	1445	90	0.06228373702422145
178243	2	48	57	0	0.0
178243	36	7	1108	0	0.0
178243	5	8	451	33	0.07317073170731707
178243	7	8	2073	2	0.000964785335262904
178243	4	34	64	0	0.0
178243	6	34	48	13	0.2708333333333333
178243	1	29	2011	0	0.0
178243	46	3	24	0	0.0
178243	4	36	21	0	0.0
178243	3	29	604	2	0.0033112582781456954
178243	5	10	15	9	0.6
178243	8	6	1507	181	0.1201061712010617
178243	50	3	4	0	0.0
178243	44	3	13	0	0.0
178243	20	7	8000	13	0.001625
178243	8	21	1455	0	0.0
178243	3	32	73	0	0.0
178243	6	36	25	2	0.08
178243	25	5	5	0	0.0
178243	19	5	52	1	0.019230769230769232
178243	40	1	2	0	0.0
178243	3	16	10	0	0.0
178243	39	2	2785	3	0.0010771992818671453
178243	24	5	1040	14	0.013461538461538462
178243	11	2	3915	125	0.031928480204342274
178243	49	6	787	29	0.036848792884371026
178243	1	30	1	0	0.0
178243	8	40	292	0	0.0
178243	41	1	3601	152	0.042210497084143296
178243	18	5	290	0	0.0
178243	2	53	25	1	0.04
178243	9	6	2	2	1.0
178243	4	10	11	2	0.18181818181818182
178243	21	7	375	0	0.0
178243	5	52	5371	619	0.11524855706572333
178243	35	7	59	0	0.0
178243	7	15	26	1	0.038461538461538464
178243	8	38	146	0	0.0
178243	52	7	47	2	0.0425531914893617
178243	4	33	78	0	0.0
178243	45	3	20	0	0.0
178243	7	50	21	0	0.0
178243	27	1	44	2	0.045454545454545456
178243	22	3	400	0	0.0
178243	33	1	196	43	0.2193877551020408
178243	3	11	11	0	0.0
178243	6	28	201	30	0.14925373134328357
178243	8	26	106	0	0.0
178243	1	13	75	0	0.0
178243	7	28	330	0	0.0
178243	37	3	73	0	0.0
178243	16	8	21	0	0.0
178243	1	9	750	3	0.004
178243	7	49	1	0	0.0
178243	2	35	6	0	0.0
178243	26	1	2	0	0.0
178243	1	37	9821	117	0.011913247123510844
178243	3	35	429	0	0.0
178243	4	15	1	0	0.0
178243	24	1	59	8	0.13559322033898305
178243	23	3	296	0	0.0
178243	9	3	8	0	0.0
178243	28	8	679	0	0.0
178243	28	4	90	0	0.0
178243	6	15	1165	7	0.006008583690987125
178243	5	49	156	10	0.0641025641025641
178243	21	3	963	0	0.0
178243	39	6	16	3	0.1875
178243	6	52	4599	32	0.006958034355294629
178243	6	50	1437	37	0.025748086290883786
178243	54	5	293	15	0.051194539249146756
178243	40	5	5984	55	0.009191176470588236
178243	1	35	52	7	0.1346153846153846
178243	5	28	150	2	0.013333333333333334
178243	11	6	14	1	0.07142857142857142
178243	38	6	561	7	0.012477718360071301
178243	3	13	1	0	0.0
178243	29	8	435	0	0.0
178243	15	8	21	2	0.09523809523809523
178243	25	1	1815	53	0.029201101928374655
178243	8	24	1793	0	0.0
178243	31	1	875	1	0.001142857142857143
178243	1	11	841	1	0.0011890606420927466
178243	2	37	952	4	0.004201680672268907
178243	8	19	131	0	0.0
178243	4	31	1	0	0.0
178243	6	33	112	22	0.19642857142857142
178243	20	3	916	0	0.0
178243	5	15	2613	163	0.062380405663987754
178243	5	50	973	120	0.12332990750256938
178243	40	7	38	1	0.02631578947368421
178243	2	33	37	4	0.10810810810810811
178243	24	3	83	0	0.0
178243	6	37	6	6	1.0
178243	11	4	11	1	0.09090909090909091
178243	8	20	4161	5	0.001201634222542658
178243	39	4	474	0	0.0
178243	45	5	1	1	1.0
178243	20	1	26	0	0.0
178243	1	15	5	5	1.0
178243	19	1	20652	2056	0.09955452256440055
178243	39	8	21	0	0.0
178243	31	3	221	0	0.0
178243	1	28	2	0	0.0
178243	4	35	26	0	0.0
178243	21	1	7155	880	0.12299091544374563
178243	8	41	3	0	0.0
178243	44	5	22	20	0.9090909090909091
178243	25	3	131	0	0.0
178243	19	3	9158	15	0.0016379122079056563
178243	27	3	8	0	0.0
178243	6	54	6300	147	0.023333333333333334
178243	2	50	3	0	0.0
178243	8	43	1	0	0.0
178243	6	35	34	8	0.23529411764705882
178243	4	13	2	0	0.0
178243	4	37	49	0	0.0
178243	3	33	127	0	0.0
178243	22	1	256	20	0.078125
178243	26	3	22	0	0.0
178243	43	7	1	0	0.0
178243	23	1	550	27	0.04909090909090909
178243	3	28	19	0	0.0
178243	8	22	2568	10	0.003894080996884735
178243	2	31	10	0	0.0
178243	4	43	20	0	0.0
178243	27	6	13	2	0.15384615384615385
178243	22	4	1699	0	0.0
178243	36	8	17	0	0.0
178243	6	41	56	0	0.0
178243	2	45	2413	30	0.012432656444260257
178243	43	2	554	5	0.009025270758122744
178243	7	39	6	0	0.0
178243	4	5	37	2	0.05405405405405406
178243	2	3	71	3	0.04225352112676056
178243	23	4	576	0	0.0
178243	4	20	238	0	0.0
178243	26	6	519	19	0.036608863198458574
178243	42	2	1279	130	0.1016419077404222
178243	2	19	1957	1	0.000510986203372509
178243	6	7	216	54	0.25
178243	2	24	229	23	0.10043668122270742
178243	21	4	4785	0	0.0
178243	2	1	8056	706	0.08763654419066534
178243	6	5	4293	693	0.16142557651991615
178243	18	6	559	15	0.026833631484794274
178243	6	20	3724	550	0.1476906552094522
178243	5	39	1	0	0.0
178243	35	8	25	0	0.0
178243	5	7	721	88	0.12205270457697642
178243	4	7	6	0	0.0
178243	6	22	14739	3110	0.21100481715177422
178243	2	26	16	0	0.0
178243	25	6	6	1	0.16666666666666666
178243	24	6	1953	353	0.18074756784434204
178243	39	1	10636	27	0.0025385483264385106
178243	1	3	1225	153	0.12489795918367347
178243	40	2	13	0	0.0
178243	19	6	58	10	0.1724137931034483
178243	8	54	4	0	0.0
178243	6	43	9	0	0.0
178243	34	8	43	1	0.023255813953488372
178243	4	41	320	0	0.0
178243	41	2	7421	764	0.10295108475946638
178243	8	50	19	0	0.0
178243	5	3	22	1	0.045454545454545456
178243	39	3	46	0	0.0
178243	24	4	416	0	0.0
178243	30	8	2982	4	0.0013413816230717639
178243	7	1	25	1	0.04
178243	2	5	45	29	0.6444444444444445
178243	4	45	24	0	0.0
178243	21	6	3216	288	0.08955223880597014
178243	2	47	12659	52	0.004107749427284936
178243	4	3	3341	0	0.0
178243	44	2	421	28	0.0665083135391924
178243	25	4	20	0	0.0
178243	2	22	1122	71	0.06327985739750445
178243	6	1	25	16	0.64
178243	4	19	2588	0	0.0
178243	8	33	74	0	0.0
178243	2	20	22	0	0.0
178243	4	1	316	23	0.07278481012658228
178243	6	3	8	1	0.125
178243	27	4	122	0	0.0
178243	1	5	9	5	0.5555555555555556
178243	2	7	2	1	0.5
178243	8	52	20	1	0.05
178243	46	2	96	9	0.09375
178243	4	47	28	0	0.0
178243	2	27	212	15	0.07075471698113207
178243	23	6	236	40	0.1694915254237288
178243	4	26	24	0	0.0
178243	4	6	66	7	0.10606060606060606
178243	3	7	47	0	0.0
178243	44	6	27	27	1.0
178243	5	38	5018	38	0.00757273814268633
178243	6	40	1408	12	0.008522727272727272
178243	38	7	44	0	0.0
178243	2	18	2	2	1.0
178243	4	40	20	0	0.0
178243	42	4	23	0	0.0
178243	46	6	2	0	0.0
178243	2	6	111	92	0.8288288288288288
178243	2	25	132	0	0.0
178243	4	2	614	102	0.16612377850162866
178243	46	4	4	0	0.0
178243	23	2	2564	588	0.22932917316692666
178647	2	8	19	0	0.0
178243	4	44	12	0	0.0
178243	8	51	6	1	0.16666666666666666
178647	19	7	966	0	0.0
178647	25	7	6	0	0.0
178647	2	12	268	0	0.0
178647	31	7	148	0	0.0
178243	21	2	11883	2791	0.23487334848102331
178647	1	34	163	4	0.024539877300613498
178647	4	29	5068	0	0.0
178647	41	3	45	0	0.0
178647	3	36	237	0	0.0
178647	50	1	3	0	0.0
178647	6	53	142	1	0.007042253521126761
178647	9	2	2412	11	0.004560530679933665
178647	6	16	2089	34	0.016275730014360938
178647	5	30	2335	1	0.00042826552462526765
178647	48	8	413	0	0.0
178647	48	4	1	0	0.0
178647	44	1	74	8	0.10810810810810811
178647	4	14	1	0	0.0
178647	5	48	1957	44	0.022483392948390392
178647	7	32	355	0	0.0
178647	34	5	360	2	0.005555555555555556
178647	15	2	5	4	0.8
178647	14	2	3	3	1.0
178647	29	2	10856	2162	0.19915254237288135
178647	21	5	320	0	0.0
178647	35	5	45	0	0.0
178647	5	51	147	8	0.05442176870748299
178647	49	8	17	0	0.0
178647	5	14	132	1	0.007575757575757576
178647	28	2	8	0	0.0
178647	8	18	22	0	0.0
178647	6	32	11	0	0.0
178647	40	3	5	0	0.0
178647	51	1	9	9	1.0
178647	4	30	116	0	0.0
178647	20	5	16467	296	0.017975344628651243
178647	7	53	6	0	0.0
178647	7	16	13	0	0.0
178647	1	10	484	3	0.006198347107438017
178647	45	1	3125	145	0.0464
178647	8	25	2	0	0.0
178647	3	12	2	0	0.0
178647	5	29	13	0	0.0
178647	2	36	37	1	0.02702702702702703
178647	2	34	184	2	0.010869565217391304
178647	3	8	23	0	0.0
178647	18	7	14	0	0.0
178647	1	8	10	1	0.1
178647	8	27	16	0	0.0
178647	30	7	258	0	0.0
178647	1	12	18	0	0.0
178647	24	7	851	0	0.0
178647	26	7	661	0	0.0
178647	7	29	28	0	0.0
178647	3	10	296	0	0.0
178647	47	1	276	12	0.043478260869565216
178647	42	3	27	0	0.0
178647	7	14	4	0	0.0
178647	5	53	128	14	0.109375
178647	37	5	3	2	0.6666666666666666
178647	36	5	39	1	0.02564102564102564
178647	23	5	118	0	0.0
178647	7	51	14	0	0.0
178647	4	32	2	0	0.0
178647	6	51	429	4	0.009324009324009324
178647	16	2	2	0	0.0
178647	5	16	556	0	0.0
178647	22	5	5485	218	0.03974475843208751
178647	6	48	13840	409	0.029552023121387282
178647	6	30	18078	3660	0.20245602389644873
178647	7	48	24	0	0.0
178647	6	14	1960	10	0.00510204081632653
178647	4	16	2	0	0.0
178647	1	36	53	0	0.0
178647	5	32	212	1	0.0047169811320754715
178647	3	34	444	0	0.0
178647	27	7	19	0	0.0
178647	6	29	758	48	0.0633245382585752
178647	4	8	87	0	0.0
178647	4	12	1	0	0.0
178647	43	3	105	0	0.0
178647	7	34	408	1	0.0024509803921568627
178647	46	1	84	3	0.03571428571428571
178647	33	7	325	0	0.0
178647	2	10	6171	6	0.0009722897423432182
178647	23	7	137	0	0.0
178647	37	7	52	0	0.0
178647	6	10	3	2	0.6666666666666666
178647	9	4	4	0	0.0
178647	2	51	10	9	0.9
178647	1	32	1	0	0.0
178647	42	1	431	10	0.02320185614849188
178647	3	48	1	0	0.0
178647	3	30	4	0	0.0
178647	8	23	636	0	0.0
178647	27	5	1	0	0.0
178647	26	5	629	14	0.022257551669316374
178647	43	1	701	48	0.06847360912981455
178647	33	5	67	0	0.0
178647	13	2	358	3	0.008379888268156424
178647	46	3	28	0	0.0
178647	3	29	461	0	0.0
178647	22	7	616	1	0.0016233766233766235
178647	5	8	450	2	0.0044444444444444444
178647	4	34	726	0	0.0
178647	36	7	668	0	0.0
178647	4	36	81	0	0.0
178647	7	10	7	0	0.0
178647	2	30	35	6	0.17142857142857143
178647	7	8	1726	0	0.0
178647	6	36	44	4	0.09090909090909091
178647	8	6	1048	197	0.18797709923664122
178647	20	7	9071	5	0.0005512071436445816
178647	1	29	660	0	0.0
178647	5	10	6	6	1.0
178647	6	34	61	4	0.06557377049180328
178647	44	3	10	0	0.0
178647	50	3	2	0	0.0
178647	41	1	2125	56	0.02635294117647059
178647	31	5	1	0	0.0
178647	19	5	66	1	0.015151515151515152
178647	25	5	1	0	0.0
178647	2	32	1	0	0.0
178647	38	2	12	2	0.16666666666666666
178647	3	32	43	0	0.0
178647	39	2	3183	0	0.0
178647	40	1	3	0	0.0
178647	8	40	1280	0	0.0
178647	18	5	294	0	0.0
178647	24	5	262	0	0.0
178647	8	21	2600	0	0.0
178647	11	2	2601	26	0.009996155324875048
178647	49	6	1054	16	0.015180265654648957
178647	1	30	2	0	0.0
178647	21	7	506	0	0.0
178647	4	10	202	0	0.0
178647	45	3	38	0	0.0
178647	22	3	759	0	0.0
178647	6	31	2	0	0.0
178647	35	7	137	0	0.0
178647	9	6	3	0	0.0
178647	52	7	40	0	0.0
178647	8	38	508	1	0.001968503937007874
178647	7	50	33	0	0.0
178647	5	52	2860	68	0.023776223776223775
178647	7	15	20	0	0.0
178647	3	11	159	0	0.0
178647	4	33	191	0	0.0
178647	5	17	61	0	0.0
178647	27	1	83	1	0.012048192771084338
178647	43	5	10	9	0.9
178647	17	8	6	0	0.0
178647	33	1	648	10	0.015432098765432098
178647	7	28	561	0	0.0
178647	8	26	559	0	0.0
178647	6	28	105	4	0.0380952380952381
178647	7	49	11	0	0.0
178647	1	9	102	0	0.0
178647	1	13	371	0	0.0
178647	3	35	615	0	0.0
178647	2	35	33	0	0.0
178647	23	3	2888	0	0.0
178647	26	1	5	0	0.0
178647	37	3	284	0	0.0
178647	16	8	21	0	0.0
178647	1	37	10190	12	0.0011776251226692837
178647	9	3	2	0	0.0
178647	6	17	487	0	0.0
178647	6	15	3858	8	0.002073613271124935
178647	39	6	1	0	0.0
178647	21	3	2323	0	0.0
178647	4	15	2	0	0.0
178647	28	4	72	0	0.0
178647	14	8	8	0	0.0
178647	24	1	46	0	0.0
178647	1	35	84	1	0.011904761904761904
178647	28	8	2255	0	0.0
178647	11	6	4	0	0.0
178647	6	50	1060	0	0.0
178647	6	52	2702	0	0.0
178647	45	7	1	1	1.0
178647	5	49	427	12	0.02810304449648712
178647	5	28	42	0	0.0
178647	3	13	10	0	0.0
178647	40	5	1682	2	0.0011890606420927466
178647	25	1	947	24	0.025343189017951427
178647	38	6	3490	55	0.015759312320916905
178647	31	1	361	1	0.002770083102493075
178647	54	5	34	0	0.0
178647	8	19	375	0	0.0
178647	8	24	2746	0	0.0
178647	4	31	31	0	0.0
178647	15	8	394	0	0.0
178647	29	8	587	0	0.0
178647	1	11	1884	0	0.0
178647	20	3	2071	0	0.0
178647	2	37	3197	4	0.0012511729746637473
178647	19	1	4209	86	0.02043240674744595
178647	6	33	42	7	0.16666666666666666
178647	8	20	3409	1	0.0002933411557641537
178647	40	7	53	0	0.0
178647	44	7	1	0	0.0
178647	11	4	69	0	0.0
178647	39	4	1582	0	0.0
178647	1	15	2	2	1.0
178647	2	33	303	8	0.026402640264026403
178647	6	37	14	2	0.14285714285714285
178647	24	3	52	0	0.0
178647	5	50	1600	55	0.034375
178647	4	35	42	0	0.0
178647	39	8	5	0	0.0
178647	11	8	1	0	0.0
178647	5	15	388	7	0.01804123711340206
178647	21	1	1689	60	0.035523978685612786
178647	7	9	1	0	0.0
178647	38	4	8	0	0.0
178647	20	1	287	3	0.010452961672473868
178647	3	33	1387	0	0.0
178647	1	28	3	0	0.0
178647	8	41	34	0	0.0
178647	25	3	2384	0	0.0
178647	43	7	1	1	1.0
178647	44	5	23	23	1.0
178647	8	43	1	0	0.0
178647	31	3	1348	0	0.0
178647	27	3	3401	0	0.0
178647	10	8	1	0	0.0
178647	2	50	8	0	0.0
178647	19	3	13700	0	0.0
178647	45	5	1	1	1.0
178647	6	54	3541	0	0.0
178647	3	28	14	0	0.0
178647	26	3	41	0	0.0
178647	46	5	1	1	1.0
178647	4	37	158	0	0.0
178647	4	13	7	0	0.0
178647	7	11	3	0	0.0
178647	22	1	456	12	0.02631578947368421
178647	6	35	19	1	0.05263157894736842
178647	8	22	3296	0	0.0
178647	22	4	3119	0	0.0
178647	43	2	732	0	0.0
178647	23	1	238	10	0.04201680672268908
178647	4	43	22	3	0.13636363636363635
178647	27	6	1	1	1.0
178647	2	31	41	0	0.0
178647	36	8	28	0	0.0
178647	37	8	26	1	0.038461538461538464
178647	2	3	582	3	0.005154639175257732
178647	2	45	4723	7	0.0014821088291340249
178647	2	24	75	0	0.0
178647	26	6	614	2	0.003257328990228013
178647	7	39	7	0	0.0
178647	8	9	1	0	0.0
178647	2	1	1957	275	0.14052120592743997
178647	2	19	1611	2	0.0012414649286157666
178647	4	20	1954	0	0.0
178647	6	20	4917	27	0.005491153142159854
178647	42	2	881	11	0.012485811577752554
178647	6	7	282	23	0.08156028368794327
178647	23	4	7696	0	0.0
178647	4	5	17	1	0.058823529411764705
178647	35	8	62	0	0.0
178647	21	4	4862	0	0.0
178647	4	7	70	0	0.0
178647	6	5	2680	421	0.15708955223880597
178647	34	8	50	0	0.0
178647	18	6	815	11	0.013496932515337423
178647	6	22	7278	1483	0.20376477054135753
178647	2	26	4	0	0.0
178647	19	6	10	0	0.0
178647	5	7	931	57	0.061224489795918366
178647	24	6	1139	105	0.09218612818261633
178647	39	1	4147	11	0.002652519893899204
178647	40	2	3	0	0.0
178647	1	3	2051	64	0.031204290589956118
178647	5	3	4	0	0.0
178647	7	1	22	0	0.0
178647	39	3	767	0	0.0
178647	2	47	9011	14	0.001553656641882144
178647	8	50	15	0	0.0
178647	4	41	414	0	0.0
178647	24	4	512	0	0.0
178647	6	43	2	0	0.0
178647	41	2	14514	1516	0.10445087501722475
178647	4	19	2275	0	0.0
178647	4	45	16	0	0.0
178647	30	8	6553	0	0.0
178647	2	22	510	11	0.021568627450980392
178647	31	8	9	0	0.0
178647	2	5	64	61	0.953125
178647	38	3	34	0	0.0
178647	25	4	623	0	0.0
178647	44	2	367	14	0.03814713896457766
178647	2	20	45	0	0.0
178647	6	1	24	22	0.9166666666666666
178647	4	3	1758	0	0.0
178647	21	6	905	130	0.143646408839779
178647	8	33	294	0	0.0
178647	3	7	111	0	0.0
178647	4	1	138	15	0.10869565217391304
178647	27	4	2421	0	0.0
178647	4	6	16	1	0.0625
178647	2	27	190	3	0.015789473684210527
178647	6	3	3	0	0.0
178647	8	52	13	0	0.0
178647	46	2	158	3	0.0189873417721519
178647	38	7	729	0	0.0
178647	2	7	10	0	0.0
178647	44	6	18	18	1.0
178647	1	5	15	12	0.8
178647	4	26	58	0	0.0
178647	42	4	36	0	0.0
178647	5	38	3383	7	0.002069169376293231
178647	4	40	12	0	0.0
178647	23	6	116	22	0.1896551724137931
178647	4	47	16	0	0.0
178647	21	2	5733	122	0.02128030699459271
178647	2	18	1	0	0.0
178647	46	4	4	0	0.0
178647	46	6	4	0	0.0
178647	8	51	8	0	0.0
178647	4	44	20	3	0.15
178647	2	25	336	0	0.0
178647	6	40	2019	5	0.0024764735017335313
178647	4	2	860	44	0.05116279069767442
180533	25	7	116	0	0.0
180533	1	34	294	0	0.0
180533	31	7	229	0	0.0
180533	2	8	37	5	0.13513513513513514
178647	23	2	2367	99	0.04182509505703422
178647	2	6	77	77	1.0
180533	2	12	343	1	0.0029154518950437317
180533	4	29	1486	0	0.0
180533	41	3	40	0	0.0
180533	19	7	2098	0	0.0
180533	6	53	36	0	0.0
180533	6	16	2764	99	0.03581765557163531
180533	5	30	3621	0	0.0
180533	48	8	677	0	0.0
180533	44	1	190	13	0.06842105263157895
180533	15	2	22	19	0.8636363636363636
180533	3	36	124	0	0.0
180533	7	32	676	0	0.0
180533	9	2	4931	17	0.003447576556479416
180533	34	5	40	0	0.0
180533	4	14	1	0	0.0
180533	35	5	133	0	0.0
180533	28	2	137	1	0.0072992700729927005
180533	21	5	299	1	0.0033444816053511705
180533	14	2	1	1	1.0
180533	5	48	2526	167	0.06611243072050672
180533	6	32	17	0	0.0
180533	49	8	3	0	0.0
180533	5	14	225	1	0.0044444444444444444
180533	29	2	17485	2992	0.1711181012296254
180533	51	1	117	117	1.0
180533	8	18	10	0	0.0
180533	5	51	229	66	0.28820960698689957
180533	4	30	317	0	0.0
180533	45	1	1123	70	0.06233303650934995
180533	7	53	3	0	0.0
180533	8	25	51	0	0.0
180533	40	3	55	0	0.0
180533	2	36	62	3	0.04838709677419355
180533	30	7	253	0	0.0
180533	18	7	1	0	0.0
180533	20	5	31495	93	0.0029528496586759805
180533	3	8	102	0	0.0
180533	8	27	63	0	0.0
180533	1	10	1447	24	0.0165860400829302
180533	5	29	26	0	0.0
180533	7	16	64	0	0.0
180533	24	7	689	0	0.0
180533	3	12	37	0	0.0
180533	1	8	29	0	0.0
180533	2	34	108	4	0.037037037037037035
180533	1	12	198	3	0.015151515151515152
180533	5	53	35	6	0.17142857142857143
180533	47	1	198	10	0.050505050505050504
180533	4	32	2	0	0.0
180533	42	3	3	0	0.0
180533	26	7	1170	1	0.0008547008547008547
180533	37	5	65	14	0.2153846153846154
180533	7	29	38	0	0.0
180533	5	16	506	1	0.001976284584980237
180533	7	51	21	0	0.0
180533	23	5	408	0	0.0
180533	7	14	11	0	0.0
180533	3	10	144	0	0.0
180533	16	2	20	2	0.1
180533	22	5	3236	15	0.0046353522867737945
180533	6	48	8977	599	0.06672607775426088
180533	36	5	99	0	0.0
180533	6	30	25236	3435	0.13611507370423204
180533	52	1	1	1	1.0
180533	5	32	485	0	0.0
180533	46	1	163	5	0.03067484662576687
180533	6	51	742	12	0.016172506738544475
180533	3	34	383	0	0.0
180533	6	29	763	54	0.07077326343381389
180533	1	36	135	0	0.0
180533	7	48	61	0	0.0
180533	27	7	44	0	0.0
180533	4	16	23	0	0.0
180533	6	14	3259	20	0.00613685179502915
180533	43	3	27	0	0.0
180533	4	8	204	0	0.0
180533	33	7	210	0	0.0
180533	7	34	96	0	0.0
180533	2	10	7003	24	0.003427102670284164
180533	23	7	693	0	0.0
180533	6	10	39	39	1.0
180533	37	7	142	0	0.0
180533	3	48	1	0	0.0
180533	53	3	1	0	0.0
180533	9	4	4	0	0.0
180533	3	30	6	0	0.0
180533	27	5	25	0	0.0
180533	3	14	1	0	0.0
180533	2	51	82	81	0.9878048780487805
180533	43	1	1154	64	0.05545927209705372
180533	26	5	3391	11	0.0032438808611029196
180533	1	32	145	0	0.0
180533	42	1	320	12	0.0375
180533	33	5	123	0	0.0
180533	13	2	113	0	0.0
180533	8	23	1014	0	0.0
180533	7	10	9	0	0.0
180533	2	30	365	20	0.0547945205479452
180533	22	7	529	8	0.015122873345935728
180533	7	8	2432	0	0.0
180533	5	12	2	0	0.0
180533	46	3	33	0	0.0
180533	4	36	96	0	0.0
180533	2	48	5	0	0.0
180533	4	34	649	0	0.0
180533	6	34	24	0	0.0
180533	36	7	1291	0	0.0
180533	8	6	461	32	0.06941431670281996
180533	5	8	327	2	0.0061162079510703364
180533	3	29	353	0	0.0
180533	6	36	28	1	0.03571428571428571
180533	1	29	3441	0	0.0
180533	20	7	16564	5	0.00030185945423810673
180533	50	3	16	0	0.0
180533	8	21	1102	0	0.0
180533	3	16	1	0	0.0
180533	5	10	25	13	0.52
180533	25	5	44	0	0.0
180533	41	1	3162	49	0.01549652118912081
180533	44	3	19	0	0.0
180533	2	32	25	0	0.0
180533	31	5	38	0	0.0
180533	38	2	34	5	0.14705882352941177
180533	39	2	5940	5	0.0008417508417508417
180533	19	5	278	0	0.0
180533	18	5	109	0	0.0
180533	11	2	2932	117	0.03990450204638472
180533	40	1	13	0	0.0
180533	3	32	288	0	0.0
180533	24	5	341	2	0.005865102639296188
180533	49	6	267	4	0.0149812734082397
180533	4	10	32	0	0.0
180533	8	40	440	0	0.0
180533	8	38	169	5	0.029585798816568046
180533	1	30	11	0	0.0
180533	46	7	1	0	0.0
180533	45	3	28	0	0.0
180533	7	50	79	0	0.0
180533	7	15	98	0	0.0
180533	21	7	571	0	0.0
180533	6	12	4	4	1.0
180533	6	31	2	0	0.0
180533	52	7	153	0	0.0
180533	4	33	316	0	0.0
180533	2	53	5	0	0.0
180533	35	7	482	0	0.0
180533	16	8	10	0	0.0
180533	3	11	54	0	0.0
180533	7	28	401	0	0.0
180533	27	1	764	1	0.0013089005235602095
180533	7	49	5	0	0.0
180533	22	3	474	0	0.0
180533	6	28	1683	138	0.08199643493761141
180533	5	17	43	0	0.0
180533	5	52	6609	745	0.11272507187169012
180533	3	35	906	0	0.0
180533	33	1	553	0	0.0
180533	1	13	24	0	0.0
180533	8	26	932	0	0.0
180533	1	9	313	0	0.0
180533	43	5	1	0	0.0
180533	2	35	38	1	0.02631578947368421
180533	26	1	50	0	0.0
180533	37	3	1383	0	0.0
180533	23	3	1208	0	0.0
180533	6	17	231	0	0.0
180533	24	1	112	0	0.0
180533	6	15	5632	35	0.006214488636363636
180533	6	50	1247	14	0.011226944667201283
180533	6	52	4397	25	0.00568569479190357
180533	28	4	423	0	0.0
180533	28	8	1435	0	0.0
180533	39	6	34	3	0.08823529411764706
180533	4	15	6	0	0.0
180533	9	3	40	0	0.0
180533	21	3	1056	0	0.0
180533	14	8	1	0	0.0
180533	1	37	11218	5	0.0004457122481725798
180533	5	28	787	0	0.0
180533	5	49	283	40	0.1413427561837456
180533	54	5	605	36	0.05950413223140496
180533	1	35	346	0	0.0
180533	31	1	873	1	0.001145475372279496
180533	25	1	957	0	0.0
180533	3	13	6	0	0.0
180533	40	5	2992	3	0.001002673796791444
180533	2	37	2843	11	0.0038691523039043265
180533	38	6	1383	35	0.025307302964569775
180533	8	24	1065	0	0.0
180533	15	8	79	0	0.0
180533	1	11	510	0	0.0
180533	8	19	879	0	0.0
180533	29	8	835	0	0.0
180533	7	17	4	0	0.0
180533	6	33	97	5	0.05154639175257732
180533	44	7	22	3	0.13636363636363635
180533	5	15	1443	74	0.05128205128205128
180533	4	31	82	0	0.0
180533	20	3	4043	0	0.0
180533	1	15	21	18	0.8571428571428571
180533	19	1	22565	3	0.00013294925769997783
180533	40	7	144	0	0.0
180533	2	33	386	27	0.06994818652849741
180533	5	50	3357	579	0.17247542448614836
180533	24	3	274	0	0.0
180533	6	37	14	9	0.6428571428571429
180533	39	4	376	0	0.0
180533	39	8	53	0	0.0
180533	11	4	40	0	0.0
180533	4	35	85	0	0.0
180533	11	8	7	0	0.0
180533	8	20	16921	0	0.0
180533	21	1	7542	13	0.0017236807212940865
180533	1	28	56	0	0.0
180533	31	3	1109	0	0.0
180533	45	5	1	1	1.0
180533	25	3	1147	0	0.0
180533	10	8	2	0	0.0
180533	44	5	126	109	0.8650793650793651
180533	20	1	554	0	0.0
180533	2	50	9	1	0.1111111111111111
180533	3	33	187	0	0.0
180533	8	41	25	0	0.0
180533	27	3	348	0	0.0
180533	38	4	7	4	0.5714285714285714
180533	43	7	5	0	0.0
180533	22	1	392	0	0.0
180533	4	13	8	0	0.0
180533	23	1	370	2	0.005405405405405406
180533	19	3	12976	0	0.0
180533	6	35	24	0	0.0
180533	3	28	114	0	0.0
180533	4	37	282	1	0.0035460992907801418
180533	3	15	17	0	0.0
180533	6	54	8227	36	0.004375835663060654
180533	2	31	63	0	0.0
180533	26	3	343	0	0.0
180533	4	43	15	0	0.0
180533	6	41	3	0	0.0
180533	36	8	37	0	0.0
180533	42	2	650	5	0.007692307692307693
180533	22	4	3165	0	0.0
180533	8	22	4671	0	0.0
180533	27	6	42	1	0.023809523809523808
180533	2	45	1855	5	0.0026954177897574125
180533	6	7	174	4	0.022988505747126436
180533	43	2	1751	9	0.005139920045688178
180533	4	5	52	0	0.0
180533	37	8	4	0	0.0
180533	2	3	227	4	0.01762114537444934
180533	2	24	340	20	0.058823529411764705
180533	23	4	3165	0	0.0
180533	7	39	72	0	0.0
180533	2	1	2563	199	0.07764338665626219
180533	26	6	1959	14	0.0071465033180193975
180533	4	20	2883	0	0.0
180533	6	20	6457	100	0.015487068297971194
180533	2	19	7202	24	0.0033324076645376284
180533	35	8	37	0	0.0
180533	21	4	4427	0	0.0
180533	6	22	8584	1081	0.12593196644920782
180533	18	6	467	16	0.034261241970021415
180533	5	39	40	0	0.0
180533	4	7	126	0	0.0
180533	6	5	2825	331	0.11716814159292036
180533	24	6	684	69	0.10087719298245613
180533	5	7	1606	5	0.00311332503113325
180533	25	6	41	0	0.0
180533	40	2	24	1	0.041666666666666664
180533	38	1	38	0	0.0
180533	2	26	50	1	0.02
180533	34	8	58	0	0.0
180533	39	1	5724	0	0.0
180533	1	3	1609	3	0.0018645121193287756
180533	8	54	3	0	0.0
180533	4	41	702	0	0.0
180533	19	6	155	1	0.0064516129032258064
180533	24	4	871	0	0.0
180533	7	1	103	0	0.0
180533	6	43	12	1	0.08333333333333333
180533	8	50	4	0	0.0
180533	39	3	1078	0	0.0
180533	30	8	3163	0	0.0
180533	5	3	52	0	0.0
180533	41	2	12000	316	0.026333333333333334
180533	21	6	908	43	0.0473568281938326
180533	44	2	403	1	0.0024813895781637717
180533	2	5	53	30	0.5660377358490566
180533	38	3	54	0	0.0
180533	4	3	1853	0	0.0
180533	2	47	11486	8	0.0006965000870625109
180533	31	8	14	0	0.0
180533	25	4	283	0	0.0
180533	2	20	106	0	0.0
180533	27	4	864	0	0.0
180533	6	1	66	48	0.7272727272727273
180533	4	26	275	0	0.0
180533	4	1	410	1	0.0024390243902439024
180533	6	3	37	1	0.02702702702702703
180533	8	33	242	0	0.0
180533	2	22	2060	92	0.04466019417475728
180533	4	19	13371	0	0.0
180533	46	2	155	0	0.0
180533	32	8	28	0	0.0
180533	3	7	198	0	0.0
180533	23	6	655	59	0.0900763358778626
180533	1	5	130	63	0.4846153846153846
180533	2	7	33	2	0.06060606060606061
180533	8	52	1	0	0.0
180533	38	7	458	0	0.0
180533	4	6	79	5	0.06329113924050633
180533	44	6	54	54	1.0
180533	2	27	1734	48	0.02768166089965398
180533	4	40	93	0	0.0
180533	6	40	2518	10	0.003971405877680699
180533	46	6	8	0	0.0
180533	23	2	531	48	0.0903954802259887
180533	5	38	3980	10	0.002512562814070352
180533	46	4	4	0	0.0
180533	2	25	490	3	0.006122448979591836
180533	4	44	3	0	0.0
180533	4	2	400	49	0.1225
181232	2	12	93	0	0.0
181232	1	34	196	0	0.0
180533	21	2	9843	1068	0.10850350502895459
181232	2	8	39	3	0.07692307692307693
180533	2	6	50	27	0.54
181232	31	7	37	0	0.0
180533	8	51	1	0	0.0
181232	25	7	3	0	0.0
181232	4	29	1003	0	0.0
181232	19	7	1343	0	0.0
181232	3	36	22	0	0.0
181232	41	3	204	0	0.0
181232	9	2	2195	4	0.0018223234624145787
181232	6	53	88	4	0.045454545454545456
181232	48	8	409	0	0.0
181232	50	1	7	0	0.0
181232	6	16	1630	8	0.0049079754601227
181232	7	32	12	0	0.0
181232	5	30	2250	11	0.004888888888888889
181232	34	5	32	3	0.09375
181232	5	48	3640	174	0.0478021978021978
181232	44	1	217	6	0.027649769585253458
181232	20	5	7889	274	0.034731905184434024
181232	4	14	3	0	0.0
181232	29	2	8770	1435	0.1636259977194983
181232	35	5	34	0	0.0
181232	8	18	2	0	0.0
181232	14	2	17	6	0.35294117647058826
181232	21	5	256	0	0.0
181232	5	51	288	45	0.15625
181232	5	14	235	3	0.01276595744680851
181232	4	30	206	0	0.0
181232	18	7	15	0	0.0
181232	28	2	9	0	0.0
181232	1	10	914	0	0.0
181232	40	3	2	0	0.0
181232	8	25	2	0	0.0
181232	7	53	7	0	0.0
181232	2	36	101	2	0.019801980198019802
181232	49	8	8	0	0.0
181232	7	16	9	0	0.0
181232	51	1	110	110	1.0
181232	45	1	3565	116	0.032538569424964935
181232	15	2	20	20	1.0
181232	5	29	7	0	0.0
181232	30	7	427	1	0.00234192037470726
181232	24	7	153	7	0.0457516339869281
181232	1	12	16	0	0.0
181232	26	7	1	0	0.0
181232	3	8	6	0	0.0
181232	2	34	365	1	0.0027397260273972603
181232	1	8	14	1	0.07142857142857142
181232	3	10	83	0	0.0
181232	53	1	2	0	0.0
181232	8	27	13	0	0.0
181232	5	53	25	3	0.12
181232	42	3	9	0	0.0
181232	5	16	793	1	0.0012610340479192938
181232	7	29	45	0	0.0
181232	47	1	764	33	0.04319371727748691
181232	16	2	66	6	0.09090909090909091
181232	6	48	10061	885	0.08796342311897426
181232	37	5	3	3	1.0
181232	6	14	1974	3	0.001519756838905775
181232	22	5	2907	37	0.012727898176814585
181232	17	2	2	2	1.0
181232	7	51	47	3	0.06382978723404255
181232	7	14	20	0	0.0
181232	36	5	7	0	0.0
181232	4	53	1	0	0.0
181232	6	51	337	13	0.03857566765578635
181232	23	5	69	0	0.0
181232	4	16	31	0	0.0
181232	46	1	84	0	0.0
181232	7	48	74	0	0.0
181232	43	3	15	0	0.0
181232	6	30	24822	3496	0.1408428007412779
181232	33	7	153	0	0.0
181232	6	29	654	61	0.09327217125382263
181232	23	7	27	0	0.0
181232	1	36	44	0	0.0
181232	3	34	129	0	0.0
181232	7	34	49	0	0.0
181232	37	7	2	0	0.0
181232	4	8	52	0	0.0
181232	4	12	5	0	0.0
181232	2	10	1820	4	0.002197802197802198
181232	6	10	23	11	0.4782608695652174
181232	3	48	1	0	0.0
181232	9	4	15	0	0.0
181232	53	3	3	0	0.0
181232	26	5	149	1	0.006711409395973154
181232	33	5	65	0	0.0
181232	3	30	10	0	0.0
181232	2	51	49	49	1.0
181232	13	2	194	3	0.015463917525773196
181232	8	23	261	0	0.0
181232	52	3	2	0	0.0
181232	3	14	2	0	0.0
181232	27	5	1	0	0.0
181232	2	30	392	41	0.10459183673469388
181232	43	1	647	49	0.07573415765069552
181232	3	51	2	0	0.0
181232	42	1	682	20	0.02932551319648094
181232	3	29	162	0	0.0
181232	46	3	80	0	0.0
181232	36	7	343	0	0.0
181232	7	10	1	0	0.0
181232	4	36	146	0	0.0
181232	5	8	266	24	0.09022556390977443
181232	22	7	394	14	0.03553299492385787
181232	7	8	2898	4	0.0013802622498274672
181232	4	34	496	0	0.0
181232	6	34	37	6	0.16216216216216217
181232	20	7	5818	5	0.0008594018563080096
181232	6	36	37	7	0.1891891891891892
181232	1	29	1215	1	0.0008230452674897119
181232	8	6	1049	114	0.10867492850333652
181232	2	48	9	0	0.0
181232	1	14	1	1	1.0
181232	19	5	40	0	0.0
181232	41	1	3475	41	0.011798561151079136
181232	5	10	1	1	1.0
181232	8	21	987	0	0.0
181232	3	16	2	0	0.0
181232	25	5	2	0	0.0
181232	44	3	9	0	0.0
181232	50	3	2	0	0.0
181232	38	2	1	1	1.0
181232	39	2	2569	1	0.00038925652004671076
181232	18	5	298	0	0.0
181232	3	32	5	0	0.0
181232	24	5	584	3	0.005136986301369863
181232	49	6	961	19	0.019771071800208116
181232	11	2	1973	6	0.0030410542321338066
181232	8	38	39	1	0.02564102564102564
181232	40	1	2	0	0.0
181232	35	7	119	0	0.0
181232	4	33	153	0	0.0
181232	4	10	59	0	0.0
181232	45	3	191	14	0.07329842931937172
181232	8	40	75	0	0.0
181232	9	6	37	0	0.0
181232	2	53	24	4	0.16666666666666666
181232	21	7	208	0	0.0
181232	7	15	120	0	0.0
181232	7	50	10	0	0.0
181232	27	1	42	0	0.0
181232	3	11	12	0	0.0
181232	5	17	27	2	0.07407407407407407
181232	6	31	1	0	0.0
181232	52	7	279	7	0.025089605734767026
181232	8	26	43	0	0.0
181232	6	28	80	5	0.0625
181232	22	3	509	0	0.0
181232	1	13	187	0	0.0
181232	33	1	301	4	0.013289036544850499
181232	2	35	21	0	0.0
181232	1	9	290	0	0.0
181232	7	49	9	0	0.0
181232	7	28	6	0	0.0
181232	3	35	336	0	0.0
181232	5	52	4638	492	0.10608020698576973
181232	16	8	12	0	0.0
181232	1	37	7158	0	0.0
181232	37	3	155	1	0.0064516129032258064
181232	23	3	40	0	0.0
181232	4	50	2	0	0.0
181232	45	7	3	2	0.6666666666666666
181232	28	4	24	0	0.0
181232	6	15	1208	3	0.0024834437086092716
181232	28	8	288	0	0.0
181232	24	1	61	0	0.0
181232	6	17	96	0	0.0
181232	39	6	18	3	0.16666666666666666
181232	21	3	833	0	0.0
181232	11	6	75	7	0.09333333333333334
181232	9	3	11	0	0.0
181232	6	52	2988	22	0.007362784471218206
181232	14	8	4	0	0.0
181232	6	50	1105	20	0.01809954751131222
181232	5	49	1226	177	0.14437194127243066
181232	31	1	28	1	0.03571428571428571
181232	5	28	38	0	0.0
181232	29	8	287	0	0.0
181232	54	5	987	52	0.05268490374873354
181232	25	1	606	0	0.0
181232	18	1	2	2	1.0
181232	40	5	792	4	0.005050505050505051
181232	38	6	1119	32	0.028596961572832886
181232	20	3	1446	0	0.0
181232	1	11	1260	0	0.0
181232	1	35	20	2	0.1
181232	8	24	3103	1	0.0003222687721559781
181232	15	8	6	0	0.0
181232	2	37	643	1	0.0015552099533437014
181232	8	19	143	0	0.0
181232	7	17	13	0	0.0
181232	19	1	7925	78	0.009842271293375395
181232	40	7	3	0	0.0
181232	6	33	88	5	0.056818181818181816
181232	44	7	1	1	1.0
181232	8	20	1375	1	0.0007272727272727272
181232	5	50	1121	162	0.14451382694023193
181232	5	15	384	6	0.015625
181232	24	3	37	0	0.0
181232	2	33	215	2	0.009302325581395349
181232	11	4	32	0	0.0
181232	1	15	9	9	1.0
181232	6	37	1	1	1.0
181232	11	8	7	0	0.0
181232	44	5	124	124	1.0
181232	21	1	2332	19	0.008147512864493996
181232	1	28	2	0	0.0
181232	39	4	334	0	0.0
181232	4	35	34	0	0.0
181232	10	8	5	0	0.0
181232	7	9	2	0	0.0
181232	45	5	1	1	1.0
181232	25	3	155	0	0.0
181232	20	1	245	1	0.004081632653061225
181232	31	3	17	0	0.0
181232	39	8	12	0	0.0
181232	38	4	1	0	0.0
181232	2	50	6	3	0.5
181232	26	3	1	0	0.0
181232	3	33	253	0	0.0
181232	6	35	97	5	0.05154639175257732
181232	27	3	9	0	0.0
181232	4	37	25	0	0.0
181232	19	3	7013	10	0.0014259232853272494
181232	22	1	653	4	0.006125574272588055
181232	7	11	1	0	0.0
181232	43	7	11	0	0.0
181232	9	5	1	1	1.0
181232	4	13	10	0	0.0
181232	6	54	5413	138	0.02549418067615001
181232	23	1	16	0	0.0
181232	8	22	1417	3	0.002117148906139732
181232	3	28	5	0	0.0
181232	2	31	3	0	0.0
181232	3	15	1	0	0.0
181232	36	8	18	0	0.0
181232	43	2	958	27	0.028183716075156576
181232	27	6	12	0	0.0
181232	6	41	96	0	0.0
181232	22	4	3244	0	0.0
181232	1	17	1	1	1.0
181232	2	24	334	5	0.014970059880239521
181232	23	4	4058	0	0.0
181232	4	43	5	0	0.0
181232	7	39	6	0	0.0
181232	26	6	132	0	0.0
181232	8	9	3	0	0.0
181232	42	2	615	2	0.0032520325203252032
181232	6	7	361	55	0.1523545706371191
181232	4	5	28	0	0.0
181232	2	19	1938	14	0.007223942208462332
181232	2	3	220	27	0.12272727272727273
181232	6	20	2993	139	0.04644169729368527
181232	2	45	3416	15	0.004391100702576112
181232	5	39	1	0	0.0
181232	40	2	2	0	0.0
181232	18	6	665	15	0.022556390977443608
181232	5	7	1913	151	0.07893361212754835
181232	2	1	2284	176	0.07705779334500876
181232	39	1	3834	0	0.0
181232	4	7	30	0	0.0
181232	4	20	699	0	0.0
181232	21	4	2204	0	0.0
181232	35	8	59	0	0.0
181232	6	5	1878	423	0.22523961661341854
181232	24	6	3408	193	0.05663145539906103
181232	38	1	5	5	1.0
181232	6	22	9808	987	0.1006321370309951
181232	41	2	7591	1117	0.14714793834804374
181232	4	41	528	0	0.0
181232	25	6	3	1	0.3333333333333333
181232	19	6	56	5	0.08928571428571429
181232	34	8	11	0	0.0
181232	8	50	11	0	0.0
181232	8	54	5	0	0.0
181232	21	6	1858	108	0.0581270182992465
181232	1	3	2183	98	0.04489234997709574
181232	7	1	19	1	0.05263157894736842
181232	5	3	13	0	0.0
181232	6	43	27	0	0.0
181232	39	3	78	0	0.0
181232	30	8	4230	0	0.0
181232	4	45	19	0	0.0
181232	24	4	441	0	0.0
181232	2	5	235	223	0.948936170212766
181232	44	2	182	4	0.02197802197802198
181232	25	4	102	0	0.0
181232	4	3	2126	0	0.0
181232	8	33	81	0	0.0
181232	27	4	422	0	0.0
181232	38	3	1	0	0.0
181232	2	20	46	0	0.0
181232	2	47	9468	98	0.010350654837346852
181232	4	19	2925	0	0.0
181232	6	1	97	87	0.8969072164948454
181232	2	22	2052	23	0.011208576998050682
181232	4	1	326	5	0.015337423312883436
181232	3	7	72	0	0.0
181232	46	2	265	23	0.08679245283018867
181232	4	26	9	0	0.0
181232	6	3	10	0	0.0
181232	8	52	14	0	0.0
181232	2	7	11	0	0.0
181232	4	47	4	0	0.0
181232	6	45	1	0	0.0
181232	2	27	196	0	0.0
181232	1	5	109	99	0.908256880733945
181232	23	6	258	21	0.08139534883720931
181232	5	38	1873	3	0.001601708489054992
181232	38	7	25	0	0.0
181232	4	6	74	3	0.04054054054054054
181232	44	6	34	33	0.9705882352941176
181232	4	40	15	0	0.0
181232	2	25	71	0	0.0
181232	42	4	2	0	0.0
181232	46	6	19	0	0.0
182436	25	7	4	0	0.0
181232	4	2	818	32	0.039119804400977995
181232	21	2	14012	974	0.06951184698829575
181232	53	8	1	0	0.0
181232	6	40	872	0	0.0
181232	4	44	7	1	0.14285714285714285
182436	1	34	74	0	0.0
182436	2	12	253	0	0.0
181232	23	2	217	9	0.041474654377880185
182436	2	8	52	0	0.0
181232	8	51	6	1	0.16666666666666666
181232	46	4	12	0	0.0
181232	2	6	323	236	0.7306501547987616
182436	41	3	72	0	0.0
182436	31	7	61	0	0.0
182436	19	7	964	0	0.0
182436	4	29	3648	0	0.0
182436	5	48	3680	294	0.07989130434782608
182436	44	1	193	0	0.0
182436	6	53	112	0	0.0
182436	48	8	527	0	0.0
182436	15	2	2	0	0.0
182436	50	1	1	0	0.0
182436	7	32	1517	0	0.0
182436	5	30	935	0	0.0
182436	34	5	342	1	0.0029239766081871343
182436	48	4	1	0	0.0
182436	9	2	6153	4	0.0006500893872907525
182436	4	14	1	0	0.0
182436	3	36	158	0	0.0
182436	6	16	3548	29	0.008173618940248028
182436	20	5	14837	154	0.010379456763496664
182436	29	2	14183	1025	0.0722696185574279
182436	35	5	143	2	0.013986013986013986
182436	28	2	46	0	0.0
182436	21	5	398	1	0.002512562814070352
182436	14	2	10	0	0.0
182436	8	18	29	0	0.0
182436	4	30	55	0	0.0
182436	7	16	28	0	0.0
182436	40	3	3	0	0.0
182436	6	32	112	1	0.008928571428571428
182436	5	14	228	2	0.008771929824561403
182436	1	10	506	4	0.007905138339920948
182436	8	25	10	0	0.0
182436	2	36	58	0	0.0
182436	45	1	1751	11	0.006282124500285551
182436	49	8	19	0	0.0
182436	5	51	417	28	0.0671462829736211
182436	18	7	11	0	0.0
182436	24	7	1401	0	0.0
182436	30	7	323	0	0.0
182436	5	29	7	0	0.0
182436	2	34	171	0	0.0
182436	5	16	1011	8	0.00791295746785361
182436	7	29	169	0	0.0
182436	3	10	117	0	0.0
182436	8	27	6	0	0.0
182436	3	12	2	0	0.0
182436	26	7	461	0	0.0
182436	1	8	12	0	0.0
182436	42	3	10	0	0.0
182436	3	8	25	0	0.0
182436	1	12	35	0	0.0
182436	5	53	149	11	0.0738255033557047
182436	6	48	13486	515	0.0381877502595284
182436	6	30	18509	3485	0.18828677940461397
182436	7	51	24	0	0.0
182436	47	1	195	0	0.0
182436	23	5	52	0	0.0
182436	7	14	6	0	0.0
182436	36	5	145	3	0.020689655172413793
182436	7	48	80	0	0.0
182436	6	14	4519	9	0.00199159105996902
182436	4	32	45	0	0.0
182436	6	51	638	6	0.009404388714733543
182436	5	32	1229	3	0.0024410089503661514
182436	43	3	148	0	0.0
182436	46	1	38	0	0.0
182436	16	2	52	0	0.0
182436	4	16	7	0	0.0
182436	22	5	3442	7	0.0020337013364323067
182436	33	7	345	2	0.005797101449275362
182436	1	36	72	0	0.0
182436	6	29	473	49	0.10359408033826638
182436	3	34	152	0	0.0
182436	7	34	185	0	0.0
182436	4	8	142	0	0.0
182436	2	10	6430	0	0.0
182436	27	7	3	0	0.0
182436	4	12	9	0	0.0
182436	23	7	188	0	0.0
182436	37	7	11	0	0.0
182436	6	10	4	0	0.0
182436	9	4	14	0	0.0
182436	42	1	330	2	0.006060606060606061
182436	33	5	219	1	0.0045662100456621
182436	46	3	13	0	0.0
182436	2	48	1	0	0.0
182436	8	23	574	0	0.0
182436	26	5	1317	17	0.012908124525436599
182436	13	2	256	0	0.0
182436	1	32	3	0	0.0
182436	4	36	62	0	0.0
182436	2	30	155	10	0.06451612903225806
182436	1	16	1	0	0.0
182436	43	1	1222	8	0.006546644844517185
182436	3	30	14	0	0.0
182436	7	10	10	0	0.0
182436	3	29	461	0	0.0
182436	6	34	272	12	0.04411764705882353
182436	44	3	12	0	0.0
182436	8	6	1176	125	0.10629251700680271
182436	6	36	70	1	0.014285714285714285
182436	22	7	653	0	0.0
182436	41	1	1174	3	0.002555366269165247
182436	7	8	3010	0	0.0
182436	8	21	3459	0	0.0
182436	50	3	8	0	0.0
182436	2	32	16	0	0.0
182436	36	7	1543	0	0.0
182436	5	8	392	15	0.03826530612244898
182436	20	7	12232	1	8.175277959450622e-05
182436	4	34	254	0	0.0
182436	19	5	157	1	0.006369426751592357
182436	1	29	417	0	0.0
182436	25	5	1	0	0.0
182436	24	5	1211	0	0.0
182436	45	3	89	0	0.0
182436	3	32	48	0	0.0
182436	2	53	5	0	0.0
182436	8	40	1890	0	0.0
182436	1	30	4	0	0.0
182436	11	2	1956	2	0.0010224948875255625
182436	39	2	5325	0	0.0
182436	8	38	354	0	0.0
182436	18	5	340	1	0.0029411764705882353
182436	49	6	1062	5	0.004708097928436911
182436	4	10	382	0	0.0
182436	4	33	253	0	0.0
182436	21	7	1101	0	0.0
182436	9	6	9	0	0.0
182436	35	7	176	0	0.0
182436	52	7	154	0	0.0
182436	22	3	189	0	0.0
182436	6	31	1	0	0.0
182436	33	1	437	4	0.009153318077803204
182436	1	13	229	0	0.0
182436	7	15	16	0	0.0
182436	5	52	6499	352	0.05416217879673796
182436	3	11	29	0	0.0
182436	7	50	56	0	0.0
182436	17	8	1	0	0.0
182436	5	17	34	2	0.058823529411764705
182436	27	1	23	0	0.0
182436	2	35	65	0	0.0
182436	7	28	602	0	0.0
182436	1	9	545	1	0.001834862385321101
182436	7	49	7	0	0.0
182436	8	26	1429	0	0.0
182436	23	3	1138	0	0.0
182436	16	8	53	0	0.0
182436	4	50	1	0	0.0
182436	4	15	3	0	0.0
182436	6	15	5514	17	0.0030830612985128765
182436	6	50	856	0	0.0
182436	3	35	951	0	0.0
182436	37	3	353	0	0.0
182436	2	54	162	0	0.0
182436	6	17	229	3	0.013100436681222707
182436	1	37	8694	1	0.00011502185415228893
182436	6	28	282	7	0.024822695035460994
182436	28	4	105	0	0.0
182436	9	3	4	0	0.0
182436	21	3	2980	0	0.0
182436	39	6	2	0	0.0
182436	6	52	4073	2	0.0004910385465259023
182436	14	8	12	0	0.0
182436	24	1	28	0	0.0
182436	11	6	34	1	0.029411764705882353
182436	54	5	327	15	0.045871559633027525
182436	15	8	162	0	0.0
182436	1	35	84	0	0.0
182436	5	49	1123	77	0.06856634016028496
182436	3	13	12	0	0.0
182436	28	8	5345	0	0.0
182436	31	1	5633	1	0.00017752529735487306
182436	5	28	152	1	0.006578947368421052
182436	8	24	3576	0	0.0
182436	40	5	2366	1	0.00042265426880811494
182436	29	8	556	0	0.0
182436	38	6	1416	18	0.012711864406779662
182436	1	11	1506	0	0.0
182436	25	1	666	0	0.0
182436	2	37	1466	2	0.001364256480218281
182436	19	1	10734	146	0.013601639649711198
182436	7	17	2	0	0.0
182436	20	3	641	0	0.0
182436	8	19	797	0	0.0
182436	4	31	58	0	0.0
182436	6	33	235	11	0.04680851063829787
182436	2	33	327	1	0.0030581039755351682
182436	40	7	49	0	0.0
182436	5	15	489	7	0.014314928425357873
182436	8	20	6117	0	0.0
182436	5	50	1269	99	0.07801418439716312
182436	6	37	9	5	0.5555555555555556
182436	11	4	21	0	0.0
182436	39	4	750	0	0.0
182436	24	3	34	0	0.0
182436	39	8	16	0	0.0
182436	11	8	2	0	0.0
182436	44	5	1	1	1.0
182436	1	28	9	0	0.0
182436	4	35	36	0	0.0
182436	10	8	13	0	0.0
182436	20	1	93	2	0.021505376344086023
182436	7	9	1	0	0.0
182436	21	1	2352	33	0.01403061224489796
182436	31	3	1988	0	0.0
182436	3	33	405	0	0.0
182436	25	3	289	0	0.0
182436	27	3	32	0	0.0
182436	23	1	228	2	0.008771929824561403
182436	2	50	8	0	0.0
182436	22	1	177	0	0.0
182436	6	35	82	12	0.14634146341463414
182436	8	22	4945	0	0.0
182436	4	13	10	0	0.0
182436	3	28	4	0	0.0
182436	19	3	13507	0	0.0
182436	26	3	1	0	0.0
182436	8	41	21	0	0.0
182436	2	31	210	0	0.0
182436	6	54	7787	12	0.0015410299216643123
182436	4	37	211	0	0.0
182436	4	43	62	0	0.0
182436	22	4	1920	0	0.0
182436	3	15	1	0	0.0
182436	6	7	204	5	0.024509803921568627
182436	7	39	8	0	0.0
182436	8	9	1	0	0.0
182436	42	2	1008	0	0.0
182436	36	8	72	0	0.0
182436	37	8	17	0	0.0
182436	4	5	18	0	0.0
182436	6	41	14	0	0.0
182436	27	6	3	0	0.0
182436	43	2	1142	0	0.0
182436	2	24	125	2	0.016
182436	26	6	661	3	0.0045385779122541605
182436	2	45	4909	0	0.0
182436	2	3	343	1	0.0029154518950437317
182436	23	4	9038	0	0.0
182436	2	19	4295	1	0.00023282887077997672
182436	6	5	2394	605	0.2527151211361738
182436	4	20	638	0	0.0
182436	2	26	4	0	0.0
182436	18	6	1068	10	0.009363295880149813
182436	21	4	6622	0	0.0
182436	39	1	3712	1	0.00026939655172413793
182436	4	7	41	0	0.0
182436	35	8	165	0	0.0
182436	24	6	3950	483	0.12227848101265823
182436	2	1	1765	157	0.08895184135977337
182436	6	22	10178	743	0.07300058950677933
182436	6	20	5655	51	0.009018567639257295
182436	40	2	8	0	0.0
182436	5	7	949	25	0.026343519494204427
182436	19	6	40	1	0.025
182436	34	8	245	0	0.0
182436	8	54	14	0	0.0
182436	4	41	385	0	0.0
182436	1	3	1437	8	0.0055671537926235215
182436	7	1	16	0	0.0
182436	41	2	9948	44	0.004422999597909127
182436	5	3	17	1	0.058823529411764705
182436	24	4	330	0	0.0
182436	8	50	8	0	0.0
182436	39	3	73	0	0.0
182436	21	6	877	83	0.09464082098061574
182436	6	47	1	0	0.0
182436	6	43	9	0	0.0
182436	30	8	4440	0	0.0
182436	2	5	2	2	1.0
182436	44	2	574	0	0.0
182436	2	22	1053	16	0.015194681861348529
182436	38	3	6	0	0.0
182436	4	45	40	0	0.0
182436	2	47	7870	0	0.0
182436	31	8	3	0	0.0
182436	4	19	5850	0	0.0
182436	8	33	938	0	0.0
182436	2	7	28	0	0.0
182436	2	20	67	0	0.0
182436	4	1	248	0	0.0
182436	27	4	947	0	0.0
182436	4	3	1451	0	0.0
182436	46	2	155	0	0.0
182436	25	4	578	0	0.0
182436	6	3	7	1	0.14285714285714285
182436	6	1	3	0	0.0
182436	4	26	20	0	0.0
182436	23	6	120	7	0.058333333333333334
182436	32	8	65	0	0.0
182436	4	6	74	5	0.06756756756756757
182436	2	27	520	0	0.0
182436	8	52	26	0	0.0
182436	4	47	13	0	0.0
182436	21	2	8648	31	0.003584643848288622
182436	38	7	168	0	0.0
182436	42	4	15	0	0.0
182436	3	7	65	0	0.0
182436	1	5	2	0	0.0
182436	4	40	31	0	0.0
182436	6	40	3471	1	0.0002881014116969173
182436	2	18	6	0	0.0
182436	2	25	356	0	0.0
182436	8	51	7	1	0.14285714285714285
182436	5	38	2806	17	0.0060584461867426945
182436	44	6	2	0	0.0
182436	23	2	1556	12	0.007712082262210797
182436	46	6	7	0	0.0
182436	4	2	1329	1	0.0007524454477050414
182739	3	36	16	0	0.0
182739	2	12	31	2	0.06451612903225806
182739	1	34	35	0	0.0
182436	4	44	12	0	0.0
182436	53	8	2	0	0.0
182739	31	7	17	0	0.0
182436	2	6	40	4	0.1
182436	46	4	7	0	0.0
182739	2	8	20	0	0.0
182739	41	3	83	0	0.0
182739	4	29	2312	0	0.0
182739	25	7	1	0	0.0
182739	48	4	7	0	0.0
182739	6	16	4924	104	0.021121039805036556
182739	19	7	298	0	0.0
182739	9	2	2458	4	0.0016273393002441008
182739	50	1	2	0	0.0
182739	6	53	54	6	0.1111111111111111
182739	5	48	3951	299	0.0756770437863832
182739	20	5	2862	15	0.005241090146750524
182739	44	1	356	13	0.03651685393258427
182739	7	32	3	0	0.0
182739	48	8	465	0	0.0
182739	5	30	4991	10	0.002003606491685033
182739	28	2	17	0	0.0
182739	15	2	1	1	1.0
182739	14	2	1	0	0.0
182739	34	5	20	0	0.0
182739	49	8	29	0	0.0
182739	51	1	1	1	1.0
182739	29	2	18158	2835	0.15612952968388588
182739	8	18	12	0	0.0
182739	5	14	792	1	0.0012626262626262627
182739	5	51	456	47	0.10307017543859649
182739	35	5	8	0	0.0
182739	21	5	228	0	0.0
182739	7	16	8	0	0.0
182739	4	30	813	0	0.0
182739	8	25	43	0	0.0
182739	1	10	2738	95	0.03469685902118334
182739	5	29	10	0	0.0
182739	30	7	1150	2	0.0017391304347826088
182739	24	7	166	1	0.006024096385542169
182739	26	7	112	0	0.0
182739	18	7	1	0	0.0
182739	2	36	7	0	0.0
182739	3	8	142	0	0.0
182739	1	12	4	0	0.0
182739	1	8	13	0	0.0
182739	40	3	4	0	0.0
182739	2	34	26	0	0.0
182739	45	1	3390	30	0.008849557522123894
182739	7	29	4	0	0.0
182739	3	10	44	0	0.0
182739	8	27	100	0	0.0
182739	37	5	65	25	0.38461538461538464
182739	42	3	33	0	0.0
182739	47	1	262	2	0.007633587786259542
182739	7	14	6	0	0.0
182739	23	5	9	0	0.0
182739	7	51	8	0	0.0
182739	36	5	6	0	0.0
182739	22	5	3998	14	0.003501750875437719
182739	5	53	49	8	0.16326530612244897
182739	16	2	3	1	0.3333333333333333
182739	46	1	145	1	0.006896551724137931
182739	6	51	184	4	0.021739130434782608
182739	7	48	42	0	0.0
182739	6	14	4353	11	0.002526992878474615
182739	4	16	1	0	0.0
182739	5	16	3012	2	0.0006640106241699867
182739	2	10	2615	9	0.0034416826003824093
182739	4	8	170	0	0.0
182739	43	3	150	0	0.0
182739	6	48	12529	679	0.054194269295235055
182739	3	34	13	0	0.0
182739	33	7	64	0	0.0
182739	6	29	340	85	0.25
182739	1	36	10	0	0.0
182739	23	7	12	0	0.0
182739	6	30	24717	4119	0.16664643767447507
182739	37	7	11	0	0.0
182739	3	51	1	0	0.0
182739	7	34	2	0	0.0
182739	42	1	1272	22	0.01729559748427673
182739	3	30	414	0	0.0
182739	9	4	4	0	0.0
182739	27	5	1	0	0.0
182739	2	30	70	2	0.02857142857142857
182739	26	5	695	1	0.0014388489208633094
182739	33	5	31	1	0.03225806451612903
182739	13	2	68	3	0.04411764705882353
182739	3	29	144	0	0.0
182739	46	3	30	0	0.0
182739	36	7	698	0	0.0
182739	7	10	3	0	0.0
182739	2	48	12	0	0.0
182739	43	1	1665	17	0.01021021021021021
182739	8	23	199	0	0.0
182739	4	36	6	0	0.0
182739	22	7	457	5	0.010940919037199124
182739	8	6	596	109	0.18288590604026847
182739	6	34	3	0	0.0
182739	5	10	30	10	0.3333333333333333
182739	6	36	9	0	0.0
182739	1	29	1278	0	0.0
182739	4	34	162	0	0.0
182739	44	3	73	0	0.0
182739	5	8	216	9	0.041666666666666664
182739	20	7	400	6	0.015
182739	7	8	2532	0	0.0
182739	41	1	3650	55	0.015068493150684932
182739	25	5	1	0	0.0
182739	38	2	1	0	0.0
182739	8	21	1945	0	0.0
182739	40	1	2	0	0.0
182739	19	5	39	0	0.0
182739	39	2	2382	9	0.003778337531486146
182739	18	5	1993	2	0.0010035122930255895
182739	24	5	1651	3	0.0018170805572380376
182739	49	6	1884	55	0.029193205944798302
182739	11	2	1557	38	0.024405908798972382
182739	2	53	1	0	0.0
182739	1	30	12	0	0.0
182739	8	40	416	0	0.0
182739	45	3	94	0	0.0
182739	3	32	3	0	0.0
182739	8	38	170	1	0.0058823529411764705
182739	7	15	51	0	0.0
182739	4	10	92	0	0.0
182739	35	7	59	0	0.0
182739	21	7	95	0	0.0
182739	4	33	68	0	0.0
182739	3	11	16	0	0.0
182739	52	7	25	0	0.0
182739	33	1	100	0	0.0
182739	27	1	53	0	0.0
182739	7	50	5	0	0.0
182739	1	9	431	2	0.004640371229698376
182739	6	28	194	27	0.13917525773195877
182739	5	52	4770	441	0.09245283018867924
182739	43	5	1	0	0.0
182739	5	17	45	5	0.1111111111111111
182739	22	3	769	0	0.0
182739	7	28	16	0	0.0
182739	2	35	19	0	0.0
182739	1	13	24	0	0.0
182739	3	35	228	0	0.0
182739	8	26	1158	1	0.0008635578583765112
182739	16	8	13	0	0.0
182739	37	3	226	0	0.0
182739	7	49	4	0	0.0
182739	1	37	6680	0	0.0
182739	23	3	162	0	0.0
182739	6	15	2770	17	0.006137184115523465
182739	39	6	16	4	0.25
182739	6	50	257	6	0.023346303501945526
182739	6	17	427	6	0.01405152224824356
182739	9	3	21	0	0.0
182739	11	6	1	1	1.0
182739	28	4	175	0	0.0
182739	6	52	1502	0	0.0
182739	28	8	2640	0	0.0
182739	5	49	2069	182	0.08796520057999033
182739	4	15	1	0	0.0
182739	1	35	25	0	0.0
182739	24	1	81	0	0.0
182739	21	3	554	0	0.0
182739	40	5	1078	1	0.0009276437847866419
182739	54	5	1212	20	0.0165016501650165
182739	31	1	2	0	0.0
182739	20	3	288	0	0.0
182739	38	6	2900	198	0.06827586206896552
182739	19	1	511	0	0.0
182739	8	24	2101	0	0.0
182739	2	37	852	1	0.0011737089201877935
182739	15	8	53	0	0.0
182739	1	11	433	0	0.0
182739	29	8	240	0	0.0
182739	44	7	2	0	0.0
182739	7	17	3	0	0.0
182739	5	50	657	71	0.1080669710806697
182739	5	15	3960	419	0.10580808080808081
182739	25	1	2301	0	0.0
182739	5	28	102	0	0.0
182739	8	19	337	0	0.0
182739	6	33	47	5	0.10638297872340426
182739	8	20	347	0	0.0
182739	1	15	2	2	1.0
182739	39	4	2468	0	0.0
182739	40	7	3	0	0.0
182739	24	3	293	0	0.0
182739	44	5	3	3	1.0
182739	2	33	91	0	0.0
182739	11	4	16	0	0.0
182739	20	1	25	0	0.0
182739	6	37	9	5	0.5555555555555556
182739	1	28	10	0	0.0
182739	21	1	3631	0	0.0
182739	4	35	2	0	0.0
182739	39	8	45	0	0.0
182739	19	3	458	0	0.0
182739	8	41	1	0	0.0
182739	43	7	17	0	0.0
182739	10	8	5	0	0.0
182739	31	3	54	0	0.0
182739	3	33	75	0	0.0
182739	2	50	9	1	0.1111111111111111
182739	25	3	457	0	0.0
182739	27	3	93	0	0.0
182739	9	5	1	0	0.0
182739	6	35	3	0	0.0
182739	3	28	50	0	0.0
182739	22	1	218	0	0.0
182739	23	1	202	0	0.0
182739	22	4	3006	0	0.0
182739	8	9	1	0	0.0
182739	26	3	33	0	0.0
182739	6	41	4	0	0.0
182739	3	15	1	0	0.0
182739	27	6	47	1	0.02127659574468085
182739	36	8	23	0	0.0
182739	8	22	1379	0	0.0
182739	4	37	86	0	0.0
182739	6	54	5317	38	0.007146887342486364
182739	4	43	26	0	0.0
182739	43	2	592	5	0.008445945945945946
182739	2	45	4990	3	0.0006012024048096192
182739	26	6	275	1	0.0036363636363636364
182739	6	7	206	14	0.06796116504854369
182739	7	39	2	0	0.0
182739	42	2	1636	53	0.0323960880195599
182739	2	3	110	0	0.0
182739	2	24	120	0	0.0
182739	6	20	777	35	0.04504504504504504
182739	23	4	1985	0	0.0
182739	4	20	21	0	0.0
182739	2	19	77	0	0.0
182739	4	5	17	0	0.0
182739	2	1	3490	281	0.08051575931232091
182739	21	4	3176	0	0.0
182739	35	8	8	0	0.0
182739	24	6	4707	808	0.1716592309326535
182739	5	39	1	0	0.0
182739	6	22	8905	1723	0.1934868051656373
182739	18	6	2947	91	0.030878859857482184
182739	6	5	6099	1548	0.2538121003443187
182739	40	2	1	0	0.0
182739	25	6	14	1	0.07142857142857142
182739	2	26	4	0	0.0
182739	34	8	4	0	0.0
182739	19	6	52	2	0.038461538461538464
182739	5	7	675	4	0.005925925925925926
182739	39	1	9394	0	0.0
182739	6	43	5	0	0.0
182739	8	54	10	0	0.0
182739	1	3	1399	0	0.0
182739	4	41	289	0	0.0
182739	7	1	16	0	0.0
182739	8	50	3	0	0.0
182739	24	4	1049	0	0.0
182739	2	47	9556	22	0.0023022185014650483
182739	2	5	47	20	0.425531914893617
182739	5	3	14	1	0.07142857142857142
182739	39	3	136	0	0.0
182739	21	6	815	153	0.18773006134969325
182739	44	2	297	4	0.013468013468013467
182739	41	2	13244	623	0.04704016913319239
182739	4	45	16	0	0.0
182739	4	19	264	0	0.0
182739	38	3	8	0	0.0
182739	2	22	321	3	0.009345794392523364
182739	4	3	3328	0	0.0
182739	30	8	5471	1	0.00018278194114421494
182739	8	33	117	0	0.0
182739	25	4	1472	0	0.0
182739	6	1	12	6	0.5
182739	2	7	6	2	0.3333333333333333
182739	2	20	1	0	0.0
182739	6	3	24	4	0.16666666666666666
182739	4	1	492	1	0.0020325203252032522
182739	4	26	56	0	0.0
182739	27	4	6089	0	0.0
182739	4	47	15	0	0.0
182739	46	2	203	7	0.034482758620689655
182739	23	6	68	8	0.11764705882352941
182739	3	7	39	0	0.0
182739	8	52	14	0	0.0
182739	4	40	16	0	0.0
182739	4	6	41	3	0.07317073170731707
182739	21	2	9985	351	0.035152729093640464
182739	42	4	15	0	0.0
182739	6	40	1377	14	0.010167029774872912
182739	38	7	88	2	0.022727272727272728
182739	1	5	66	16	0.24242424242424243
182739	5	38	2296	15	0.006533101045296167
182739	2	27	650	14	0.021538461538461538
182739	23	2	671	5	0.007451564828614009
182739	2	25	260	1	0.0038461538461538464
182739	4	2	593	3	0.00505902192242833
182739	2	6	5	2	0.4
182739	53	8	1	0	0.0
182739	46	6	2	0	0.0
182739	8	51	6	0	0.0
182739	46	4	4	0	0.0
185442	3	41	13	0	0.0
182739	4	44	6	0	0.0
185442	7	31	20	0	0.0
185442	7	19	955	0	0.0
185442	1	44	162	0	0.0
185442	7	25	106	0	0.0
185442	2	8	29	6	0.20689655172413793
185442	8	48	477	0	0.0
185442	5	34	82	1	0.012195121951219513
185442	2	15	15	3	0.2
185442	5	20	14772	312	0.021121039805036556
185442	2	14	2	1	0.5
185442	2	28	24	0	0.0
185442	5	35	101	0	0.0
185442	1	51	2	0	0.0
185442	2	9	1860	20	0.010752688172043012
185442	8	49	13	0	0.0
185442	1	45	1202	0	0.0
185442	5	21	188	0	0.0
185442	3	40	14	0	0.0
185442	7	26	427	0	0.0
185442	3	42	34	0	0.0
185442	7	18	5	0	0.0
185442	3	8	36	0	0.0
185442	7	30	606	1	0.0016501650165016502
185442	2	16	3	0	0.0
185442	2	29	17239	2243	0.13011195544985207
185442	5	37	12	2	0.16666666666666666
185442	7	24	3738	3	0.0008025682182985554
185442	7	32	79	0	0.0
185442	1	47	8	0	0.0
185442	1	8	8	0	0.0
185442	5	23	127	0	0.0
185442	5	22	2384	9	0.0037751677852348995
185442	1	46	102	0	0.0
185442	5	36	69	3	0.043478260869565216
185442	3	43	19	0	0.0
185442	7	27	117	0	0.0
185442	7	33	152	0	0.0
185442	3	53	2	0	0.0
185442	5	27	5	0	0.0
185442	7	23	866	0	0.0
185442	4	8	67	0	0.0
185442	4	9	7	0	0.0
185442	5	32	43	1	0.023255813953488372
185442	1	42	497	0	0.0
185442	5	26	266	0	0.0
185442	2	13	133	1	0.007518796992481203
185442	7	37	4	0	0.0
185442	5	33	174	0	0.0
185442	1	43	504	0	0.0
185442	2	12	41	2	0.04878048780487805
185442	3	46	6	0	0.0
185442	7	36	720	0	0.0
185442	7	8	2371	2	0.0008435259384226065
185442	5	25	3	0	0.0
185442	5	19	114	0	0.0
185442	3	50	4	0	0.0
185442	5	30	3266	3	0.0009185548071034905
185442	8	6	733	58	0.0791268758526603
185442	3	44	18	0	0.0
185442	7	20	8595	3	0.00034904013961605586
185442	1	41	824	1	0.0012135922330097086
185442	2	10	2709	1	0.00036913990402362494
185442	5	8	243	9	0.037037037037037035
185442	7	22	1328	1	0.0007530120481927711
185442	2	38	23	0	0.0
185442	7	34	106	0	0.0
185442	3	51	1	0	0.0
185442	2	39	3646	10	0.0027427317608337905
185442	2	11	2043	54	0.02643171806167401
185442	3	45	16	0	0.0
185442	5	24	606	3	0.0049504950495049506
185442	3	36	130	0	0.0
185442	1	40	6	0	0.0
185442	6	9	1	0	0.0
185442	7	52	80	0	0.0
185442	7	21	817	0	0.0
185442	3	22	957	0	0.0
185442	7	35	129	0	0.0
185442	6	49	975	19	0.019487179487179488
185442	6	48	16197	569	0.0351299623387047
185442	5	18	617	0	0.0
185442	1	27	180	0	0.0
185442	1	33	264	36	0.13636363636363635
185442	5	43	1	0	0.0
185442	7	53	4	0	0.0
185442	8	16	20	0	0.0
185442	4	16	7	0	0.0
185442	3	35	982	0	0.0
185442	1	32	54	0	0.0
185442	7	51	15	0	0.0
185442	1	9	197	0	0.0
185442	6	39	29	5	0.1724137931034483
185442	3	37	414	0	0.0
185442	4	28	93	0	0.0
185442	3	21	1999	0	0.0
185442	8	14	9	0	0.0
185442	3	9	24	0	0.0
185442	3	23	3436	0	0.0
185442	1	30	2	0	0.0
185442	8	28	796	0	0.0
185442	1	24	133	3	0.022556390977443608
185442	6	38	1562	31	0.019846350832266324
185442	1	25	502	16	0.03187250996015936
185442	5	54	8	0	0.0
185442	8	15	29	0	0.0
185442	7	50	20	0	0.0
185442	7	44	11	0	0.0
185442	8	29	320	0	0.0
185442	5	40	942	0	0.0
185442	1	31	858	0	0.0
185442	4	29	1063	0	0.0
185442	4	15	1	0	0.0
185442	6	10	1	1	1.0
185442	3	34	222	0	0.0
185442	7	40	83	0	0.0
185442	3	20	1858	0	0.0
185442	1	19	17477	799	0.04571722835726955
185442	6	14	1413	3	0.0021231422505307855
185442	3	24	571	0	0.0
185442	8	39	28	0	0.0
185442	1	35	129	8	0.06201550387596899
185442	4	11	23	0	0.0
185442	4	39	792	0	0.0
185442	5	50	171	4	0.023391812865497075
185442	6	29	474	23	0.04852320675105485
185442	5	51	84	2	0.023809523809523808
185442	8	10	4	0	0.0
185442	5	44	11	3	0.2727272727272727
185442	1	21	5267	125	0.023732675147142585
185442	6	28	206	10	0.04854368932038835
185442	3	30	1	0	0.0
185442	1	20	178	2	0.011235955056179775
185442	1	34	173	13	0.07514450867052024
185442	8	38	166	5	0.030120481927710843
185442	3	25	1264	0	0.0
185442	3	31	669	0	0.0
185442	4	10	34	0	0.0
185442	6	15	1484	1	0.0006738544474393531
185442	3	27	152	0	0.0
185442	7	43	3	0	0.0
185442	4	38	3	0	0.0
185442	3	19	16692	13	0.000778816199376947
185442	4	12	3	0	0.0
185442	6	17	8	0	0.0
185442	1	36	63	3	0.047619047619047616
185442	3	33	221	0	0.0
185442	1	22	164	5	0.03048780487804878
185442	1	23	181	9	0.049723756906077346
185442	5	53	29	2	0.06896551724137931
185442	3	26	28	0	0.0
185442	5	52	2412	28	0.011608623548922056
185442	1	37	4222	12	0.0028422548555187117
185442	3	32	12	0	0.0
185442	6	16	2241	19	0.008478357875948238
185442	2	43	1293	0	0.0
185442	4	13	3	0	0.0
185442	4	36	62	0	0.0
185442	6	27	65	2	0.03076923076923077
185442	1	12	3	0	0.0
185442	8	22	2550	1	0.000392156862745098
185442	6	33	345	49	0.14202898550724638
185442	8	36	41	0	0.0
185442	4	22	1479	0	0.0
185442	6	7	301	28	0.09302325581395349
185442	6	26	130	4	0.03076923076923077
185442	1	13	60	0	0.0
185442	8	37	2	0	0.0
185442	6	32	11	0	0.0
185442	8	23	610	0	0.0
185442	2	42	503	3	0.005964214711729622
185442	1	11	463	0	0.0
185442	4	5	22	0	0.0
185442	3	28	50	0	0.0
185442	4	21	3444	0	0.0
185442	4	23	3157	0	0.0
185442	4	37	120	0	0.0
185442	2	3	290	40	0.13793103448275862
185442	2	1	1966	49	0.024923702950152594
185442	4	35	50	0	0.0
185442	6	5	2365	375	0.15856236786469344
185442	8	35	65	0	0.0
185442	8	21	1422	0	0.0
185442	6	24	1930	164	0.0849740932642487
185442	2	40	9	1	0.1111111111111111
185442	1	39	4630	13	0.0028077753779697625
185442	5	7	923	38	0.041170097508125676
185442	5	49	500	4	0.008
185442	4	7	92	0	0.0
185442	2	54	6	0	0.0
185442	5	48	1037	25	0.024108003857280617
185442	6	18	1313	20	0.015232292460015232
185442	8	34	67	0	0.0
185442	6	25	25	0	0.0
185442	2	41	12265	278	0.02266612311455361
185442	4	34	354	0	0.0
185442	6	19	112	3	0.026785714285714284
185442	1	38	53	0	0.0
185442	1	10	687	0	0.0
185442	8	20	5165	4	0.0007744433688286545
185442	3	15	2	0	0.0
185442	7	1	27	1	0.037037037037037035
185442	4	24	1282	0	0.0
185442	3	29	213	0	0.0
185442	7	49	18	0	0.0
185442	6	30	20836	2516	0.12075254367440967
185442	1	3	1666	91	0.0546218487394958
185442	4	20	611	0	0.0
185442	4	30	105	0	0.0
185442	5	3	53	0	0.0
185442	3	39	960	0	0.0
185442	3	11	27	0	0.0
185442	1	28	6	0	0.0
185442	6	35	138	20	0.14492753623188406
185442	1	14	1	0	0.0
185442	6	21	2629	62	0.023583111449220234
185442	8	24	3427	0	0.0
185442	2	44	460	0	0.0
185442	8	30	4855	0	0.0
185442	8	18	10	0	0.0
185442	8	25	30	0	0.0
185442	2	51	1	0	0.0
185442	2	5	42	9	0.21428571428571427
185442	2	45	2235	0	0.0
185442	6	34	78	3	0.038461538461538464
185442	3	10	76	0	0.0
185442	1	15	2	0	0.0
185442	2	50	3	0	0.0
185442	8	19	502	0	0.0
185442	1	29	1487	0	0.0
185442	6	20	6931	88	0.012696580580002885
185442	6	1	25	13	0.52
185442	4	3	1672	0	0.0
185442	3	38	39	0	0.0
185442	4	1	275	2	0.007272727272727273
185442	4	25	766	0	0.0
185442	4	27	1633	0	0.0
185442	6	36	66	6	0.09090909090909091
185442	8	27	46	0	0.0
185442	4	33	110	0	0.0
185442	7	48	8	0	0.0
185442	6	3	13	0	0.0
185442	4	31	8	0	0.0
185442	2	7	28	4	0.14285714285714285
185442	2	46	161	0	0.0
185442	3	7	88	0	0.0
185442	6	22	6152	772	0.12548764629388817
185442	8	26	114	0	0.0
185442	2	53	1	0	0.0
185442	8	32	14	0	0.0
185442	4	19	7193	0	0.0
185442	1	5	24	3	0.125
185442	8	33	253	0	0.0
185442	1	16	1	0	0.0
185442	2	47	8478	9	0.0010615711252653928
185442	6	23	773	32	0.04139715394566624
185442	4	26	28	0	0.0
185442	6	37	7	1	0.14285714285714285
185442	3	13	3	0	0.0
185442	7	38	203	0	0.0
185442	2	20	51	0	0.0
185442	6	50	924	4	0.004329004329004329
185442	5	29	5	0	0.0
185442	7	10	8	0	0.0
185442	5	15	240	12	0.05
185442	4	6	50	5	0.1
185442	6	51	227	2	0.00881057268722467
185442	2	35	50	3	0.06
185442	5	28	86	1	0.011627906976744186
185442	4	41	539	0	0.0
185442	5	14	158	1	0.006329113924050633
185442	2	34	86	14	0.16279069767441862
185442	8	40	208	0	0.0
185442	2	21	13548	2150	0.15869501033362857
185442	5	16	1219	1	0.0008203445447087777
185442	2	36	47	2	0.0425531914893617
185442	6	52	3148	4	0.0012706480304955528
185442	7	39	54	0	0.0
185442	6	53	40	2	0.05
185442	6	47	2	0	0.0
185442	4	40	24	0	0.0
185442	4	43	3	0	0.0
185442	5	17	1	0	0.0
185442	2	23	273	40	0.14652014652014653
185442	2	37	1543	3	0.0019442644199611147
185442	4	42	7	0	0.0
185442	2	22	752	24	0.031914893617021274
185442	7	16	46	0	0.0
185442	2	6	120	39	0.325
185442	7	29	64	0	0.0
185442	4	46	1	0	0.0
185442	2	26	2	0	0.0
185442	2	27	481	27	0.056133056133056136
185442	2	32	31	0	0.0
185442	8	52	2	0	0.0
185442	2	33	225	32	0.14222222222222222
185442	8	53	4	0	0.0
185442	7	15	58	0	0.0
185442	8	50	3	0	0.0
185442	4	44	2	0	0.0
185442	4	2	538	94	0.17472118959107807
185442	5	39	8	0	0.0
185442	2	31	32	0	0.0
185442	2	30	46	3	0.06521739130434782
185442	2	24	496	19	0.038306451612903226
185442	5	38	1221	4	0.003276003276003276
185442	2	25	157	3	0.01910828025477707
185442	5	10	4	0	0.0
185442	2	19	4178	34	0.008137865007180469
185442	6	40	608	15	0.024671052631578948
185442	4	45	1	0	0.0
186949	3	41	8	0	0.0
185442	7	14	16	0	0.0
186949	7	25	10	0	0.0
186949	7	31	129	0	0.0
186949	4	48	88	0	0.0
185442	7	28	615	0	0.0
186949	8	48	612	5	0.008169934640522876
186949	2	9	1709	0	0.0
185442	6	54	7075	16	0.0022614840989399294
186949	2	8	66	1	0.015151515151515152
186949	5	34	122	8	0.06557377049180328
186949	1	44	78	0	0.0
186949	5	20	12558	529	0.04212454212454213
186949	7	19	7074	0	0.0
186949	5	35	36	1	0.027777777777777776
186949	2	29	10440	429	0.04109195402298851
186949	2	14	1	0	0.0
186949	7	30	248	1	0.004032258064516129
186949	3	40	17	0	0.0
186949	7	24	210	0	0.0
186949	2	28	3	0	0.0
186949	7	18	314	0	0.0
186949	4	49	4	0	0.0
186949	5	21	184	15	0.08152173913043478
186949	8	49	196	0	0.0
186949	1	45	432	0	0.0
186949	3	8	783	1	0.001277139208173691
186949	7	32	63	0	0.0
186949	1	8	22	1	0.045454545454545456
186949	2	16	18	0	0.0
186949	7	26	938	0	0.0
186949	7	27	14	0	0.0
186949	1	47	3	0	0.0
186949	5	36	7	1	0.14285714285714285
186949	1	46	18	0	0.0
186949	7	37	54	0	0.0
186949	5	26	1068	11	0.010299625468164793
186949	5	22	312	16	0.05128205128205128
186949	3	53	1	0	0.0
186949	7	33	359	0	0.0
186949	1	42	34	0	0.0
186949	2	13	783	0	0.0
186949	5	23	44	5	0.11363636363636363
186949	3	43	11	0	0.0
186949	4	8	6109	11	0.0018006220330659681
186949	7	23	1385	0	0.0
186949	5	32	14	0	0.0
186949	1	43	47	0	0.0
186949	5	33	51	1	0.0196078431372549
186949	7	8	1054	8	0.007590132827324478
186949	5	8	428	46	0.10747663551401869
186949	3	46	4	0	0.0
186949	7	22	6032	1	0.00016578249336870026
186949	2	12	785	0	0.0
186949	8	6	1575	110	0.06984126984126984
186949	3	44	69	0	0.0
186949	3	50	2	0	0.0
186949	7	36	489	0	0.0
186949	7	34	1930	0	0.0
186949	3	52	59	0	0.0
186949	1	41	605	0	0.0
186949	6	48	5587	276	0.0494003937712547
186949	7	20	20413	4	0.00019595355900651546
186949	2	10	5007	0	0.0
186949	5	19	320	11	0.034375
186949	5	31	2	0	0.0
186949	2	38	18	0	0.0
186949	5	24	88	4	0.045454545454545456
186949	2	11	1632	1	0.0006127450980392157
186949	5	18	1355	2	0.0014760147601476014
186949	6	49	1062	42	0.03954802259887006
186949	5	30	1107	8	0.007226738934056007
186949	3	45	140	0	0.0
186949	1	40	7	2	0.2857142857142857
186949	7	35	120	1	0.008333333333333333
186949	3	51	105	0	0.0
186949	7	21	2353	0	0.0
186949	2	39	7953	1	0.0001257387149503332
186949	1	27	334	0	0.0
186949	7	52	76	1	0.013157894736842105
186949	3	36	122	0	0.0
186949	3	22	2412	0	0.0
186949	4	17	32	0	0.0
186949	3	23	839	0	0.0
186949	8	16	220	1	0.004545454545454545
186949	4	16	107	0	0.0
186949	1	9	39	0	0.0
186949	3	21	1255	0	0.0
186949	1	26	1	0	0.0
186949	3	37	1242	0	0.0
186949	7	51	209	0	0.0
186949	8	17	31	1	0.03225806451612903
186949	7	45	36	0	0.0
186949	3	35	58	0	0.0
186949	7	53	14	2	0.14285714285714285
186949	4	28	553	0	0.0
186949	1	33	36	0	0.0
186949	1	30	60	0	0.0
186949	6	39	22	2	0.09090909090909091
186949	8	28	1571	1	0.0006365372374283895
186949	6	11	12	0	0.0
186949	8	15	318	0	0.0
186949	3	9	1	0	0.0
186949	2	48	2	0	0.0
186949	5	54	1	0	0.0
186949	8	14	69	1	0.014492753623188406
186949	4	14	72	0	0.0
186949	8	29	1403	4	0.002851033499643621
186949	1	24	3	0	0.0
186949	1	25	781	28	0.03585147247119078
186949	1	19	6695	610	0.09111277072442121
186949	1	31	81	1	0.012345679012345678
186949	5	40	4044	3	0.000741839762611276
186949	6	38	2566	49	0.019095869056897894
186949	4	15	362	1	0.0027624309392265192
186949	4	29	2213	0	0.0
186949	3	18	2	0	0.0
186949	7	50	22	0	0.0
186949	3	30	16	0	0.0
186949	4	39	524	0	0.0
186949	7	40	358	0	0.0
186949	4	11	4	0	0.0
186949	3	34	1731	2	0.0011554015020219526
186949	7	44	43	0	0.0
186949	3	24	35	0	0.0
186949	3	20	2589	0	0.0
186949	8	39	27	0	0.0
186949	8	11	2	0	0.0
186949	6	14	3661	8	0.002185195301830101
186949	1	21	38	1	0.02631578947368421
186949	1	35	25	1	0.04
186949	6	28	1551	5	0.003223726627981947
186949	5	51	217	0	0.0
186949	1	20	216	4	0.018518518518518517
186949	5	50	65	0	0.0
186949	3	25	1330	0	0.0
186949	3	31	228	0	0.0
186949	6	15	11060	16	0.0014466546112115732
186949	1	34	501	61	0.1217564870259481
186949	8	38	339	3	0.008849557522123894
186949	4	10	8	0	0.0
186949	6	29	7599	495	0.06514015001973944
186949	7	43	3	0	0.0
186949	7	41	1	0	0.0
186949	3	33	243	0	0.0
186949	5	52	465	0	0.0
186949	4	38	138	0	0.0
186949	5	53	38	0	0.0
186949	3	27	885	0	0.0
186949	6	17	1548	4	0.002583979328165375
186949	1	22	621	98	0.15780998389694043
186949	1	36	24	6	0.25
186949	1	23	133	5	0.03759398496240601
186949	1	37	12855	259	0.02014780241151303
186949	6	16	2208	64	0.028985507246376812
186949	3	32	147	0	0.0
186949	3	19	25140	2	7.955449482895784e-05
186949	4	13	4	0	0.0
186949	3	17	1	0	0.0
186949	3	26	11	0	0.0
186949	1	12	110	0	0.0
186949	8	36	753	0	0.0
186949	4	22	3049	0	0.0
186949	4	36	79	1	0.012658227848101266
186949	8	22	8813	3	0.00034040621808691704
186949	6	27	109	6	0.05504587155963303
186949	6	33	125	6	0.048
186949	8	37	6	0	0.0
186949	6	7	630	12	0.01904761904761905
186949	8	23	526	0	0.0
186949	1	13	107	0	0.0
186949	6	26	683	1	0.0014641288433382138
186949	2	42	990	8	0.00808080808080808
186949	2	43	202	2	0.009900990099009901
186949	6	32	2	0	0.0
186949	3	16	6	0	0.0
186949	2	3	218	1	0.0045871559633027525
186949	4	5	219	4	0.0182648401826484
186949	4	23	790	2	0.002531645569620253
186949	4	37	97	0	0.0
186949	2	1	5449	57	0.01046063497889521
186949	3	14	1	0	0.0
186949	1	11	120	0	0.0
186949	3	28	80	0	0.0
186949	4	21	1265	0	0.0
186949	4	35	18	0	0.0
186949	8	21	6923	0	0.0
186949	6	5	4030	553	0.13722084367245657
186949	6	18	4307	54	0.012537729277919666
186949	6	31	1	0	0.0
186949	8	35	109	0	0.0
186949	6	24	167	4	0.023952095808383235
186949	2	40	20	0	0.0
186949	5	49	72	0	0.0
186949	4	7	583	4	0.00686106346483705
186949	5	48	553	4	0.007233273056057866
186949	5	7	1619	269	0.16615194564546015
186949	1	39	6253	1	0.00015992323684631377
186949	6	30	5806	438	0.07543920082673097
186949	3	15	8	0	0.0
186949	1	38	2	0	0.0
186949	8	34	496	1	0.0020161290322580645
186949	3	29	26	0	0.0
186949	6	25	7	1	0.14285714285714285
186949	2	41	9113	151	0.016569735542631407
186949	4	20	389	0	0.0
186949	1	3	957	64	0.06687565308254964
186949	6	19	516	37	0.07170542635658915
186949	1	10	339	0	0.0
186949	7	1	19	1	0.05263157894736842
186949	4	34	728	0	0.0
186949	8	20	807	4	0.004956629491945477
186949	3	39	544	0	0.0
186949	4	24	170	0	0.0
186949	3	11	2	0	0.0
186949	5	3	39	3	0.07692307692307693
186949	4	30	8650	1	0.00011560693641618497
186949	1	28	2	0	0.0
186949	2	5	11	0	0.0
186949	6	21	2413	239	0.09904682967260671
186949	2	45	399	1	0.002506265664160401
186949	8	25	25	0	0.0
186949	8	18	227	1	0.004405286343612335
186949	2	50	34	0	0.0
186949	4	18	21	0	0.0
186949	8	24	641	0	0.0
186949	8	30	4260	14	0.0032863849765258214
186949	2	51	75	0	0.0
186949	2	44	631	6	0.009508716323296355
186949	6	35	136	5	0.03676470588235294
186949	8	31	33	0	0.0
186949	6	34	55	3	0.05454545454545454
186949	6	1	39	7	0.1794871794871795
186949	3	10	2	0	0.0
186949	8	19	671	0	0.0
186949	3	38	29	0	0.0
186949	4	25	271	0	0.0
186949	6	20	3157	44	0.013937282229965157
186949	1	29	1567	1	0.0006381620931716656
186949	4	33	57	0	0.0
186949	4	3	1086	0	0.0
186949	4	19	2076	1	0.0004816955684007707
186949	7	48	58	5	0.08620689655172414
186949	4	27	3104	0	0.0
186949	2	46	76	0	0.0
186949	4	1	591	2	0.00338409475465313
186949	6	36	19	1	0.05263157894736842
186949	2	7	2	0	0.0
186949	3	7	1234	1	0.0008103727714748784
186949	3	12	2	0	0.0
186949	8	33	461	2	0.004338394793926247
186949	6	22	1167	37	0.031705227077977724
186949	2	52	1	0	0.0
186949	8	27	543	0	0.0
186949	6	3	44	1	0.022727272727272728
186949	2	53	15	0	0.0
186949	6	23	194	16	0.08247422680412371
186949	8	26	115	0	0.0
186949	8	32	2	0	0.0
186949	3	13	1	0	0.0
186949	4	6	1136	48	0.04225352112676056
186949	4	26	55	0	0.0
186949	4	32	2	0	0.0
186949	2	47	424	0	0.0
186949	1	5	5	3	0.6
186949	6	37	1	0	0.0
186949	4	41	188	0	0.0
186949	7	10	1	0	0.0
186949	7	38	462	0	0.0
186949	8	41	7	0	0.0
186949	6	50	167	0	0.0
186949	5	15	2142	2	0.0009337068160597573
186949	2	35	11	0	0.0
186949	2	34	56	0	0.0
186949	5	14	548	0	0.0
186949	8	54	1	0	0.0
186949	5	28	1267	0	0.0
186949	5	29	38	0	0.0
186949	2	20	41	0	0.0
186949	6	44	4	0	0.0
186949	2	21	1087	3	0.0027598896044158236
186949	6	51	731	46	0.06292749658002736
186949	4	40	205	0	0.0
186949	8	40	319	1	0.003134796238244514
186949	6	47	3	0	0.0
186949	7	39	8	0	0.0
186949	2	22	535	87	0.16261682242990655
186949	2	36	11	0	0.0
186949	5	17	324	1	0.0030864197530864196
186949	4	42	41	0	0.0
186949	5	16	531	1	0.0018832391713747645
186949	6	46	16	0	0.0
186949	8	43	15	0	0.0
186949	6	52	515	4	0.007766990291262136
186949	2	23	369	2	0.005420054200542005
186949	4	47	2	0	0.0
186949	2	6	151	27	0.17880794701986755
186949	4	43	50	0	0.0
186949	7	16	123	0	0.0
186949	8	53	12	0	0.0
186949	2	32	5	0	0.0
186949	2	37	4364	2	0.00045829514207149406
186949	2	33	15	0	0.0
186949	4	53	4	0	0.0
186949	6	53	81	0	0.0
186949	8	46	9	0	0.0
186949	6	43	25	0	0.0
186949	4	52	1	0	0.0
186949	7	29	19	0	0.0
186949	2	27	15162	1	6.595435958316844e-05
186949	7	15	269	0	0.0
186949	7	17	52	0	0.0
186949	8	52	10	0	0.0
186949	4	46	25	0	0.0
186949	4	44	68	0	0.0
186949	6	41	3	0	0.0
186949	2	31	26	0	0.0
186949	8	44	1	0	0.0
186949	8	50	53	1	0.018867924528301886
186949	4	50	1	0	0.0
186949	5	38	7823	22	0.0028122203758149046
186949	2	25	1275	2	0.001568627450980392
186949	2	24	5	0	0.0
186949	2	19	3162	16	0.005060088551549652
186949	4	2	1521	7	0.0046022353714661405
187345	7	31	77	0	0.0
186949	7	14	96	0	0.0
186949	6	54	474	1	0.002109704641350211
186949	8	51	149	0	0.0
187345	2	8	19	0	0.0
186949	4	45	8	0	0.0
186949	6	40	1457	3	0.002059025394646534
186949	2	30	1748	38	0.021739130434782608
187345	7	19	1022	0	0.0
187345	3	41	74	0	0.0
186949	7	28	871	0	0.0
187345	2	9	2695	10	0.0037105751391465678
186949	4	51	180	0	0.0
187345	1	44	217	66	0.30414746543778803
187345	7	25	10	0	0.0
187345	8	48	370	0	0.0
187345	2	15	1	0	0.0
187345	2	14	11	0	0.0
187345	5	35	85	0	0.0
187345	5	34	325	10	0.03076923076923077
187345	5	21	83	0	0.0
187345	1	45	2553	237	0.09283196239717979
187345	7	24	3840	0	0.0
187345	1	8	18	0	0.0
187345	7	18	8	0	0.0
187345	8	49	32	0	0.0
187345	3	40	19	0	0.0
187345	3	8	84	0	0.0
187345	7	30	187	0	0.0
187345	7	32	4	0	0.0
187345	5	20	13664	208	0.01522248243559719
187345	7	26	154	0	0.0
187345	3	42	21	0	0.0
187345	5	23	19	0	0.0
187345	1	46	211	19	0.09004739336492891
187345	5	36	107	0	0.0
187345	2	29	21577	3025	0.14019557862538815
187345	7	33	535	0	0.0
187345	3	43	113	0	0.0
187345	1	47	1105	155	0.14027149321266968
187345	7	27	1	0	0.0
187345	5	22	3431	22	0.006412124744972311
187345	2	16	15	0	0.0
187345	4	8	91	0	0.0
187345	7	37	25	0	0.0
187345	4	9	8	0	0.0
187345	7	23	87	0	0.0
187345	5	32	2	0	0.0
187345	2	13	119	0	0.0
187345	1	42	417	44	0.10551558752997602
187345	5	33	92	1	0.010869565217391304
187345	8	6	620	61	0.09838709677419355
187345	7	20	13406	0	0.0
187345	2	12	304	1	0.003289473684210526
187345	7	22	2750	2	0.0007272727272727272
187345	5	8	280	4	0.014285714285714285
187345	5	26	1950	25	0.01282051282051282
187345	3	44	3	0	0.0
187345	7	34	509	0	0.0
187345	7	8	3787	0	0.0
187345	3	46	56	0	0.0
187345	1	43	2604	294	0.11290322580645161
187345	7	36	1830	0	0.0
187345	3	50	2	0	0.0
187345	5	25	1	0	0.0
187345	2	11	1173	14	0.011935208866155157
187345	1	41	2893	203	0.07016937435188386
187345	5	19	71	0	0.0
187345	2	10	6832	20	0.002927400468384075
187345	3	45	137	0	0.0
187345	7	35	224	0	0.0
187345	6	9	5	0	0.0
187345	1	40	4	0	0.0
187345	2	39	4952	13	0.0026252019386106625
187345	5	24	1796	20	0.011135857461024499
187345	5	18	199	16	0.08040201005025126
187345	7	46	1	0	0.0
187345	6	49	1338	90	0.06726457399103139
187345	7	21	386	0	0.0
187345	5	30	1419	2	0.0014094432699083862
187345	6	48	7486	683	0.09123697568795085
187345	7	52	82	0	0.0
187345	3	36	217	0	0.0
187345	1	27	311	2	0.006430868167202572
187345	3	22	933	0	0.0
187345	1	33	273	1	0.003663003663003663
187345	3	37	778	0	0.0
187345	1	9	123	9	0.07317073170731707
187345	4	16	11	0	0.0
187345	3	23	5099	0	0.0
187345	4	28	21	0	0.0
187345	3	21	2471	0	0.0
187345	4	14	4	0	0.0
187345	8	16	18	0	0.0
187345	3	35	1351	0	0.0
187345	7	53	3	0	0.0
187345	7	51	33	0	0.0
187345	3	9	37	0	0.0
187345	8	14	23	0	0.0
187345	1	24	35	1	0.02857142857142857
187345	8	28	530	0	0.0
187345	6	10	1	0	0.0
187345	2	48	55	0	0.0
187345	8	15	43	0	0.0
187345	5	40	2954	9	0.003046716316858497
187345	6	38	1790	5	0.002793296089385475
187345	6	11	9	2	0.2222222222222222
187345	1	31	39	0	0.0
187345	8	29	209	0	0.0
187345	1	25	1726	2	0.0011587485515643105
187345	4	15	1	0	0.0
187345	3	34	474	0	0.0
187345	5	54	1512	144	0.09523809523809523
187345	6	39	2	0	0.0
187345	4	29	3103	0	0.0
187345	1	19	9210	39	0.004234527687296417
187345	3	20	1337	0	0.0
187345	3	24	237	0	0.0
187345	4	11	49	0	0.0
187345	7	40	85	0	0.0
187345	7	50	65	0	0.0
187345	4	39	820	0	0.0
187345	3	30	10	0	0.0
187345	8	11	1	0	0.0
187345	8	39	19	0	0.0
187345	5	51	581	294	0.5060240963855421
187345	1	21	2092	2	0.0009560229445506692
187345	6	14	6467	26	0.004020411319004175
187345	7	9	1	0	0.0
187345	1	20	209	1	0.004784688995215311
187345	1	35	69	1	0.014492753623188406
187345	3	25	918	0	0.0
187345	6	29	860	117	0.13604651162790699
187345	5	50	1716	308	0.1794871794871795
187345	6	28	2351	206	0.08762228838792004
187345	3	31	95	0	0.0
187345	8	38	29	0	0.0
187345	6	15	5790	35	0.006044905008635579
187345	1	34	184	3	0.016304347826086956
187345	4	10	35	0	0.0
187345	3	19	16043	2	0.00012466496291217352
187345	7	43	1	0	0.0
187345	1	22	338	2	0.005917159763313609
187345	3	33	542	0	0.0
187345	3	26	2	0	0.0
187345	5	53	23	6	0.2608695652173913
187345	6	17	188	3	0.015957446808510637
187345	1	23	939	1	0.0010649627263045794
187345	4	12	4	0	0.0
187345	3	27	165	0	0.0
187345	4	36	97	0	0.0
187345	1	36	87	0	0.0
187345	4	13	96	0	0.0
187345	1	37	10744	27	0.002513030528667163
187345	5	52	2437	357	0.14649158801805498
187345	6	16	4698	70	0.01489995742869306
187345	1	12	67	8	0.11940298507462686
187345	6	27	14	0	0.0
187345	4	22	3496	0	0.0
187345	6	7	290	2	0.006896551724137931
187345	8	22	7904	0	0.0
187345	6	33	139	22	0.15827338129496402
187345	6	26	979	6	0.006128702757916241
187345	2	42	322	9	0.027950310559006212
187345	8	23	901	0	0.0
187345	1	13	30	0	0.0
187345	4	5	11	0	0.0
187345	8	36	55	0	0.0
187345	2	43	1804	17	0.009423503325942351
187345	4	37	129	0	0.0
187345	4	23	10618	0	0.0
187345	2	3	532	3	0.005639097744360902
187345	2	1	2815	457	0.16234458259325044
187345	6	18	1412	79	0.05594900849858357
187345	4	35	53	0	0.0
187345	8	21	2035	0	0.0
187345	4	21	5531	0	0.0
187345	3	28	31	0	0.0
187345	1	11	97	0	0.0
187345	5	49	440	100	0.22727272727272727
187345	1	39	6380	4	0.0006269592476489029
187345	8	35	105	0	0.0
187345	5	7	1666	21	0.012605042016806723
187345	6	5	3142	816	0.2597071928707829
187345	4	7	23	0	0.0
187345	5	48	2339	307	0.13125267208208635
187345	6	24	2550	245	0.09607843137254903
187345	1	10	1129	65	0.05757307351638618
187345	6	25	5	0	0.0
187345	8	34	177	0	0.0
187345	2	41	9552	450	0.0471105527638191
187345	4	20	343	0	0.0
187345	6	19	242	13	0.05371900826446281
187345	7	49	6	0	0.0
187345	3	15	1	0	0.0
187345	3	29	123	0	0.0
187345	4	34	322	0	0.0
187345	1	3	1491	7	0.004694835680751174
187345	8	20	8979	0	0.0
187345	7	1	8	0	0.0
187345	4	24	571	0	0.0
187345	4	30	209	0	0.0
187345	6	30	20605	2294	0.11133220092210629
187345	8	24	8352	0	0.0
187345	3	11	20	0	0.0
187345	1	28	1	0	0.0
187345	2	45	1586	18	0.011349306431273645
187345	8	30	2312	0	0.0
187345	5	3	51	0	0.0
187345	6	35	76	11	0.14473684210526316
187345	6	21	1394	198	0.14203730272596843
187345	3	39	1035	0	0.0
187345	2	44	640	20	0.03125
187345	2	50	28	0	0.0
187345	8	18	11	0	0.0
187345	8	25	26	0	0.0
187345	6	1	2	0	0.0
187345	3	10	57	0	0.0
187345	4	3	1961	0	0.0
187345	4	27	2526	0	0.0
187345	4	31	2	0	0.0
187345	1	29	886	0	0.0
187345	6	34	113	2	0.017699115044247787
187345	3	38	10	0	0.0
187345	7	48	32	0	0.0
187345	4	33	236	0	0.0
187345	4	25	1192	0	0.0
187345	6	3	22	3	0.13636363636363635
187345	6	20	3809	32	0.00840115515883434
187345	8	19	867	0	0.0
187345	4	1	319	4	0.012539184952978056
187345	4	19	5644	0	0.0
187345	3	12	8	0	0.0
187345	6	36	34	1	0.029411764705882353
187345	8	33	383	0	0.0
187345	2	46	193	2	0.010362694300518135
187345	2	7	2	0	0.0
187345	6	37	1	0	0.0
187345	8	27	33	0	0.0
187345	1	5	1	0	0.0
187345	3	7	146	0	0.0
187345	2	53	22	0	0.0
187345	6	23	342	27	0.07894736842105263
187345	8	26	226	0	0.0
187345	6	22	12014	1906	0.15864824371566505
187345	2	47	7192	49	0.006813125695216908
187345	2	34	136	1	0.007352941176470588
187345	4	6	28	5	0.17857142857142858
187345	5	15	3142	1598	0.5085932527052832
187345	6	50	2708	3	0.0011078286558345643
187345	7	38	811	0	0.0
187345	2	20	9	0	0.0
187345	4	41	456	0	0.0
187345	5	29	1	0	0.0
187345	8	41	16	0	0.0
187345	3	48	1	0	0.0
187345	5	28	885	4	0.004519774011299435
187345	2	35	68	3	0.04411764705882353
187345	5	14	341	25	0.07331378299120235
187345	6	45	4	2	0.5
187345	6	51	1086	44	0.040515653775322284
187345	2	37	1402	4	0.0028530670470756064
187345	4	40	8	0	0.0
187345	2	21	11766	519	0.04411014788373279
187345	8	54	10	0	0.0
187345	2	36	52	1	0.019230769230769232
187345	8	40	256	0	0.0
187345	4	42	27	0	0.0
187345	5	16	589	14	0.023769100169779286
187345	2	23	2144	36	0.016791044776119403
187345	7	39	3	0	0.0
187345	4	47	4	0	0.0
187345	6	52	3193	5	0.0015659254619480112
187345	2	6	21	5	0.23809523809523808
187345	5	17	60	22	0.36666666666666664
187345	7	16	24	0	0.0
187345	6	46	23	0	0.0
187345	4	43	13	0	0.0
187345	2	22	1032	17	0.016472868217054265
187345	6	53	130	2	0.015384615384615385
187345	4	46	12	0	0.0
187345	6	41	7	0	0.0
187345	8	52	3	0	0.0
187345	2	27	3595	113	0.031432545201668986
187345	7	17	5	0	0.0
187345	2	33	289	7	0.02422145328719723
187345	6	43	6	0	0.0
187345	7	15	198	0	0.0
187345	8	50	4	0	0.0
187345	4	50	1	0	0.0
187345	4	44	36	0	0.0
187345	2	24	76	0	0.0
187345	2	18	1	0	0.0
187345	4	2	1331	8	0.006010518407212622
187345	8	51	7	0	0.0
187345	5	39	1	0	0.0
187345	2	25	587	8	0.013628620102214651
187345	6	54	6512	76	0.01167076167076167
187345	2	19	2007	16	0.007972097658196313
187345	5	38	2743	23	0.008384979948960992
187345	4	45	18	0	0.0
187345	2	30	142	19	0.13380281690140844
187345	6	40	3353	29	0.00864897107068297
187345	2	31	1	0	0.0
187345	7	28	268	0	0.0
187345	7	14	25	0	0.0
191033	7	25	78	0	0.0
191033	2	8	177	1	0.005649717514124294
191033	7	31	64	0	0.0
191033	1	44	787	64	0.08132147395171538
191033	1	50	1	0	0.0
191033	3	41	130	0	0.0
191033	2	14	20	0	0.0
191033	8	48	328	0	0.0
191033	5	35	28	0	0.0
191033	7	19	1342	0	0.0
191033	2	9	4539	4	0.0008812513769552765
191033	5	20	5730	3	0.0005235602094240838
191033	5	34	258	1	0.003875968992248062
191033	8	49	17	0	0.0
191033	3	40	38	0	0.0
191033	5	21	692	0	0.0
191033	2	28	65	0	0.0
191033	2	29	15891	3031	0.19073689509785413
191033	7	18	15	0	0.0
191033	1	51	15	15	1.0
191033	7	30	522	0	0.0
191033	1	45	4232	237	0.05600189035916824
191033	7	24	645	0	0.0
191033	7	26	13	0	0.0
191033	7	32	25	0	0.0
191033	5	22	1661	0	0.0
191033	1	47	781	51	0.06530089628681178
191033	1	8	197	0	0.0
191033	3	42	91	0	0.0
191033	5	23	175	0	0.0
191033	2	16	74	1	0.013513513513513514
191033	1	46	69	2	0.028985507246376812
191033	5	36	9	0	0.0
191033	3	8	89	0	0.0
191033	1	53	1	1	1.0
191033	7	33	187	0	0.0
191033	3	43	30	0	0.0
191033	7	27	151	0	0.0
191033	7	37	12	0	0.0
191033	3	53	4	0	0.0
191033	4	9	21	0	0.0
191033	4	8	677	0	0.0
191033	5	26	31	0	0.0
191033	2	13	182	0	0.0
191033	2	12	86	0	0.0
191033	5	32	1	0	0.0
191033	1	43	1025	136	0.1326829268292683
191033	1	42	1818	57	0.03135313531353135
191033	7	23	763	0	0.0
191033	5	27	44	0	0.0
191033	5	33	205	0	0.0
191033	3	46	110	0	0.0
191033	3	52	3	0	0.0
191033	7	22	1922	0	0.0
191033	3	44	177	0	0.0
191033	7	34	708	0	0.0
191033	7	36	641	0	0.0
191033	8	6	497	103	0.20724346076458752
191033	1	41	4084	75	0.018364348677766894
191033	7	20	6490	1	0.00015408320493066256
191033	3	50	17	0	0.0
191033	5	8	193	6	0.031088082901554404
191033	7	8	4337	0	0.0
191033	5	25	30	0	0.0
191033	5	19	219	0	0.0
191033	2	10	3725	2	0.0005369127516778523
191033	7	35	22	0	0.0
191033	5	30	3901	2	0.0005126890540886952
191033	5	31	62	0	0.0
191033	6	49	1536	13	0.008463541666666666
191033	1	40	98	0	0.0
191033	2	11	2291	3	0.0013094718463553033
191033	5	18	352	0	0.0
191033	3	45	552	0	0.0
191033	5	24	21	0	0.0
191033	6	48	14056	1060	0.07541263517359136
191033	2	39	2783	0	0.0
191033	2	38	1	0	0.0
191033	6	9	12	1	0.08333333333333333
191033	3	51	4	0	0.0
191033	3	36	137	0	0.0
191033	7	52	431	3	0.0069605568445475635
191033	7	21	1097	0	0.0
191033	3	22	1637	0	0.0
191033	1	27	225	0	0.0
191033	1	33	207	0	0.0
191033	8	16	10	0	0.0
191033	3	23	866	0	0.0
191033	4	16	21	0	0.0
191033	7	51	92	0	0.0
191033	4	14	6	0	0.0
191033	3	37	639	0	0.0
191033	1	26	51	0	0.0
191033	7	53	24	0	0.0
191033	1	9	375	0	0.0
191033	1	30	44	0	0.0
191033	6	39	103	6	0.05825242718446602
191033	4	28	296	0	0.0
191033	3	21	5737	0	0.0
191033	1	24	271	0	0.0
191033	3	9	23	0	0.0
191033	7	45	1	0	0.0
191033	3	35	1392	0	0.0
191033	8	14	5	0	0.0
191033	8	28	468	0	0.0
191033	6	11	73	5	0.0684931506849315
191033	2	48	8	0	0.0
191033	1	25	344	1	0.0029069767441860465
191033	1	31	108	0	0.0
191033	6	10	37	0	0.0
191033	5	40	1528	0	0.0
191033	5	54	946	40	0.042283298097251586
191033	8	29	838	0	0.0
191033	7	44	2	0	0.0
191033	4	29	828	0	0.0
191033	6	38	1157	19	0.016421780466724288
191033	1	19	5406	5	0.000924898261191269
191033	8	15	7	0	0.0
191033	7	50	31	0	0.0
191033	3	34	779	0	0.0
191033	3	20	2929	0	0.0
191033	7	40	39	0	0.0
191033	3	30	18	0	0.0
191033	3	24	132	0	0.0
191033	6	14	2533	7	0.0027635215159889457
191033	4	39	990	0	0.0
191033	4	11	29	0	0.0
191033	8	39	186	0	0.0
191033	5	51	411	88	0.2141119221411192
191033	1	35	81	0	0.0
191033	8	11	15	0	0.0
191033	1	20	3369	0	0.0
191033	6	28	28	3	0.10714285714285714
191033	5	44	1	1	1.0
191033	7	9	8	0	0.0
191033	6	15	804	3	0.0037313432835820895
191033	6	29	1403	136	0.09693513898788311
191033	1	21	3772	0	0.0
191033	8	38	24	0	0.0
191033	8	10	70	0	0.0
191033	1	34	1664	0	0.0
191033	5	50	689	90	0.13062409288824384
191033	3	25	436	0	0.0
191033	3	31	289	0	0.0
191033	4	38	3	0	0.0
191033	4	10	394	0	0.0
191033	3	27	338	0	0.0
191033	3	33	697	0	0.0
191033	7	43	8	0	0.0
191033	4	12	2	0	0.0
191033	6	17	10	0	0.0
191033	1	22	3063	0	0.0
191033	1	36	228	0	0.0
191033	1	23	64	0	0.0
191033	3	19	10143	0	0.0
191033	1	37	4951	3	0.000605938194304181
191033	3	32	23	0	0.0
191033	5	53	53	9	0.16981132075471697
191033	6	16	2275	13	0.005714285714285714
191033	5	52	4989	453	0.09079975947083584
191033	4	13	13	0	0.0
191033	1	12	8	1	0.125
191033	3	26	22	0	0.0
191033	4	36	107	0	0.0
191033	8	36	30	0	0.0
191033	8	22	1538	0	0.0
191033	4	22	3682	0	0.0
191033	6	33	336	31	0.09226190476190477
191033	6	26	8	0	0.0
191033	6	7	351	8	0.022792022792022793
191033	2	43	473	4	0.008456659619450317
191033	6	27	133	5	0.03759398496240601
191033	8	23	1801	0	0.0
191033	8	37	18	0	0.0
191033	2	42	817	16	0.019583843329253364
191033	1	13	147	0	0.0
191033	6	32	3	0	0.0
191033	4	23	3027	0	0.0
191033	4	5	132	1	0.007575757575757576
191033	4	37	424	0	0.0
191033	3	16	4	0	0.0
191033	2	3	387	0	0.0
191033	2	1	3559	823	0.23124473166619838
191033	6	24	64	8	0.125
191033	4	35	44	0	0.0
191033	8	35	102	0	0.0
191033	3	28	41	0	0.0
191033	4	21	6859	0	0.0
191033	8	21	4300	0	0.0
191033	6	18	822	7	0.00851581508515815
191033	1	11	993	0	0.0
191033	6	5	3876	849	0.21904024767801858
191033	1	39	2569	0	0.0
191033	2	40	59	0	0.0
191033	5	49	1513	162	0.10707204230006609
191033	4	7	418	0	0.0
191033	2	54	2	0	0.0
191033	5	7	1354	5	0.003692762186115214
191033	6	19	136	4	0.029411764705882353
191033	1	38	4	3	0.75
191033	1	10	1568	32	0.02040816326530612
191033	8	34	269	0	0.0
191033	3	29	384	0	0.0
191033	4	34	1018	0	0.0
191033	6	30	23422	3712	0.1584834770728375
191033	5	48	4759	265	0.0556839672200042
191033	8	20	709	0	0.0
191033	6	25	46	3	0.06521739130434782
191033	3	15	4	0	0.0
191033	1	3	1997	3	0.0015022533800701052
191033	7	49	119	0	0.0
191033	4	20	2232	0	0.0
191033	2	41	10376	338	0.032575173477255207
191033	7	1	180	0	0.0
191033	4	24	812	0	0.0
191033	3	39	272	0	0.0
191033	5	3	44	0	0.0
191033	4	18	1	0	0.0
191033	4	30	586	0	0.0
191033	6	35	60	6	0.1
191033	2	51	3	0	0.0
191033	3	11	56	0	0.0
191033	6	21	2256	255	0.11303191489361702
191033	1	28	119	0	0.0
191033	2	50	6	0	0.0
191033	8	18	11	0	0.0
191033	6	34	123	6	0.04878048780487805
191033	8	24	2939	0	0.0
191033	1	15	7	7	1.0
191033	8	19	526	0	0.0
191033	8	30	1867	0	0.0
191033	2	45	1931	0	0.0
191033	8	25	70	0	0.0
191033	2	5	29	4	0.13793103448275862
191033	2	44	555	9	0.016216216216216217
191033	6	20	2147	1	0.0004657661853749418
191033	1	29	1186	1	0.0008431703204047217
191033	7	48	145	0	0.0
191033	3	10	488	0	0.0
191033	4	3	3286	0	0.0
191033	3	38	4	0	0.0
191033	4	31	20	0	0.0
191033	4	19	4689	0	0.0
191033	3	12	1	0	0.0
191033	8	27	286	0	0.0
191033	4	27	1139	0	0.0
191033	2	46	143	5	0.03496503496503497
191033	8	33	490	0	0.0
191033	4	33	386	0	0.0
191033	4	1	462	9	0.01948051948051948
191033	4	25	201	0	0.0
191033	6	36	23	3	0.13043478260869565
191033	6	1	106	30	0.2830188679245283
191033	6	3	74	1	0.013513513513513514
191033	6	22	5397	989	0.18324995367796923
191033	2	7	78	1	0.01282051282051282
191033	3	7	315	0	0.0
191033	6	23	292	21	0.07191780821917808
191033	2	53	4	0	0.0
191033	4	26	41	0	0.0
191033	8	41	1	0	0.0
191033	8	26	2	0	0.0
191033	6	37	5	0	0.0
191033	8	32	1	0	0.0
191033	1	5	105	2	0.01904761904761905
191033	2	47	9132	14	0.0015330705212439773
191033	7	10	110	0	0.0
191033	3	13	9	0	0.0
191033	1	16	1	0	0.0
191033	4	6	236	21	0.08898305084745763
191033	4	41	323	0	0.0
191033	7	38	91	0	0.0
191033	6	50	334	6	0.017964071856287425
191033	5	28	15	0	0.0
191033	2	35	47	0	0.0
191033	6	44	26	2	0.07692307692307693
191033	5	15	1062	43	0.04048964218455744
191033	6	45	1	0	0.0
191033	2	34	1165	1	0.0008583690987124463
191033	8	54	4	0	0.0
191033	8	40	223	0	0.0
191033	5	14	326	1	0.003067484662576687
191033	4	40	222	0	0.0
191033	5	29	26	0	0.0
191033	6	51	478	11	0.02301255230125523
191033	2	20	140	0	0.0
191033	7	39	121	0	0.0
191033	7	11	12	0	0.0
191033	4	42	91	0	0.0
191033	2	23	368	9	0.024456521739130436
191033	2	36	245	5	0.02040816326530612
191033	2	21	8427	261	0.03097187611249555
191033	5	16	1387	2	0.0014419610670511895
191033	2	37	1221	0	0.0
191033	6	53	58	2	0.034482758620689655
191033	6	46	4	0	0.0
191033	6	52	3994	8	0.00200300450676014
191033	4	43	12	0	0.0
191033	4	47	24	0	0.0
191033	2	6	168	18	0.10714285714285714
191033	8	9	4	0	0.0
191033	5	17	7	0	0.0
191033	2	22	1669	19	0.011384062312762133
191033	7	16	40	0	0.0
191033	2	33	140	0	0.0
191033	4	46	24	0	0.0
191033	7	29	81	0	0.0
191033	7	17	1	0	0.0
191033	6	43	21	0	0.0
191033	2	27	437	13	0.029748283752860413
191033	8	52	1	0	0.0
191033	6	41	28	0	0.0
191033	4	44	44	0	0.0
191033	2	25	116	0	0.0
191033	7	15	101	0	0.0
191033	2	31	8	0	0.0
191033	5	10	1	0	0.0
191033	2	18	4	0	0.0
191033	2	30	846	38	0.04491725768321513
191033	5	38	2205	20	0.009070294784580499
191033	2	24	309	1	0.003236245954692557
191033	2	19	1170	0	0.0
191033	6	40	649	0	0.0
191033	4	2	642	5	0.00778816199376947
191033	5	39	43	0	0.0
191033	8	50	3	0	0.0
191033	4	45	21	0	0.0
191033	8	51	1	0	0.0
191033	6	54	5368	78	0.014530551415797318
191336	2	8	5	0	0.0
191033	7	14	26	0	0.0
191033	7	28	15	0	0.0
191336	7	25	6	0	0.0
191336	1	50	2	0	0.0
191336	5	34	138	1	0.007246376811594203
191336	7	19	1267	0	0.0
191336	3	41	23	0	0.0
191336	1	44	493	43	0.0872210953346856
191336	7	31	2	0	0.0
191336	8	48	651	0	0.0
191336	5	20	7108	37	0.005205402363534046
191336	2	28	6	0	0.0
191336	2	29	9132	1520	0.16644765659220323
191336	2	9	5103	44	0.008622378992749364
191336	5	21	389	0	0.0
191336	5	35	26	0	0.0
191336	2	14	2	0	0.0
191336	8	49	11	0	0.0
191336	3	40	15	0	0.0
191336	7	24	2300	0	0.0
191336	7	32	106	0	0.0
191336	7	18	2	0	0.0
191336	1	45	3109	66	0.02122869089739466
191336	3	8	66	0	0.0
191336	1	8	7	0	0.0
191336	7	30	361	0	0.0
191336	2	16	19	2	0.10526315789473684
191336	7	33	92	0	0.0
191336	5	37	2	0	0.0
191336	3	42	3	0	0.0
191336	1	47	312	0	0.0
191336	4	8	124	0	0.0
191336	1	46	244	3	0.012295081967213115
191336	4	9	14	0	0.0
191336	7	37	3	0	0.0
191336	7	27	2	0	0.0
191336	5	23	102	0	0.0
191336	5	36	13	0	0.0
191336	7	26	20	0	0.0
191336	5	22	5299	6	0.0011322891111530478
191336	3	43	18	0	0.0
191336	7	23	59	0	0.0
191336	5	26	451	0	0.0
191336	8	6	835	135	0.16167664670658682
191336	7	22	920	0	0.0
191336	5	32	1	0	0.0
191336	1	43	1313	29	0.022086824067022087
191336	7	20	2781	0	0.0
191336	5	33	84	0	0.0
191336	3	46	27	0	0.0
191336	1	42	898	7	0.0077951002227171495
191336	7	8	4257	0	0.0
191336	2	12	223	2	0.008968609865470852
191336	7	36	625	0	0.0
191336	5	27	6	0	0.0
191336	5	8	365	0	0.0
191336	7	34	418	0	0.0
191336	2	13	1018	42	0.0412573673870334
191336	3	44	7	0	0.0
191336	1	41	2746	7	0.0025491624180626364
191336	2	11	6512	241	0.037008599508599506
191336	3	50	2	0	0.0
191336	6	49	1457	30	0.02059025394646534
191336	5	25	1	0	0.0
191336	5	30	2088	1	0.0004789272030651341
191336	3	51	1	0	0.0
191336	5	31	2	0	0.0
191336	1	40	1	0	0.0
191336	5	19	307	0	0.0
191336	2	39	3610	1	0.0002770083102493075
191336	2	10	5115	8	0.0015640273704789834
191336	5	18	260	1	0.0038461538461538464
191336	5	24	99	0	0.0
191336	3	45	45	0	0.0
191336	1	33	131	1	0.007633587786259542
191336	7	52	92	0	0.0
191336	7	35	66	0	0.0
191336	3	37	40	0	0.0
191336	4	16	10	0	0.0
191336	1	32	5	0	0.0
191336	1	27	429	0	0.0
191336	3	22	435	0	0.0
191336	7	21	567	0	0.0
191336	3	23	2141	0	0.0
191336	6	9	2	0	0.0
191336	8	16	71	0	0.0
191336	3	36	11	0	0.0
191336	1	9	297	0	0.0
191336	7	51	5	0	0.0
191336	3	21	1114	0	0.0
191336	3	35	898	0	0.0
191336	6	48	21026	1828	0.08693997907352802
191336	1	30	1	0	0.0
191336	3	9	16	0	0.0
191336	8	14	15	0	0.0
191336	6	39	6	0	0.0
191336	8	28	4517	0	0.0
191336	6	11	8	0	0.0
191336	4	28	66	0	0.0
191336	1	24	24	0	0.0
191336	5	40	3205	0	0.0
191336	5	54	184	1	0.005434782608695652
191336	1	19	3155	13	0.004120443740095087
191336	1	31	2	0	0.0
191336	4	29	1349	0	0.0
191336	3	34	156	0	0.0
191336	3	20	449	0	0.0
191336	4	11	39	0	0.0
191336	6	38	555	7	0.012612612612612612
191336	7	50	8	0	0.0
191336	1	25	1726	2	0.0011587485515643105
191336	7	44	1	0	0.0
191336	8	29	387	0	0.0
191336	4	15	3	0	0.0
191336	8	15	236	0	0.0
191336	4	39	1271	0	0.0
191336	6	14	6561	18	0.0027434842249657062
191336	3	24	242	0	0.0
191336	7	40	143	0	0.0
191336	3	30	13	0	0.0
191336	8	39	2	0	0.0
191336	4	10	103	0	0.0
191336	5	51	228	24	0.10526315789473684
191336	1	35	7	0	0.0
191336	6	28	285	29	0.10175438596491228
191336	3	31	111	0	0.0
191336	8	38	26	5	0.19230769230769232
191336	3	25	1493	0	0.0
191336	1	34	30	0	0.0
191336	3	19	3178	0	0.0
191336	6	29	528	50	0.0946969696969697
191336	1	20	37	0	0.0
191336	8	10	1	0	0.0
191336	5	50	599	14	0.02337228714524207
191336	1	21	5787	13	0.0022464143770520133
191336	6	15	2305	27	0.011713665943600867
191336	7	43	7	0	0.0
191336	3	27	1082	0	0.0
191336	4	12	2	0	0.0
191336	1	22	69	0	0.0
191336	1	36	8	0	0.0
191336	3	33	531	0	0.0
191336	6	17	6	0	0.0
191336	5	53	74	8	0.10810810810810811
191336	1	37	4263	2	0.0004691531785127844
191336	3	32	46	0	0.0
191336	4	36	13	0	0.0
191336	4	22	1392	0	0.0
191336	6	16	7267	139	0.019127562955827713
191336	5	52	4655	111	0.023845327604726102
191336	1	23	202	0	0.0
191336	4	13	4	0	0.0
191336	3	26	9	0	0.0
191336	1	12	29	0	0.0
191336	8	36	13	0	0.0
191336	6	33	109	3	0.027522935779816515
191336	8	22	1787	2	0.001119194180190263
191336	6	7	142	8	0.056338028169014086
191336	6	27	31	2	0.06451612903225806
191336	1	13	115	0	0.0
191336	6	26	191	0	0.0
191336	6	32	1	0	0.0
191336	4	21	5250	0	0.0
191336	2	42	758	28	0.036939313984168866
191336	3	28	44	0	0.0
191336	2	1	5059	154	0.030440798576793833
191336	8	23	955	0	0.0
191336	4	37	48	0	0.0
191336	4	5	14	0	0.0
191336	2	43	1762	1	0.0005675368898978433
191336	4	23	4012	0	0.0
191336	3	14	3	0	0.0
191336	2	3	48	2	0.041666666666666664
191336	2	54	11	0	0.0
191336	4	7	70	0	0.0
191336	5	7	1077	0	0.0
191336	8	21	2901	0	0.0
191336	1	11	798	0	0.0
191336	4	35	12	0	0.0
191336	8	35	23	0	0.0
191336	6	24	230	35	0.15217391304347827
191336	6	31	1	0	0.0
191336	6	5	4051	371	0.091582325351765
191336	5	49	1030	12	0.011650485436893204
191336	1	39	5842	4	0.0006846970215679561
191336	5	48	2705	18	0.006654343807763401
191336	6	18	1614	46	0.028500619578686492
191336	2	41	13405	1056	0.07877657590451324
191336	6	25	10	0	0.0
191336	8	34	157	0	0.0
191336	1	10	1596	12	0.007518796992481203
191336	6	19	668	5	0.0074850299401197605
191336	4	20	512	0	0.0
191336	4	34	323	0	0.0
191336	3	29	52	0	0.0
191336	1	3	832	0	0.0
191336	3	15	2	0	0.0
191336	7	1	7	0	0.0
191336	7	49	19	0	0.0
191336	8	20	3700	0	0.0
191336	4	30	102	0	0.0
191336	4	24	1040	0	0.0
191336	3	39	54	0	0.0
191336	5	3	10	0	0.0
191336	1	28	4	0	0.0
191336	8	18	8	0	0.0
191336	3	11	50	0	0.0
191336	6	35	23	2	0.08695652173913043
191336	6	30	29289	6292	0.21482467820683532
191336	8	30	4841	0	0.0
191336	2	5	1	0	0.0
191336	8	31	2	0	0.0
191336	6	21	1675	100	0.05970149253731343
191336	2	44	778	43	0.055269922879177376
191336	6	34	91	7	0.07692307692307693
191336	2	50	2	0	0.0
191336	8	25	16	0	0.0
191336	8	19	1007	0	0.0
191336	8	24	3591	0	0.0
191336	3	10	19	0	0.0
191336	2	45	4697	4	0.0008516074089844582
191336	1	29	618	0	0.0
191336	6	20	4407	46	0.010437939641479465
191336	3	38	1	0	0.0
191336	6	3	16	0	0.0
191336	4	3	2302	0	0.0
191336	4	25	570	0	0.0
191336	4	19	2213	0	0.0
191336	4	31	126	0	0.0
191336	4	1	369	0	0.0
191336	7	48	53	0	0.0
191336	3	12	6	0	0.0
191336	6	1	4	0	0.0
191336	4	27	4123	0	0.0
191336	8	33	406	0	0.0
191336	8	27	49	0	0.0
191336	6	36	6	0	0.0
191336	4	33	312	0	0.0
191336	6	22	10716	1600	0.14930944382232175
191336	1	5	1	0	0.0
191336	3	7	33	0	0.0
191336	6	23	254	23	0.09055118110236221
191336	4	6	36	5	0.1388888888888889
191336	2	46	248	8	0.03225806451612903
191336	2	7	2	1	0.5
191336	5	15	2228	15	0.006732495511669659
191336	8	26	60	0	0.0
191336	4	26	3	0	0.0
191336	7	38	369	0	0.0
191336	2	53	2	0	0.0
191336	8	41	2	0	0.0
191336	4	41	246	0	0.0
191336	2	20	1	0	0.0
191336	6	50	1784	15	0.008408071748878924
191336	2	34	23	0	0.0
191336	2	47	13345	42	0.003147246159610341
191336	5	14	658	0	0.0
191336	2	35	3	0	0.0
191336	5	28	150	2	0.013333333333333334
191336	8	40	882	0	0.0
191336	6	51	502	14	0.027888446215139442
191336	4	40	34	0	0.0
191336	4	42	2	0	0.0
191336	5	16	1045	0	0.0
191336	2	21	10956	303	0.027656078860898138
191336	2	23	772	37	0.04792746113989637
191336	2	37	1523	1	0.0006565988181221273
191336	2	22	221	0	0.0
191336	2	36	7	0	0.0
191336	5	17	1	0	0.0
191336	7	16	20	0	0.0
191336	2	6	29	5	0.1724137931034483
191336	6	52	4466	11	0.0024630541871921183
191336	8	53	1	0	0.0
191336	6	53	148	4	0.02702702702702703
191336	2	27	706	12	0.0169971671388102
191336	4	43	4	0	0.0
191336	4	46	4	0	0.0
191336	7	15	40	0	0.0
191336	2	33	82	4	0.04878048780487805
191336	5	38	2538	0	0.0
191336	4	44	8	0	0.0
191336	2	31	1	0	0.0
191336	2	24	70	3	0.04285714285714286
191336	6	41	3	0	0.0
191336	7	29	1	0	0.0
191336	2	25	879	0	0.0
191336	2	19	1374	2	0.001455604075691412
191336	2	30	56	0	0.0
191336	7	14	15	0	0.0
191336	8	51	5	0	0.0
191336	4	45	8	0	0.0
191841	1	44	205	9	0.04390243902439024
191336	7	28	614	0	0.0
191336	4	2	814	25	0.030712530712530713
191841	2	8	49	1	0.02040816326530612
191336	6	40	802	5	0.006234413965087282
191841	7	19	3089	0	0.0
191841	2	9	1605	1	0.0006230529595015577
191841	7	31	119	0	0.0
191841	8	48	445	0	0.0
191841	1	50	2	1	0.5
191841	7	25	20	0	0.0
191841	4	48	1	0	0.0
191841	3	41	75	0	0.0
191841	5	20	7977	79	0.009903472483389745
191336	6	54	12208	112	0.009174311926605505
191841	8	49	32	0	0.0
191841	2	28	6	0	0.0
191841	5	34	12	0	0.0
191841	5	35	36	0	0.0
191841	5	21	217	0	0.0
191841	3	8	16	0	0.0
191841	2	29	14233	933	0.06555188646104124
191841	7	30	591	0	0.0
191841	7	18	5	0	0.0
191841	2	15	28	25	0.8928571428571429
191841	7	24	140	0	0.0
191841	2	14	38	0	0.0
191841	1	51	79	79	1.0
191841	1	45	3425	141	0.04116788321167883
191841	1	8	10	0	0.0
191841	3	40	6	0	0.0
191841	1	47	1504	83	0.05518617021276596
191841	5	37	18	16	0.8888888888888888
191841	7	32	202	0	0.0
191841	7	26	6	0	0.0
191841	2	16	82	5	0.06097560975609756
191841	2	17	2	2	1.0
191841	3	42	12	0	0.0
191841	5	22	1295	6	0.004633204633204633
191841	5	23	76	0	0.0
191841	5	36	3	0	0.0
191841	1	46	45	0	0.0
191841	7	37	17	4	0.23529411764705882
191841	1	42	519	15	0.028901734104046242
191841	2	13	197	1	0.005076142131979695
191841	5	26	72	0	0.0
191841	4	9	18	0	0.0
191841	7	23	57	0	0.0
191841	4	8	53	0	0.0
191841	5	27	1	0	0.0
191841	7	33	228	0	0.0
191841	5	32	8	0	0.0
191841	5	33	52	0	0.0
191841	3	43	36	0	0.0
191841	7	27	1	0	0.0
191841	2	12	119	0	0.0
191841	1	43	1017	61	0.0599803343166175
191841	3	46	40	0	0.0
191841	7	36	1060	0	0.0
191841	7	34	146	0	0.0
191841	3	44	7	0	0.0
191841	7	22	204	2	0.00980392156862745
191841	5	8	181	11	0.06077348066298342
191841	8	6	1137	103	0.09058927000879508
191841	3	50	7	0	0.0
191841	5	31	8	0	0.0
191841	1	41	2589	30	0.011587485515643106
191841	2	39	3311	0	0.0
191841	7	8	2831	2	0.0007064641469445425
191841	2	10	2719	3	0.0011033468186833395
191841	2	38	6	6	1.0
191841	2	11	1540	4	0.0025974025974025974
191841	7	20	4328	1	0.0002310536044362292
191841	5	19	64	0	0.0
191841	5	30	1431	0	0.0
191841	5	24	83	0	0.0
191841	5	18	320	3	0.009375
191841	6	48	8372	427	0.05100334448160535
191841	3	51	3	0	0.0
191841	3	36	72	0	0.0
191841	7	21	509	0	0.0
191841	3	22	517	0	0.0
191841	6	9	17	0	0.0
191841	7	35	60	0	0.0
191841	6	49	1517	20	0.013183915622940013
191841	3	45	20	0	0.0
191841	1	32	2	0	0.0
191841	1	33	258	13	0.050387596899224806
191841	8	16	18	0	0.0
191841	1	27	37	0	0.0
191841	3	37	222	1	0.0045045045045045045
191841	7	51	37	1	0.02702702702702703
191841	3	23	57	0	0.0
191841	4	16	15	0	0.0
191841	1	9	257	0	0.0
191841	7	52	251	4	0.01593625498007968
191841	8	17	2	0	0.0
191841	7	53	2	0	0.0
191841	3	21	683	0	0.0
191841	4	14	7	0	0.0
191841	3	35	489	0	0.0
191841	3	9	17	0	0.0
191841	6	39	13	0	0.0
191841	4	28	14	0	0.0
191841	1	30	2	0	0.0
191841	8	28	171	0	0.0
191841	8	14	9	0	0.0
191841	1	25	470	7	0.014893617021276596
191841	6	10	24	20	0.8333333333333334
191841	5	54	1672	117	0.06997607655502393
191841	8	15	70	0	0.0
191841	1	24	19	0	0.0
191841	6	11	58	4	0.06896551724137931
191841	1	31	65	0	0.0
191841	8	29	741	0	0.0
191841	2	48	9	0	0.0
191841	1	19	6497	334	0.05140834231183623
191841	3	20	2952	0	0.0
191841	6	38	882	7	0.007936507936507936
191841	5	40	1007	0	0.0
191841	4	15	4	0	0.0
191841	4	29	4781	0	0.0
191841	7	44	7	0	0.0
191841	4	11	47	0	0.0
191841	6	14	2374	3	0.0012636899747262005
191841	3	24	16	0	0.0
191841	7	40	39	0	0.0
191841	3	34	337	0	0.0
191841	6	28	77	6	0.07792207792207792
191841	8	11	14	0	0.0
191841	3	30	2	0	0.0
191841	1	21	1444	36	0.024930747922437674
191841	4	39	402	0	0.0
191841	7	50	39	1	0.02564102564102564
191841	8	39	11	0	0.0
191841	1	35	49	0	0.0
191841	5	51	451	45	0.09977827050997783
191841	5	45	4	4	1.0
191841	7	9	1	0	0.0
191841	4	10	78	0	0.0
191841	3	31	164	0	0.0
191841	6	29	2099	149	0.07098618389709385
191841	4	12	5	0	0.0
191841	1	20	512	7	0.013671875
191841	6	15	2485	3	0.0012072434607645875
191841	8	38	39	0	0.0
191841	3	25	323	0	0.0
191841	5	50	1417	242	0.1707833450952717
191841	7	43	62	1	0.016129032258064516
191841	5	44	112	107	0.9553571428571429
191841	1	22	178	1	0.0056179775280898875
191841	3	19	10498	0	0.0
191841	3	33	287	0	0.0
191841	1	34	162	0	0.0
191841	3	27	59	0	0.0
191841	6	17	134	1	0.007462686567164179
191841	8	10	2	0	0.0
191841	1	36	49	0	0.0
191841	1	23	11	0	0.0
191841	5	52	2589	215	0.08304364619544226
191841	5	53	4	0	0.0
191841	5	46	1	1	1.0
191841	3	32	48	0	0.0
191841	3	26	3	0	0.0
191841	1	12	31	0	0.0
191841	4	22	1902	0	0.0
191841	8	22	1695	1	0.0005899705014749262
191841	1	37	9262	13	0.0014035845389764629
191841	4	13	11	0	0.0
191841	6	16	2012	24	0.011928429423459244
191841	4	36	233	0	0.0
191841	6	33	250	23	0.092
191841	8	36	7	0	0.0
191841	6	26	9	0	0.0
191841	6	27	13	2	0.15384615384615385
191841	2	42	578	6	0.010380622837370242
191841	6	7	351	12	0.03418803418803419
191841	8	37	4	0	0.0
191841	2	3	411	8	0.019464720194647202
191841	4	37	110	0	0.0
191841	2	43	622	5	0.008038585209003215
191841	8	23	505	0	0.0
191841	4	21	1643	0	0.0
191841	4	35	57	0	0.0
191841	1	13	228	0	0.0
191841	4	5	5	0	0.0
191841	3	28	3	0	0.0
191841	2	1	1863	210	0.11272141706924316
191841	6	18	1002	29	0.028942115768463075
191841	1	11	900	1	0.0011111111111111111
191841	8	21	1957	0	0.0
191841	4	23	2498	0	0.0
191841	8	35	78	0	0.0
191841	6	5	2113	450	0.2129673450070989
191841	6	24	1036	47	0.045366795366795366
191841	5	7	1714	19	0.011085180863477246
191841	1	39	2589	3	0.0011587485515643105
191841	2	41	6128	108	0.01762402088772846
191841	4	7	30	0	0.0
191841	2	40	9	1	0.1111111111111111
191841	6	25	9	0	0.0
191841	5	48	3007	117	0.03890921183904224
191841	5	49	1915	145	0.07571801566579635
191841	1	38	7	7	1.0
191841	6	31	1	0	0.0
191841	1	10	647	4	0.0061823802163833074
191841	8	20	1045	1	0.0009569377990430622
191841	6	19	90	3	0.03333333333333333
191841	6	30	17610	2835	0.16098807495741055
191841	8	34	42	0	0.0
191841	3	29	408	0	0.0
191841	3	11	45	0	0.0
191841	4	34	543	0	0.0
191841	4	24	376	0	0.0
191841	7	49	24	2	0.08333333333333333
191841	3	39	426	0	0.0
191841	7	1	37	13	0.35135135135135137
191841	5	3	10	0	0.0
191841	1	3	2536	76	0.02996845425867508
191841	4	20	1047	0	0.0
191841	6	21	3517	147	0.04179698606767131
191841	6	35	218	30	0.13761467889908258
191841	4	30	246	0	0.0
191841	8	18	4	0	0.0
191841	8	30	1603	0	0.0
191841	2	51	115	113	0.9826086956521739
191841	2	44	168	0	0.0
191841	2	50	5	0	0.0
191841	8	24	2288	0	0.0
191841	2	45	2748	28	0.010189228529839884
191841	8	25	8	0	0.0
191841	8	19	215	0	0.0
191841	2	5	121	109	0.9008264462809917
191841	6	34	36	1	0.027777777777777776
191841	4	3	2301	0	0.0
191841	4	31	1	0	0.0
191841	1	29	1147	0	0.0
191841	1	15	5	5	1.0
191841	3	10	55	0	0.0
191841	4	19	1811	0	0.0
191841	6	20	2474	21	0.008488278092158448
191841	6	1	69	64	0.927536231884058
191841	4	25	136	0	0.0
191841	3	38	25	0	0.0
191841	7	48	151	1	0.006622516556291391
191841	4	33	117	0	0.0
191841	4	1	202	7	0.034653465346534656
191841	4	27	323	0	0.0
191841	8	33	182	0	0.0
191841	8	27	16	0	0.0
191841	6	36	24	4	0.16666666666666666
191841	2	7	41	25	0.6097560975609756
191841	2	53	3	0	0.0
191841	2	46	98	0	0.0
191841	6	3	5	0	0.0
191841	6	22	9358	942	0.10066253472964308
191841	3	7	251	0	0.0
191841	1	5	55	47	0.8545454545454545
191841	8	26	10	0	0.0
191841	1	16	1	1	1.0
191841	8	32	1	0	0.0
191841	6	37	11	11	1.0
191841	3	13	4	0	0.0
191841	2	47	8595	77	0.0089586969168121
191841	4	6	81	7	0.08641975308641975
191841	6	23	364	36	0.0989010989010989
191841	4	32	1	0	0.0
191841	7	10	7	1	0.14285714285714285
191841	5	15	503	15	0.02982107355864811
191841	6	50	883	14	0.015855039637599093
191841	8	41	15	0	0.0
191841	6	44	16	15	0.9375
191841	4	26	4	0	0.0
191841	7	38	143	0	0.0
191841	2	34	434	4	0.009216589861751152
191841	4	41	471	0	0.0
191841	5	29	30	0	0.0
191841	2	20	66	1	0.015151515151515152
191841	2	21	9796	248	0.02531645569620253
191841	5	28	70	0	0.0
191841	6	51	383	5	0.013054830287206266
191841	8	54	17	0	0.0
191841	7	39	13	0	0.0
191841	2	35	62	5	0.08064516129032258
191841	7	11	1	0	0.0
191841	8	40	149	0	0.0
191841	5	16	782	0	0.0
191841	6	53	42	0	0.0
191841	4	42	13	0	0.0
191841	4	40	2	0	0.0
191841	5	14	372	4	0.010752688172043012
191841	2	36	168	1	0.005952380952380952
191841	5	17	44	1	0.022727272727272728
191841	2	23	395	13	0.03291139240506329
191841	2	37	1987	0	0.0
191841	6	46	129	6	0.046511627906976744
191841	2	22	1878	16	0.008519701810436636
191841	4	43	36	0	0.0
191841	4	47	60	0	0.0
191841	8	47	1	0	0.0
191841	8	53	1	0	0.0
191841	8	9	3	0	0.0
191841	6	52	1870	19	0.010160427807486631
191841	2	6	347	174	0.5014409221902018
191841	7	16	17	0	0.0
191841	2	33	262	3	0.011450381679389313
191841	4	46	13	0	0.0
191841	7	29	242	0	0.0
191841	4	50	1	0	0.0
191841	7	15	68	0	0.0
191841	2	27	424	3	0.007075471698113208
191841	6	43	61	1	0.01639344262295082
191841	8	52	9	0	0.0
191841	4	44	6	0	0.0
191841	8	43	1	0	0.0
191841	7	17	10	0	0.0
191841	6	41	128	0	0.0
191841	8	50	6	0	0.0
191841	2	31	6	0	0.0
191841	5	38	1521	10	0.006574621959237344
191841	5	10	10	8	0.8
191841	8	51	7	0	0.0
191841	2	30	500	11	0.022
191841	2	25	245	0	0.0
191841	2	19	3548	37	0.010428410372040587
191841	2	18	1	1	1.0
191841	5	39	2	0	0.0
191841	6	40	1440	4	0.002777777777777778
191841	7	14	12	0	0.0
191841	4	2	955	42	0.04397905759162304
191841	4	45	13	0	0.0
192439	7	25	17	0	0.0
192439	2	8	51	1	0.0196078431372549
192439	7	31	754	0	0.0
192439	8	48	686	0	0.0
192439	3	41	112	0	0.0
192439	2	9	3755	0	0.0
191841	7	28	22	0	0.0
192439	4	48	1	0	0.0
192439	7	19	1011	0	0.0
192439	1	44	134	30	0.22388059701492538
191841	6	54	9233	120	0.012996859092386006
191841	2	24	322	6	0.018633540372670808
192439	5	20	2758	98	0.03553299492385787
192439	5	34	196	15	0.07653061224489796
192439	5	21	845	13	0.015384615384615385
192439	2	28	37	2	0.05405405405405406
192439	7	32	4	0	0.0
192439	2	14	4	0	0.0
192439	8	49	48	0	0.0
192439	1	8	25	2	0.08
192439	5	35	81	1	0.012345679012345678
192439	1	45	3914	203	0.051865099642309655
192439	3	8	48	0	0.0
192439	7	30	347	0	0.0
192439	7	26	578	0	0.0
192439	3	40	20	0	0.0
192439	2	29	15024	1263	0.08406549520766773
192439	7	24	2436	0	0.0
192439	7	18	6	0	0.0
192439	7	23	94	0	0.0
192439	3	43	4	0	0.0
192439	7	37	110	0	0.0
192439	4	9	24	0	0.0
192439	1	46	26	2	0.07692307692307693
192439	4	8	100	0	0.0
192439	3	53	1	0	0.0
192439	5	23	117	1	0.008547008547008548
192439	2	16	14	0	0.0
192439	3	42	12	0	0.0
192439	5	36	28	1	0.03571428571428571
192439	1	47	528	85	0.16098484848484848
192439	5	22	4286	83	0.01936537564162389
192439	7	33	480	0	0.0
192439	7	27	25	0	0.0
192439	1	42	204	5	0.024509803921568627
192439	1	43	622	100	0.1607717041800643
192439	7	36	896	0	0.0
192439	5	33	483	7	0.014492753623188406
192439	2	12	67	0	0.0
192439	8	6	932	172	0.18454935622317598
192439	7	8	3344	1	0.0002990430622009569
192439	3	46	14	0	0.0
192439	3	52	4	0	0.0
192439	5	8	306	15	0.049019607843137254
192439	7	20	3531	0	0.0
192439	7	22	628	0	0.0
192439	3	44	21	0	0.0
192439	2	13	193	1	0.0051813471502590676
192439	7	34	509	0	0.0
192439	5	27	5	0	0.0
192439	5	26	2419	148	0.06118230673832162
192439	3	50	4	0	0.0
192439	2	10	4575	5	0.001092896174863388
192439	5	19	124	1	0.008064516129032258
192439	5	24	450	12	0.02666666666666667
192439	5	25	4	0	0.0
192439	3	45	178	0	0.0
192439	2	11	2060	1	0.0004854368932038835
192439	5	18	325	0	0.0
192439	6	49	409	19	0.04645476772616137
192439	1	40	24	1	0.041666666666666664
192439	5	30	4596	1	0.0002175805047867711
192439	2	38	2	0	0.0
192439	7	35	268	0	0.0
192439	7	21	562	0	0.0
192439	6	48	14150	604	0.042685512367491164
192439	2	39	4173	5	0.0011981787682722263
192439	1	41	3725	175	0.04697986577181208
192439	3	51	5	0	0.0
192439	6	9	5	0	0.0
192439	7	52	186	23	0.12365591397849462
192439	3	22	697	0	0.0
192439	7	51	35	1	0.02857142857142857
192439	4	16	9	0	0.0
192439	1	27	623	67	0.10754414125200643
192439	1	26	1	0	0.0
192439	7	45	1	0	0.0
192439	3	35	490	0	0.0
192439	1	32	1	0	0.0
192439	3	36	32	0	0.0
192439	1	33	742	135	0.18194070080862534
192439	1	9	445	2	0.0044943820224719105
192439	7	53	2	0	0.0
192439	3	37	922	0	0.0
192439	8	16	78	0	0.0
192439	3	23	3086	0	0.0
192439	3	9	12	0	0.0
192439	5	54	739	72	0.09742895805142084
192439	1	30	6	0	0.0
192439	3	21	2278	0	0.0
192439	6	10	7	0	0.0
192439	1	24	117	3	0.02564102564102564
192439	1	19	5324	569	0.10687453042824943
192439	4	14	5	0	0.0
192439	6	11	11	0	0.0
192439	1	25	2816	243	0.08629261363636363
192439	8	28	1595	0	0.0
192439	8	14	35	0	0.0
192439	6	39	49	7	0.14285714285714285
192439	4	28	156	0	0.0
192439	5	40	3504	35	0.009988584474885844
192439	8	29	285	0	0.0
192439	1	31	334	0	0.0
192439	7	40	241	0	0.0
192439	3	18	1	0	0.0
192439	7	50	31	9	0.2903225806451613
192439	8	15	32	0	0.0
192439	6	38	1574	58	0.036848792884371026
192439	3	20	1974	0	0.0
192439	4	11	57	0	0.0
192439	8	11	4	0	0.0
192439	7	44	22	0	0.0
192439	4	39	1495	0	0.0
192439	3	30	7	0	0.0
192439	3	24	103	0	0.0
192439	8	39	32	0	0.0
192439	6	14	3354	5	0.0014907573047107932
192439	4	29	5034	0	0.0
192439	3	34	522	0	0.0
192439	5	44	1	1	1.0
192439	5	51	780	138	0.17692307692307693
192439	5	45	1	1	1.0
192439	1	21	4378	296	0.06761078117862038
192439	1	35	6	1	0.16666666666666666
192439	1	20	609	9	0.014778325123152709
192439	6	28	570	85	0.14912280701754385
192439	3	31	1449	0	0.0
192439	6	15	1995	15	0.007518796992481203
192439	8	10	10	0	0.0
192439	8	38	53	0	0.0
192439	5	50	2125	357	0.168
192439	1	34	226	5	0.022123893805309734
192439	3	25	2155	0	0.0
192439	6	29	763	148	0.19397116644823068
192439	4	38	1	0	0.0
192439	4	10	141	0	0.0
192439	7	43	1	0	0.0
192439	3	19	11031	0	0.0
192439	6	17	18	0	0.0
192439	3	27	1088	0	0.0
192439	3	32	7	0	0.0
192439	3	33	761	0	0.0
192439	1	23	272	15	0.05514705882352941
192439	1	22	468	10	0.021367521367521368
192439	4	12	4	0	0.0
192439	1	36	35	3	0.08571428571428572
192439	3	26	13	0	0.0
192439	5	53	33	6	0.18181818181818182
192439	4	13	7	0	0.0
192439	4	36	33	0	0.0
192439	6	16	4592	128	0.027874564459930314
192439	1	37	11437	48	0.004196904782722742
192439	5	52	8628	988	0.11451089476124246
192439	8	36	33	0	0.0
192439	8	22	2767	0	0.0
192439	4	22	1830	0	0.0
192439	2	43	1022	8	0.007827788649706457
192439	4	5	34	0	0.0
192439	4	23	5863	0	0.0
192439	2	42	330	8	0.024242424242424242
192439	1	12	11	0	0.0
192439	6	33	1064	243	0.22838345864661655
192439	6	26	688	19	0.027616279069767442
192439	4	37	596	0	0.0
192439	8	37	1	0	0.0
192439	6	27	56	2	0.03571428571428571
192439	8	23	363	0	0.0
192439	6	7	261	94	0.36015325670498083
192439	1	13	221	0	0.0
192439	3	14	3	0	0.0
192439	4	21	7238	0	0.0
192439	2	3	142	2	0.014084507042253521
192439	6	24	1400	194	0.13857142857142857
192439	2	40	51	1	0.0196078431372549
192439	4	35	18	0	0.0
192439	4	7	52	0	0.0
192439	6	5	2959	699	0.23622845555931057
192439	6	18	499	29	0.05811623246492986
192439	8	35	188	0	0.0
192439	1	39	7680	102	0.01328125
192439	1	11	1002	0	0.0
192439	5	49	407	39	0.09582309582309582
192439	2	1	2114	345	0.16319772942289498
192439	3	28	36	0	0.0
192439	5	48	7106	452	0.06360821840698001
192439	2	41	14497	157	0.010829826860729806
192439	8	21	3245	0	0.0
192439	1	38	1	0	0.0
192439	6	25	7	0	0.0
192439	6	19	196	10	0.05102040816326531
192439	1	10	756	8	0.010582010582010581
192439	5	7	2690	116	0.04312267657992565
192439	8	20	508	0	0.0
192439	1	3	1560	93	0.05961538461538462
192439	4	34	572	0	0.0
192439	8	34	85	0	0.0
192439	3	29	304	0	0.0
192439	4	20	970	0	0.0
192439	4	24	607	0	0.0
192439	7	49	3	0	0.0
192439	3	15	1	0	0.0
192439	7	1	58	4	0.06896551724137931
192439	4	30	217	0	0.0
192439	5	3	32	3	0.09375
192439	3	11	24	0	0.0
192439	3	39	383	0	0.0
192439	6	35	260	65	0.25
192439	6	30	29024	6872	0.23676957001102536
192439	1	28	20	0	0.0
192439	2	51	1	0	0.0
192439	2	44	309	4	0.012944983818770227
192439	2	50	7	0	0.0
192439	8	18	25	0	0.0
192439	2	45	3246	14	0.004313000616142945
192439	8	30	6578	0	0.0
192439	8	24	6650	0	0.0
192439	6	21	4197	587	0.13986180605194187
192439	3	38	39	0	0.0
192439	8	31	1	0	0.0
192439	6	20	398	27	0.0678391959798995
192439	4	31	14	0	0.0
192439	8	25	23	0	0.0
192439	3	10	70	0	0.0
192439	4	19	1670	0	0.0
192439	8	19	524	0	0.0
192439	1	29	717	0	0.0
192439	2	5	12	0	0.0
192439	6	34	191	58	0.3036649214659686
192439	4	3	1529	0	0.0
192439	6	1	15	1	0.06666666666666667
192439	4	33	411	0	0.0
192439	4	1	257	11	0.042801556420233464
192439	7	48	123	14	0.11382113821138211
192439	4	27	1784	0	0.0
192439	4	25	930	0	0.0
192439	6	3	40	10	0.25
192439	8	27	64	0	0.0
192439	3	7	171	0	0.0
192439	2	7	6	0	0.0
192439	2	46	153	1	0.006535947712418301
192439	6	36	54	10	0.18518518518518517
192439	8	33	1421	0	0.0
192439	6	22	9191	2534	0.2757044935262757
192439	1	5	2	0	0.0
192439	2	47	8360	34	0.004066985645933014
192439	4	26	8	0	0.0
192439	8	26	437	0	0.0
192439	8	41	8	0	0.0
192439	6	23	389	61	0.15681233933161953
192439	3	13	1	0	0.0
192439	4	41	993	0	0.0
192439	4	6	102	26	0.2549019607843137
192439	2	34	98	1	0.01020408163265306
192439	5	15	2062	63	0.030552861299709022
192439	6	44	2	0	0.0
192439	6	50	942	6	0.006369426751592357
192439	7	10	2	0	0.0
192439	2	20	19	0	0.0
192439	7	38	262	0	0.0
192439	5	29	16	0	0.0
192439	2	35	6	0	0.0
192439	5	14	847	1	0.0011806375442739079
192439	4	40	138	0	0.0
192439	6	45	1	0	0.0
192439	7	39	12	0	0.0
192439	8	54	2	0	0.0
192439	2	37	1591	0	0.0
192439	6	51	343	2	0.0058309037900874635
192439	6	53	67	0	0.0
192439	5	28	1139	90	0.07901668129938542
192439	2	21	11832	572	0.04834347532116295
192439	8	40	1733	0	0.0
192439	5	16	2170	0	0.0
192439	4	42	9	0	0.0
192439	2	23	1430	34	0.023776223776223775
192439	2	36	17	0	0.0
192439	5	17	4	0	0.0
192439	2	6	49	5	0.10204081632653061
192439	6	46	13	0	0.0
192439	2	22	1068	15	0.014044943820224719
192439	8	9	2	0	0.0
192439	7	16	61	0	0.0
192439	2	26	1	0	0.0
192439	4	46	8	0	0.0
192439	4	47	1	0	0.0
192439	4	44	18	0	0.0
192439	6	52	5882	62	0.010540632437946278
192439	2	27	1253	12	0.009577015163607342
192439	6	41	5	0	0.0
192439	7	29	12	0	0.0
192439	6	43	6	0	0.0
192439	8	52	11	0	0.0
192439	7	15	53	2	0.03773584905660377
192439	2	33	298	12	0.040268456375838924
192439	8	50	6	0	0.0
192439	2	31	24	0	0.0
192439	2	30	379	18	0.047493403693931395
192439	5	38	2920	17	0.0058219178082191785
192439	7	28	984	0	0.0
192439	8	51	30	0	0.0
192439	5	39	9	0	0.0
192439	4	45	15	0	0.0
192439	6	54	6975	36	0.005161290322580645
192641	2	8	25	2	0.08
192439	2	25	821	0	0.0
192439	4	2	878	50	0.05694760820045558
192439	2	24	264	6	0.022727272727272728
192439	2	19	1252	6	0.004792332268370607
192439	6	40	1110	22	0.01981981981981982
192439	7	14	34	0	0.0
192641	7	31	604	0	0.0
192641	1	44	68	4	0.058823529411764705
192641	7	25	6	0	0.0
192641	7	19	1292	0	0.0
192641	4	48	6	0	0.0
192641	1	50	8	6	0.75
192641	8	48	2026	3	0.0014807502467917078
192641	2	9	2658	0	0.0
192641	3	41	78	0	0.0
192641	2	15	8	7	0.875
192641	2	14	4	0	0.0
192641	5	21	907	4	0.004410143329658214
192641	5	34	153	8	0.05228758169934641
192641	3	40	4	0	0.0
192641	8	49	254	1	0.003937007874015748
192641	1	51	24	24	1.0
192641	7	18	20	0	0.0
192641	2	28	4	0	0.0
192641	5	35	120	1	0.008333333333333333
192641	5	20	9543	1140	0.11945928953159383
192641	7	30	739	4	0.005412719891745603
192641	1	45	4263	176	0.04128547970912503
192641	1	8	19	0	0.0
192641	3	8	94	0	0.0
192641	7	24	2163	1	0.0004623208506703652
192641	7	26	159	0	0.0
192641	2	29	23838	2922	0.12257739743267053
192641	3	42	18	0	0.0
192641	7	32	776	0	0.0
192641	5	23	20	0	0.0
192641	5	36	66	0	0.0
192641	5	37	19	19	1.0
192641	1	53	1	0	0.0
192641	1	47	2438	179	0.0734208367514356
192641	5	22	1493	5	0.003348961821835231
192641	1	46	104	5	0.04807692307692308
192641	2	16	13	0	0.0
192641	1	52	7	7	1.0
192641	7	33	453	0	0.0
192641	7	23	148	0	0.0
192641	4	8	182	0	0.0
192641	7	37	7	0	0.0
192641	4	9	8	0	0.0
192641	5	33	448	11	0.024553571428571428
192641	1	42	160	7	0.04375
192641	5	27	2	0	0.0
192641	3	43	523	3	0.0057361376673040155
192641	7	27	8	0	0.0
192641	2	13	335	0	0.0
192641	5	32	352	15	0.04261363636363636
192641	5	26	563	6	0.010657193605683837
192641	7	22	3252	2	0.0006150061500615006
192641	2	12	516	0	0.0
192641	7	8	3197	2	0.0006255864873318737
192641	7	36	977	0	0.0
192641	1	43	4053	223	0.05502097211941771
192641	5	8	453	61	0.1346578366445916
192641	7	34	807	0	0.0
192641	3	44	19	0	0.0
192641	2	10	6649	1	0.00015039855617386073
192641	1	41	1990	75	0.03768844221105527
192641	8	6	1193	123	0.10310142497904443
192641	3	46	26	0	0.0
192641	5	25	2	0	0.0
192641	2	38	8	3	0.375
192641	5	19	457	7	0.015317286652078774
192641	5	31	7	1	0.14285714285714285
192641	7	20	13915	12	0.0008623787279913762
192641	5	24	834	2	0.002398081534772182
192641	2	39	2387	0	0.0
192641	5	30	3081	14	0.004543979227523531
192641	5	18	694	0	0.0
192641	3	51	1	0	0.0
192641	2	11	2375	2	0.0008421052631578948
192641	1	40	2	0	0.0
192641	6	49	848	23	0.027122641509433963
192641	6	48	12106	1035	0.08549479596894102
192641	3	45	511	5	0.009784735812133072
192641	7	21	931	0	0.0
192641	7	52	430	9	0.020930232558139535
192641	5	43	34	7	0.20588235294117646
192641	8	17	1	0	0.0
192641	8	16	30	0	0.0
192641	3	22	480	0	0.0
192641	7	35	180	1	0.005555555555555556
192641	1	27	114	1	0.008771929824561403
192641	3	36	168	0	0.0
192641	1	33	581	24	0.04130808950086059
192641	1	32	5	0	0.0
192641	6	9	4	0	0.0
192641	1	26	2	0	0.0
192641	3	37	544	5	0.009191176470588236
192641	4	16	18	0	0.0
192641	7	53	20	0	0.0
192641	4	28	23	0	0.0
192641	3	35	2094	0	0.0
192641	4	14	1	0	0.0
192641	3	23	722	0	0.0
192641	1	30	10	0	0.0
192641	1	9	139	0	0.0
192641	8	28	822	0	0.0
192641	3	21	5954	0	0.0
192641	1	24	56	0	0.0
192641	3	9	7	0	0.0
192641	8	14	10	0	0.0
192641	7	51	64	2	0.03125
192641	6	11	2	0	0.0
192641	6	39	4	0	0.0
192641	5	40	1204	1	0.0008305647840531562
192641	5	54	2639	199	0.07540735126942023
192641	6	10	4	3	0.75
192641	2	48	75	0	0.0
192641	8	29	501	0	0.0
192641	1	25	585	7	0.011965811965811967
192641	8	15	82	0	0.0
192641	4	29	2164	0	0.0
192641	7	54	2	2	1.0
192641	6	38	1078	9	0.008348794063079777
192641	4	11	16	0	0.0
192641	4	15	4	0	0.0
192641	7	50	170	5	0.029411764705882353
192641	1	19	6207	274	0.044143708715965846
192641	3	34	411	0	0.0
192641	7	40	22	0	0.0
192641	7	44	1	0	0.0
192641	1	31	1340	3	0.002238805970149254
192641	3	20	2573	0	0.0
192641	4	39	593	0	0.0
192641	3	30	26	0	0.0
192641	3	24	134	0	0.0
192641	6	14	1943	3	0.001544004117344313
192641	1	35	12	0	0.0
192641	5	51	265	20	0.07547169811320754
192641	6	28	690	48	0.06956521739130435
192641	6	15	3208	6	0.0018703241895261845
192641	8	39	11	0	0.0
192641	5	45	16	15	0.9375
192641	8	10	2	0	0.0
192641	8	38	152	1	0.006578947368421052
192641	5	50	3445	279	0.08098693759071117
192641	1	34	79	1	0.012658227848101266
192641	6	29	606	59	0.09735973597359736
192641	1	21	3141	21	0.0066857688634192934
192641	5	44	21	21	1.0
192641	1	20	264	1	0.003787878787878788
192641	3	25	232	0	0.0
192641	8	11	1	0	0.0
192641	4	10	133	0	0.0
192641	4	38	4	0	0.0
192641	6	17	308	3	0.00974025974025974
192641	1	22	288	1	0.003472222222222222
192641	4	12	4	0	0.0
192641	3	31	1881	0	0.0
192641	1	36	38	0	0.0
192641	3	27	139	0	0.0
192641	3	19	9985	16	0.0016024036054081122
192641	5	53	88	7	0.07954545454545454
192641	5	47	2	0	0.0
192641	3	33	1529	0	0.0
192641	1	37	5056	42	0.008306962025316455
192641	3	26	12	0	0.0
192641	1	23	380	1	0.002631578947368421
192641	6	16	2492	12	0.004815409309791332
192641	4	36	75	0	0.0
192641	8	36	24	0	0.0
192641	4	13	3	0	0.0
192641	3	32	117	0	0.0
192641	8	22	5511	0	0.0
192641	1	12	152	1	0.006578947368421052
192641	5	52	5696	385	0.06759129213483146
192641	4	22	1724	0	0.0
192641	6	33	544	9	0.016544117647058824
192641	2	43	1828	19	0.010393873085339168
192641	6	32	27	0	0.0
192641	6	27	4	0	0.0
192641	2	42	180	3	0.016666666666666666
192641	8	23	191	0	0.0
192641	8	37	5	0	0.0
192641	4	5	49	0	0.0
192641	6	7	428	24	0.056074766355140186
192641	4	37	144	0	0.0
192641	2	1	1701	342	0.20105820105820105
192641	4	23	3152	0	0.0
192641	3	16	2	0	0.0
192641	6	26	344	3	0.00872093023255814
192641	1	13	435	0	0.0
192641	2	3	517	7	0.013539651837524178
192641	4	21	7710	0	0.0
192641	4	7	144	0	0.0
192641	3	28	13	0	0.0
192641	1	39	4844	1	0.00020644095788604458
192641	6	18	1340	16	0.011940298507462687
192641	5	49	855	84	0.09824561403508772
192641	6	24	2461	272	0.11052417716375457
192641	1	11	915	0	0.0
192641	2	54	18	0	0.0
192641	8	21	2563	0	0.0
192641	2	40	1	0	0.0
192641	6	5	2527	474	0.18757419865453107
192641	8	35	114	0	0.0
192641	4	35	13	0	0.0
192641	2	41	9382	506	0.0539330633127265
192641	5	7	1631	107	0.06560392397302268
192641	6	31	5	0	0.0
192641	4	34	468	0	0.0
192641	3	15	2	0	0.0
192641	8	20	1559	5	0.003207184092366902
192641	6	19	126	1	0.007936507936507936
192641	3	29	734	0	0.0
192641	8	34	106	0	0.0
192641	1	38	1	0	0.0
192641	6	30	22712	3159	0.13908946812257839
192641	6	25	1	0	0.0
192641	7	49	47	2	0.0425531914893617
192641	3	11	26	0	0.0
192641	1	10	448	7	0.015625
192641	1	3	2565	215	0.08382066276803118
192641	1	28	4	0	0.0
192641	4	20	1924	0	0.0
192641	5	48	4536	278	0.06128747795414462
192641	3	39	171	0	0.0
192641	4	24	230	0	0.0
192641	7	1	31	0	0.0
192641	4	30	648	0	0.0
192641	6	21	733	54	0.07366984993178717
192641	6	35	117	1	0.008547008547008548
192641	5	3	30	0	0.0
192641	1	15	1	1	1.0
192641	8	30	3255	1	0.00030721966205837174
192641	2	44	180	1	0.005555555555555556
192641	8	25	7	0	0.0
192641	8	18	13	0	0.0
192641	2	51	35	32	0.9142857142857143
192641	2	45	1951	7	0.0035879036391594054
192641	8	19	841	0	0.0
192641	6	20	1942	23	0.01184346035015448
192641	6	34	63	4	0.06349206349206349
192641	1	29	1524	3	0.001968503937007874
192641	8	24	5905	0	0.0
192641	2	5	34	29	0.8529411764705882
192641	2	50	9	2	0.2222222222222222
192641	4	19	1390	0	0.0
192641	3	10	279	0	0.0
192641	4	3	1407	0	0.0
192641	4	25	220	0	0.0
192641	8	27	15	0	0.0
192641	4	31	1	0	0.0
192641	6	36	42	3	0.07142857142857142
192641	7	48	271	6	0.02214022140221402
192641	4	33	241	0	0.0
192641	4	1	295	2	0.006779661016949152
192641	4	27	559	0	0.0
192641	6	1	38	30	0.7894736842105263
192641	3	38	88	0	0.0
192641	8	33	792	0	0.0
192641	3	7	200	0	0.0
192641	3	12	4	0	0.0
192641	6	3	28	1	0.03571428571428571
192641	2	46	244	14	0.05737704918032787
192641	3	13	3	0	0.0
192641	6	23	41	3	0.07317073170731707
192641	2	7	13	0	0.0
192641	2	53	37	2	0.05405405405405406
192641	6	22	4514	523	0.11586176340274701
192641	6	37	21	19	0.9047619047619048
192641	1	5	37	23	0.6216216216216216
192641	4	26	14	0	0.0
192641	8	26	260	1	0.0038461538461538464
192641	8	32	1	0	0.0
192641	2	47	6836	102	0.01492100643651258
192641	4	32	1	0	0.0
192641	8	41	4	0	0.0
192641	7	10	1	0	0.0
192641	7	38	625	1	0.0016
192641	6	44	29	27	0.9310344827586207
192641	4	6	45	1	0.022222222222222223
192641	6	50	1010	2	0.0019801980198019802
192641	5	29	23	0	0.0
192641	2	34	84	1	0.011904761904761904
192641	5	15	451	5	0.011086474501108648
192641	2	20	98	1	0.01020408163265306
192641	5	28	233	0	0.0
192641	4	41	297	0	0.0
192641	2	35	13	0	0.0
192641	5	14	259	0	0.0
192641	7	39	9	0	0.0
192641	6	51	336	10	0.02976190476190476
192641	8	40	141	0	0.0
192641	6	47	3	0	0.0
192641	8	54	67	0	0.0
192641	4	42	26	0	0.0
192641	4	40	4	0	0.0
192641	6	53	68	0	0.0
192641	2	23	502	11	0.021912350597609563
192641	7	11	2	0	0.0
192641	5	16	993	1	0.0010070493454179255
192641	2	21	11354	280	0.02466091245376079
192641	2	37	1036	0	0.0
192641	2	36	27	1	0.037037037037037035
192641	2	22	1056	79	0.07481060606060606
192641	4	47	77	0	0.0
192641	5	17	78	0	0.0
192641	4	43	72	0	0.0
192641	2	27	560	2	0.0035714285714285713
192641	2	6	97	69	0.711340206185567
192641	7	17	6	0	0.0
192641	8	52	49	5	0.10204081632653061
192641	6	46	83	2	0.024096385542168676
192641	4	46	20	0	0.0
192641	6	43	95	1	0.010526315789473684
192641	8	53	7	3	0.42857142857142855
192641	2	26	1	0	0.0
192641	6	52	3279	25	0.007624275693809088
192641	7	16	21	0	0.0
192641	2	33	282	4	0.014184397163120567
192641	7	29	52	0	0.0
192641	2	31	209	0	0.0
192641	5	38	1555	11	0.00707395498392283
192641	6	41	29	0	0.0
192641	4	44	31	0	0.0
192641	7	15	51	0	0.0
192641	2	30	473	50	0.10570824524312897
192641	2	24	107	1	0.009345794392523364
192641	2	25	229	0	0.0
192641	2	19	1811	1	0.0005521811154058532
192641	8	51	122	5	0.040983606557377046
192641	5	39	2	0	0.0
192641	6	40	1731	3	0.0017331022530329288
192641	6	54	6312	75	0.01188212927756654
193845	7	25	64	0	0.0
192641	4	45	64	0	0.0
193845	7	19	788	0	0.0
192641	8	50	19	1	0.05263157894736842
192641	7	28	164	0	0.0
192641	4	2	939	10	0.010649627263045794
192641	7	14	6	0	0.0
193845	7	31	8	0	0.0
193845	1	44	180	4	0.022222222222222223
193845	3	41	18	0	0.0
193845	2	9	1883	5	0.0026553372278279343
193845	5	35	63	0	0.0
193845	2	8	20	2	0.1
193845	2	28	14	0	0.0
193845	8	48	319	0	0.0
193845	5	21	218	1	0.0045871559633027525
193845	5	34	63	0	0.0
193845	2	14	1	0	0.0
193845	8	49	9	0	0.0
193845	2	29	9743	2485	0.2550549112183106
193845	7	24	408	5	0.012254901960784314
193845	2	15	11	11	1.0
193845	3	40	6	0	0.0
193845	1	51	31	31	1.0
193845	7	30	185	0	0.0
193845	1	8	18	1	0.05555555555555555
193845	1	45	2805	65	0.023172905525846704
193845	7	18	8	0	0.0
193845	5	20	16973	274	0.01614328639604077
193845	3	8	43	0	0.0
193845	7	26	235	0	0.0
193845	3	42	3	0	0.0
193845	2	16	18	2	0.1111111111111111
193845	7	33	94	0	0.0
193845	7	27	27	0	0.0
193845	7	37	3	0	0.0
193845	1	53	1	0	0.0
193845	3	43	84	0	0.0
193845	1	46	118	1	0.00847457627118644
193845	5	22	3101	91	0.029345372460496615
193845	7	32	74	0	0.0
193845	1	47	64	1	0.015625
193845	4	8	93	0	0.0
193845	5	36	70	2	0.02857142857142857
193845	2	17	4	4	1.0
193845	5	23	94	1	0.010638297872340425
193845	7	23	117	0	0.0
193845	4	9	11	0	0.0
193845	5	26	1309	10	0.007639419404125287
193845	5	27	9	0	0.0
193845	2	13	317	53	0.167192429022082
193845	1	42	963	17	0.017653167185877467
193845	5	32	72	0	0.0
193845	5	8	105	6	0.05714285714285714
193845	7	34	132	0	0.0
193845	3	50	25	0	0.0
193845	7	20	9625	2	0.0002077922077922078
193845	7	22	747	8	0.0107095046854083
193845	1	41	1791	26	0.014517029592406477
193845	3	44	59	0	0.0
193845	7	36	746	0	0.0
193845	7	8	3627	1	0.00027570995312930797
193845	1	43	924	46	0.049783549783549784
193845	3	46	15	0	0.0
193845	3	52	4	0	0.0
193845	2	12	110	5	0.045454545454545456
193845	8	6	382	38	0.09947643979057591
193845	5	33	54	1	0.018518518518518517
193845	5	25	6	0	0.0
193845	6	48	10138	877	0.08650621424344052
193845	5	19	94	0	0.0
193845	2	10	3385	21	0.0062038404726735595
193845	2	38	1	0	0.0
193845	5	30	2964	3	0.0010121457489878543
193845	5	24	301	1	0.0033222591362126247
193845	2	39	3059	14	0.004576659038901602
193845	1	40	5	0	0.0
193845	5	18	187	3	0.016042780748663103
193845	7	35	98	0	0.0
193845	8	17	1	0	0.0
193845	2	11	2434	224	0.09202958093672967
193845	1	27	375	9	0.024
193845	6	9	2	0	0.0
193845	1	33	227	12	0.05286343612334802
193845	7	21	528	0	0.0
193845	3	36	148	0	0.0
193845	5	43	1	1	1.0
193845	7	52	153	67	0.43790849673202614
193845	8	16	10	0	0.0
193845	6	49	609	38	0.06239737274220033
193845	3	22	975	0	0.0
193845	3	51	2	0	0.0
193845	3	45	136	0	0.0
193845	4	16	12	0	0.0
193845	1	26	10	0	0.0
193845	3	37	231	0	0.0
193845	7	53	6	3	0.5
193845	3	23	798	0	0.0
193845	1	30	7	0	0.0
193845	8	14	5	0	0.0
193845	4	28	70	0	0.0
193845	4	14	2	0	0.0
193845	1	9	62	0	0.0
193845	3	35	1111	0	0.0
193845	7	51	48	10	0.20833333333333334
193845	3	9	4	0	0.0
193845	6	39	6	0	0.0
193845	3	21	1277	0	0.0
193845	1	24	56	0	0.0
193845	8	28	1327	0	0.0
193845	5	54	71	15	0.2112676056338028
193845	6	11	7	0	0.0
193845	8	15	26	1	0.038461538461538464
193845	1	25	1832	13	0.007096069868995633
193845	5	40	596	1	0.0016778523489932886
193845	8	29	159	0	0.0
193845	1	31	44	0	0.0
193845	3	20	1880	0	0.0
193845	4	15	7	0	0.0
193845	3	34	153	0	0.0
193845	6	38	1250	73	0.0584
193845	7	44	5	1	0.2
193845	7	50	93	9	0.0967741935483871
193845	6	10	24	24	1.0
193845	4	29	4387	0	0.0
193845	7	40	39	0	0.0
193845	8	39	18	0	0.0
193845	1	19	13590	202	0.014863870493009567
193845	1	21	4408	295	0.06692377495462795
193845	4	11	81	0	0.0
193845	5	50	437	77	0.17620137299771166
193845	4	39	442	0	0.0
193845	8	11	1	0	0.0
193845	1	35	87	3	0.034482758620689655
193845	5	44	13	12	0.9230769230769231
193845	3	24	84	0	0.0
193845	6	28	1549	182	0.11749515816655907
193845	6	14	3311	12	0.003624282694050136
193845	5	51	115	20	0.17391304347826086
193845	3	30	2	0	0.0
193845	1	20	310	8	0.025806451612903226
193845	3	25	601	0	0.0
193845	4	12	4	0	0.0
193845	6	29	793	76	0.09583858764186633
193845	8	38	168	0	0.0
193845	3	33	150	0	0.0
193845	8	10	9	0	0.0
193845	3	27	874	0	0.0
193845	1	34	147	18	0.12244897959183673
193845	7	43	33	0	0.0
193845	6	17	232	4	0.017241379310344827
193845	3	31	123	0	0.0
193845	1	22	469	12	0.0255863539445629
193845	6	15	3819	37	0.00968840010473946
193845	4	10	95	0	0.0
193845	1	36	67	2	0.029850746268656716
193845	3	19	8401	0	0.0
193845	5	53	37	11	0.2972972972972973
193845	5	52	2381	327	0.1373372532549349
193845	6	16	3751	77	0.020527859237536656
193845	4	22	1876	0	0.0
193845	1	23	153	3	0.0196078431372549
193845	2	43	661	8	0.012102874432677761
193845	3	32	4	0	0.0
193845	3	26	36	0	0.0
193845	8	36	40	0	0.0
193845	8	22	2483	0	0.0
193845	4	13	28	0	0.0
193845	6	27	46	1	0.021739130434782608
193845	4	36	66	0	0.0
193845	1	12	24	0	0.0
193845	1	37	4870	1	0.0002053388090349076
193845	6	33	112	7	0.0625
193845	2	42	1717	23	0.013395457192778102
193845	6	7	305	91	0.2983606557377049
193845	2	3	112	6	0.05357142857142857
193845	8	23	376	0	0.0
193845	1	13	47	0	0.0
193845	4	37	75	0	0.0
193845	6	32	10	0	0.0
193845	4	5	19	2	0.10526315789473684
193845	3	16	1	0	0.0
193845	6	26	871	15	0.01722158438576349
193845	4	23	4266	0	0.0
193845	2	1	2598	255	0.09815242494226328
193845	3	28	19	0	0.0
193845	4	21	5375	0	0.0
193845	8	37	2	0	0.0
193845	8	35	40	0	0.0
193845	1	39	4530	13	0.002869757174392936
193845	8	21	1664	0	0.0
193845	4	35	53	0	0.0
193845	6	18	749	25	0.03337783711615487
193845	4	7	60	0	0.0
193845	6	5	2710	368	0.13579335793357933
193845	5	49	419	51	0.12171837708830549
193845	6	24	1228	158	0.12866449511400652
193845	1	11	515	0	0.0
193845	2	40	2	0	0.0
193845	2	54	1	0	0.0
193845	1	38	1	1	1.0
193845	5	48	1185	112	0.09451476793248945
193845	6	25	30	0	0.0
193845	4	34	234	0	0.0
193845	5	7	1588	162	0.10201511335012595
193845	6	30	22785	3942	0.17300855826201447
193845	7	49	5	2	0.4
193845	3	29	113	0	0.0
193845	8	34	29	0	0.0
193845	4	20	773	0	0.0
193845	3	15	3	0	0.0
193845	1	3	1282	13	0.01014040561622465
193845	1	10	1073	29	0.02702702702702703
193845	6	19	83	0	0.0
193845	7	1	25	1	0.04
193845	6	35	36	5	0.1388888888888889
193845	8	20	7564	0	0.0
193845	4	24	654	0	0.0
193845	2	41	14363	1404	0.0977511661909072
193845	4	30	282	0	0.0
193845	3	39	160	0	0.0
193845	1	28	5	0	0.0
193845	8	18	4	0	0.0
193845	5	3	11	2	0.18181818181818182
193845	3	11	26	0	0.0
193845	6	21	2451	94	0.03835169318645451
193845	8	30	2371	0	0.0
193845	2	45	2592	10	0.0038580246913580245
193845	8	25	58	0	0.0
193845	1	15	3	3	1.0
193845	2	5	24	21	0.875
193845	8	24	2712	0	0.0
193845	8	19	240	0	0.0
193845	6	34	65	10	0.15384615384615385
193845	2	44	514	17	0.033073929961089495
193845	6	1	24	13	0.5416666666666666
193845	4	31	2	0	0.0
193845	4	3	2627	0	0.0
193845	3	10	55	0	0.0
193845	1	29	361	0	0.0
193845	3	38	8	0	0.0
193845	4	25	786	0	0.0
193845	4	19	7238	0	0.0
193845	7	48	14	11	0.7857142857142857
193845	6	20	7690	70	0.009102730819245773
193845	4	1	332	9	0.02710843373493976
193845	8	27	84	0	0.0
193845	6	3	16	0	0.0
193845	4	33	162	0	0.0
193845	4	27	3010	0	0.0
193845	3	12	2	0	0.0
193845	6	36	43	0	0.0
193845	2	7	16	0	0.0
193845	8	33	267	0	0.0
193845	2	46	142	14	0.09859154929577464
193845	2	53	1	0	0.0
193845	3	7	64	1	0.015625
193845	8	32	4	0	0.0
193845	6	22	9867	1208	0.12242829634133982
193845	1	5	22	14	0.6363636363636364
193845	8	26	614	0	0.0
193845	6	37	1	1	1.0
193845	6	23	614	29	0.04723127035830619
193845	4	26	42	0	0.0
193845	2	47	8230	104	0.012636695018226002
193845	7	10	10	0	0.0
193845	4	6	51	5	0.09803921568627451
193845	6	50	568	9	0.01584507042253521
193845	5	15	700	18	0.025714285714285714
193845	2	34	57	2	0.03508771929824561
193845	5	29	11	1	0.09090909090909091
193845	6	44	1	1	1.0
193845	8	41	1	0	0.0
193845	2	20	17	1	0.058823529411764705
193845	4	41	581	0	0.0
193845	7	38	628	0	0.0
193845	2	35	17	0	0.0
193845	5	14	113	0	0.0
193845	5	28	390	0	0.0
193845	8	40	86	0	0.0
193845	6	51	368	18	0.04891304347826087
193845	4	40	11	0	0.0
193845	2	21	9739	1740	0.17866310709518432
193845	4	42	3	0	0.0
193845	5	17	65	11	0.16923076923076924
193845	7	39	7	0	0.0
193845	2	23	400	74	0.185
193845	5	16	707	1	0.0014144271570014145
193845	2	22	837	20	0.023894862604540025
193845	6	53	38	2	0.05263157894736842
193845	2	37	968	3	0.0030991735537190084
193845	7	16	14	1	0.07142857142857142
193845	8	53	4	0	0.0
193845	2	6	60	32	0.5333333333333333
193845	2	36	23	0	0.0
193845	2	26	6	0	0.0
193845	6	43	4	0	0.0
193845	8	52	14	0	0.0
193845	6	52	4937	75	0.015191411788535548
193845	4	43	20	0	0.0
193845	4	47	1	0	0.0
193845	2	33	119	10	0.08403361344537816
193845	2	27	925	103	0.11135135135135135
193845	4	46	15	0	0.0
193845	7	17	12	5	0.4166666666666667
193845	8	50	7	0	0.0
193845	5	38	1654	28	0.016928657799274487
193845	6	41	10	0	0.0
193845	8	51	3	1	0.3333333333333333
193845	7	29	10	0	0.0
193845	2	24	199	3	0.01507537688442211
193845	4	44	9	0	0.0
193845	2	30	323	15	0.04643962848297214
193845	2	25	618	10	0.016181229773462782
193845	2	19	3436	1	0.0002910360884749709
193845	4	2	499	41	0.08216432865731463
193845	7	15	95	7	0.07368421052631578
193845	5	10	10	10	1.0
193845	5	39	5	0	0.0
193845	6	40	959	3	0.0031282586027111575
193845	4	45	21	0	0.0
195041	2	8	71	1	0.014084507042253521
195041	7	25	105	0	0.0
193845	7	14	9	0	0.0
193845	7	28	101	0	0.0
195041	2	15	8	3	0.375
195041	2	14	15	0	0.0
195041	7	31	228	0	0.0
195041	5	35	67	2	0.029850746268656716
195041	3	41	379	0	0.0
195041	8	48	393	0	0.0
195041	1	44	96	5	0.052083333333333336
195041	5	34	102	5	0.049019607843137254
195041	5	21	490	4	0.00816326530612245
195041	7	19	2190	0	0.0
195041	2	9	2646	4	0.0015117157974300832
193845	6	54	9071	330	0.036379671480542386
195041	5	20	20187	530	0.026254520235795314
195041	2	28	52	0	0.0
195041	7	24	315	0	0.0
195041	8	49	12	0	0.0
195041	2	29	23951	2022	0.08442236232307627
195041	7	18	77	0	0.0
195041	3	40	106	0	0.0
195041	7	26	306	0	0.0
195041	1	51	3	3	1.0
195041	3	8	88	0	0.0
195041	3	42	14	0	0.0
195041	7	30	870	1	0.0011494252873563218
195041	1	45	3914	361	0.09223300970873786
195041	1	8	34	0	0.0
195041	5	36	27	2	0.07407407407407407
195041	5	23	32	0	0.0
195041	2	16	55	1	0.01818181818181818
195041	1	47	1716	278	0.16200466200466201
195041	5	37	44	20	0.45454545454545453
195041	7	32	204	0	0.0
195041	1	46	59	2	0.03389830508474576
195041	7	33	582	0	0.0
195041	5	22	2238	15	0.006702412868632708
195041	3	43	44	0	0.0
195041	7	27	19	0	0.0
195041	1	52	1	1	1.0
195041	4	8	198	0	0.0
195041	3	53	7	0	0.0
195041	7	37	18	0	0.0
195041	5	27	3	0	0.0
195041	5	32	89	0	0.0
195041	4	9	4	0	0.0
195041	5	33	203	4	0.019704433497536946
195041	1	42	379	24	0.0633245382585752
195041	7	22	3541	3	0.0008472182999152782
195041	7	36	1212	0	0.0
195041	2	13	157	3	0.01910828025477707
195041	2	12	122	0	0.0
195041	7	23	65	0	0.0
195041	3	46	53	0	0.0
195041	1	43	1428	181	0.12675070028011204
195041	5	26	2208	126	0.057065217391304345
195041	8	6	1052	165	0.15684410646387834
195041	5	8	215	22	0.10232558139534884
195041	7	8	4589	0	0.0
195041	3	50	30	0	0.0
195041	3	44	19	0	0.0
195041	1	41	3259	174	0.053390610616753605
195041	7	34	1400	0	0.0
195041	2	10	4977	20	0.004018485031143259
195041	7	20	21160	5	0.00023629489603024575
195041	5	31	45	0	0.0
195041	5	25	34	0	0.0
195041	5	24	46	2	0.043478260869565216
195041	5	19	321	3	0.009345794392523364
195041	2	39	4793	12	0.0025036511579386604
195041	3	51	5	0	0.0
195041	2	11	1234	9	0.007293354943273906
195041	1	40	14	0	0.0
195041	6	49	528	25	0.04734848484848485
195041	5	18	563	1	0.0017761989342806395
195041	5	30	2654	7	0.0026375282592313487
195041	6	48	12649	1707	0.1349513795556961
195041	3	45	426	0	0.0
195041	7	35	121	0	0.0
195041	6	9	8	0	0.0
195041	7	21	1128	0	0.0
195041	7	52	349	0	0.0
195041	5	42	2	1	0.5
195041	1	27	263	3	0.011406844106463879
195041	1	33	318	9	0.02830188679245283
195041	3	36	293	0	0.0
195041	1	26	6	0	0.0
195041	4	16	20	0	0.0
195041	8	16	94	0	0.0
195041	7	51	44	0	0.0
195041	7	45	7	6	0.8571428571428571
195041	3	35	585	0	0.0
195041	7	53	37	0	0.0
195041	3	21	4109	0	0.0
195041	3	23	757	0	0.0
195041	4	28	201	0	0.0
195041	3	9	52	0	0.0
195041	3	37	556	0	0.0
195041	1	9	304	1	0.003289473684210526
195041	3	22	665	0	0.0
195041	4	14	4	0	0.0
195041	1	30	16	0	0.0
195041	6	39	60	7	0.11666666666666667
195041	8	14	6	0	0.0
195041	1	24	18	0	0.0
195041	6	10	3	0	0.0
195041	8	15	96	0	0.0
195041	1	31	2564	10	0.0039001560062402497
195041	5	40	2755	31	0.011252268602540834
195041	2	48	43	0	0.0
195041	8	28	1335	0	0.0
195041	1	25	1035	36	0.034782608695652174
195041	6	11	42	3	0.07142857142857142
195041	8	29	235	0	0.0
195041	5	54	4227	254	0.06008989827300686
195041	3	20	1523	0	0.0
195041	7	50	61	0	0.0
195041	4	29	1206	0	0.0
195041	4	15	4	0	0.0
195041	1	19	19094	628	0.032889913061694774
195041	6	38	2698	92	0.0340993328391401
195041	3	34	576	0	0.0
195041	6	14	3169	7	0.002208898706216472
195041	3	24	57	0	0.0
195041	3	18	1	0	0.0
195041	7	44	1	1	1.0
195041	1	35	32	1	0.03125
195041	4	39	676	0	0.0
195041	8	39	52	0	0.0
195041	4	11	47	0	0.0
195041	3	30	64	0	0.0
195041	7	40	576	0	0.0
195041	1	21	4644	20	0.004306632213608958
195041	6	28	1069	29	0.027128157156220765
195041	6	29	959	171	0.17831074035453598
195041	8	38	116	10	0.08620689655172414
195041	8	11	4	0	0.0
195041	5	45	171	94	0.5497076023391813
195041	5	50	1925	338	0.1755844155844156
195041	5	51	394	146	0.37055837563451777
195041	3	25	1876	0	0.0
195041	7	9	3	0	0.0
195041	6	15	3708	20	0.005393743257820928
195041	3	31	1215	17	0.013991769547325103
195041	1	20	98	2	0.02040816326530612
195041	4	10	35	0	0.0
195041	5	44	58	45	0.7758620689655172
195041	8	10	3	0	0.0
195041	1	34	134	0	0.0
195041	3	27	368	0	0.0
195041	4	12	10	0	0.0
195041	3	33	559	0	0.0
195041	1	36	66	3	0.045454545454545456
195041	5	9	2	0	0.0
195041	5	53	38	3	0.07894736842105263
195041	1	22	272	0	0.0
195041	3	19	17922	141	0.007867425510545699
195041	5	46	2	0	0.0
195041	7	43	9	0	0.0
195041	3	32	15	0	0.0
195041	1	37	9604	49	0.00510204081632653
195041	1	23	65	0	0.0
195041	6	17	75	0	0.0
195041	6	16	3635	67	0.01843191196698762
195041	5	52	3705	532	0.14358974358974358
195041	3	26	66	0	0.0
195041	6	27	62	0	0.0
195041	4	36	188	0	0.0
195041	4	13	19	0	0.0
195041	1	12	24	0	0.0
195041	8	36	132	0	0.0
195041	6	7	636	73	0.11477987421383648
195041	6	32	10	4	0.4
195041	8	37	3	0	0.0
195041	6	26	1280	20	0.015625
195041	2	42	689	24	0.03483309143686502
195041	4	22	2001	0	0.0
195041	8	22	8680	0	0.0
195041	1	13	107	0	0.0
195041	2	43	1346	18	0.01337295690936107
195041	6	33	692	106	0.1531791907514451
195041	4	5	35	0	0.0
195041	4	23	3281	0	0.0
195041	4	37	101	0	0.0
195041	8	23	353	0	0.0
195041	3	16	30	0	0.0
195041	2	3	526	36	0.06844106463878327
195041	2	1	2537	283	0.11154907370910525
195041	3	14	2	0	0.0
195041	3	28	133	0	0.0
195041	1	11	602	2	0.0033222591362126247
195041	4	35	50	0	0.0
195041	6	5	3748	887	0.23665955176093917
195041	8	35	159	0	0.0
195041	6	18	1429	66	0.04618614415675298
195041	2	40	21	2	0.09523809523809523
195041	4	21	6741	0	0.0
195041	6	24	233	29	0.12446351931330472
195041	1	39	6253	34	0.005437390052774668
195041	8	21	2731	0	0.0
195041	5	7	1533	75	0.04892367906066536
195041	6	31	16	9	0.5625
195041	1	38	2	2	1.0
195041	6	25	106	12	0.11320754716981132
195041	2	41	8546	442	0.05172010297215071
195041	5	48	4347	124	0.028525419829767657
195041	5	49	677	73	0.10782865583456426
195041	4	7	73	0	0.0
195041	1	10	869	34	0.039125431530494824
195041	6	30	22917	4310	0.18806999170921151
195041	1	3	1659	96	0.05786618444846293
195041	7	49	24	0	0.0
195041	8	34	709	0	0.0
195041	7	1	42	1	0.023809523809523808
195041	4	34	649	0	0.0
195041	4	20	630	0	0.0
195041	3	11	113	0	0.0
195041	3	39	549	0	0.0
195041	4	24	84	0	0.0
195041	5	3	39	2	0.05128205128205128
195041	3	15	4	0	0.0
195041	6	19	404	52	0.12871287128712872
195041	8	20	4666	1	0.0002143163309044149
195041	3	29	631	0	0.0
195041	4	30	908	0	0.0
195041	1	28	33	0	0.0
195041	8	18	30	0	0.0
195041	6	21	2802	421	0.1502498215560314
195041	2	51	6	5	0.8333333333333334
195041	8	24	727	0	0.0
195041	6	35	148	19	0.12837837837837837
195041	8	19	611	0	0.0
195041	2	5	172	81	0.47093023255813954
195041	2	44	434	9	0.020737327188940093
195041	8	31	1	0	0.0
195041	8	30	2099	0	0.0
195041	6	34	148	22	0.14864864864864866
195041	1	15	1	1	1.0
195041	2	45	1911	21	0.01098901098901099
195041	8	25	70	0	0.0
195041	6	20	4942	348	0.07041683528935654
195041	3	10	95	0	0.0
195041	4	3	2248	0	0.0
195041	7	48	147	1	0.006802721088435374
195041	4	31	17	0	0.0
195041	6	1	34	4	0.11764705882352941
195041	1	29	3384	0	0.0
195041	3	38	15	0	0.0
195041	8	33	699	0	0.0
195041	6	36	104	25	0.2403846153846154
195041	4	33	362	0	0.0
195041	6	3	70	13	0.18571428571428572
195041	4	27	758	0	0.0
195041	4	25	357	0	0.0
195041	8	27	60	0	0.0
195041	4	1	378	13	0.03439153439153439
195041	4	19	7859	0	0.0
195041	2	46	221	15	0.06787330316742081
195041	2	7	32	5	0.15625
195041	2	53	5	1	0.2
195041	3	7	251	0	0.0
195041	1	16	1	0	0.0
195041	6	22	12233	1952	0.1595683806098259
195041	4	26	36	0	0.0
195041	8	26	132	0	0.0
195041	1	5	79	18	0.22784810126582278
195041	4	6	156	16	0.10256410256410256
195041	6	37	7	5	0.7142857142857143
195041	4	32	1	0	0.0
195041	3	13	5	0	0.0
195041	2	47	6567	226	0.03441449672605452
195041	7	10	5	0	0.0
195041	6	23	213	46	0.215962441314554
195041	7	38	126	0	0.0
195041	3	48	1	0	0.0
195041	4	41	519	0	0.0
195041	8	41	10	0	0.0
195041	2	34	197	2	0.01015228426395939
195041	6	50	1224	53	0.04330065359477124
195041	5	15	837	45	0.053763440860215055
195041	6	44	28	8	0.2857142857142857
195041	5	29	9	0	0.0
195041	2	35	21	0	0.0
195041	5	28	1142	75	0.06567425569176882
195041	2	20	27	2	0.07407407407407407
195041	6	51	184	7	0.03804347826086957
195041	5	14	312	2	0.00641025641025641
195041	8	40	637	0	0.0
195041	8	54	130	0	0.0
195041	6	53	161	12	0.07453416149068323
195041	4	40	66	0	0.0
195041	4	42	14	0	0.0
195041	7	11	4	0	0.0
195041	7	39	19	0	0.0
195041	2	23	128	13	0.1015625
195041	2	36	92	6	0.06521739130434782
195041	5	16	1416	1	0.0007062146892655367
195041	6	52	1271	12	0.00944138473642801
195041	2	37	3003	9	0.002997002997002997
195041	2	22	1205	29	0.024066390041493777
195041	6	46	65	5	0.07692307692307693
195041	5	17	15	0	0.0
195041	2	21	12604	604	0.04792129482703904
195041	4	47	56	0	0.0
195041	2	6	131	25	0.19083969465648856
195041	4	43	66	0	0.0
195041	8	53	7	0	0.0
195041	7	16	335	0	0.0
195041	8	46	1	0	0.0
195041	2	26	6	0	0.0
195041	8	52	46	1	0.021739130434782608
195041	6	43	71	4	0.056338028169014086
195041	2	27	774	6	0.007751937984496124
195041	7	15	85	0	0.0
195041	4	46	3	0	0.0
195041	7	17	2	0	0.0
195041	6	41	185	0	0.0
195041	2	31	63	0	0.0
195041	2	25	548	7	0.012773722627737226
195041	2	33	234	9	0.038461538461538464
195041	4	44	7	0	0.0
195041	5	10	46	33	0.717391304347826
195041	2	24	28	0	0.0
195041	5	38	2599	69	0.02654867256637168
195041	7	29	71	0	0.0
195041	2	30	956	50	0.05230125523012552
195041	8	50	55	0	0.0
195041	5	39	10	0	0.0
195041	2	19	4069	162	0.03981322192184812
195041	8	51	4	0	0.0
195041	4	2	751	48	0.06391478029294274
195041	7	14	18	0	0.0
195041	6	40	1978	22	0.011122345803842264
196144	4	48	2	0	0.0
196144	7	25	14	0	0.0
196144	1	44	111	5	0.04504504504504504
196144	7	19	1579	0	0.0
196144	1	50	1	0	0.0
195041	7	28	856	0	0.0
196144	7	31	172	0	0.0
196144	2	9	7704	0	0.0
196144	2	8	58	0	0.0
196144	3	41	152	0	0.0
196144	8	48	481	0	0.0
195041	4	45	67	0	0.0
196144	5	34	486	23	0.047325102880658436
195041	6	54	10419	793	0.07611095114694308
196144	2	15	113	108	0.9557522123893806
196144	5	20	13947	378	0.02710260271026027
196144	5	21	195	0	0.0
196144	2	14	17	3	0.17647058823529413
196144	2	28	54	0	0.0
196144	7	24	774	0	0.0
196144	5	35	93	1	0.010752688172043012
196144	3	8	75	0	0.0
196144	8	49	36	0	0.0
196144	7	18	33	0	0.0
196144	1	51	54	53	0.9814814814814815
196144	1	8	48	0	0.0
196144	7	30	450	0	0.0
196144	1	45	1141	70	0.06134969325153374
196144	7	32	1058	0	0.0
196144	3	40	28	0	0.0
196144	2	29	21492	69	0.0032104969290898937
196144	1	47	653	51	0.0781010719754977
196144	7	26	631	0	0.0
196144	2	16	20	2	0.1
196144	5	37	49	32	0.6530612244897959
196144	7	33	450	0	0.0
196144	3	42	2	0	0.0
196144	7	27	4	0	0.0
196144	1	46	24	0	0.0
196144	3	43	81	0	0.0
196144	5	23	35	0	0.0
196144	7	37	25	0	0.0
196144	5	36	96	1	0.010416666666666666
196144	5	22	4702	112	0.023819651212250107
196144	4	9	10	0	0.0
196144	7	23	58	0	0.0
196144	2	13	573	1	0.0017452006980802793
196144	2	17	9	9	1.0
196144	5	32	439	1	0.002277904328018223
196144	1	42	157	6	0.03821656050955414
196144	4	8	136	0	0.0
196144	3	46	19	0	0.0
196144	5	33	287	7	0.024390243902439025
196144	5	27	2	0	0.0
196144	1	43	1326	86	0.06485671191553545
196144	7	22	2788	0	0.0
196144	2	12	762	0	0.0
196144	5	26	798	9	0.011278195488721804
196144	7	36	1799	0	0.0
196144	5	8	387	7	0.01808785529715762
196144	5	19	275	2	0.007272727272727273
196144	7	8	3017	0	0.0
196144	7	34	613	0	0.0
196144	1	41	1715	50	0.029154518950437316
196144	2	10	8217	0	0.0
196144	8	6	713	111	0.15568022440392706
196144	7	20	10240	0	0.0
196144	3	50	6	0	0.0
196144	5	25	3	0	0.0
196144	5	31	8	0	0.0
196144	3	44	20	0	0.0
196144	2	38	22	11	0.5
196144	5	30	4462	1	0.00022411474675033618
196144	6	48	12502	596	0.04767237242041274
196144	2	39	5729	0	0.0
196144	3	45	138	0	0.0
196144	2	11	3866	0	0.0
196144	6	9	9	0	0.0
196144	5	24	2271	9	0.003963011889035667
196144	1	40	4	0	0.0
196144	5	18	469	5	0.010660980810234541
196144	3	36	184	0	0.0
196144	6	49	660	20	0.030303030303030304
196144	7	52	91	0	0.0
196144	3	22	1396	0	0.0
196144	7	21	427	0	0.0
196144	7	35	140	0	0.0
196144	6	12	32	32	1.0
196144	1	33	552	11	0.019927536231884056
196144	8	17	4	0	0.0
196144	1	27	522	0	0.0
196144	1	32	126	0	0.0
196144	3	37	2045	0	0.0
196144	5	43	14	11	0.7857142857142857
196144	1	26	4	0	0.0
196144	4	16	28	0	0.0
196144	8	16	23	0	0.0
196144	7	53	14	0	0.0
196144	1	9	250	1	0.004
196144	7	51	17	0	0.0
196144	3	21	2128	0	0.0
196144	3	35	1234	0	0.0
196144	3	23	1967	0	0.0
196144	4	28	107	0	0.0
196144	1	30	23	0	0.0
196144	4	14	12	0	0.0
196144	3	9	4	0	0.0
196144	6	39	6	0	0.0
196144	1	24	83	0	0.0
196144	8	14	13	0	0.0
196144	8	28	2280	0	0.0
196144	1	18	1	1	1.0
196144	6	11	23	0	0.0
196144	5	54	707	41	0.05799151343705799
196144	8	29	1126	0	0.0
196144	2	48	63	0	0.0
196144	5	40	3763	5	0.0013287270794578793
196144	6	10	90	90	1.0
196144	1	25	1111	18	0.016201620162016202
196144	3	20	1054	0	0.0
196144	1	31	1582	2	0.0012642225031605564
196144	7	44	12	0	0.0
196144	4	29	3191	0	0.0
196144	6	38	928	8	0.008620689655172414
196144	4	15	2	0	0.0
196144	8	15	74	2	0.02702702702702703
196144	7	50	49	0	0.0
196144	7	40	238	0	0.0
196144	1	19	10785	149	0.013815484469170143
196144	3	34	571	0	0.0
196144	3	30	29	0	0.0
196144	4	11	54	0	0.0
196144	8	39	41	0	0.0
196144	3	24	233	0	0.0
196144	4	39	987	0	0.0
196144	6	28	695	25	0.03597122302158273
196144	1	35	84	2	0.023809523809523808
196144	5	51	99	14	0.1414141414141414
196144	5	45	32	24	0.75
196144	5	44	168	141	0.8392857142857143
196144	1	20	215	0	0.0
196144	6	29	1086	109	0.1003683241252302
196144	5	50	907	141	0.15545755237045203
196144	8	10	6	0	0.0
196144	1	34	448	4	0.008928571428571428
196144	6	14	6714	2	0.0002978850163836759
196144	1	21	4734	31	0.00654837346852556
196144	8	38	203	0	0.0
196144	6	15	6842	8	0.001169248757673195
196144	3	25	4029	0	0.0
196144	3	31	1716	0	0.0
196144	4	10	123	0	0.0
196144	4	38	3	0	0.0
196144	6	17	450	7	0.015555555555555555
196144	4	12	10	0	0.0
196144	7	43	11	0	0.0
196144	1	36	170	0	0.0
196144	3	33	342	0	0.0
196144	5	52	1656	180	0.10869565217391304
196144	3	27	799	0	0.0
196144	3	19	20391	2	9.808248737187975e-05
196144	1	22	594	4	0.006734006734006734
196144	5	46	1	1	1.0
196144	5	53	18	0	0.0
196144	1	37	15963	26	0.0016287665225834743
196144	1	23	132	0	0.0
196144	1	12	146	4	0.0273972602739726
196144	8	22	4455	0	0.0
196144	4	13	45	0	0.0
196144	3	26	41	0	0.0
196144	3	32	39	0	0.0
196144	6	16	4291	47	0.0109531577720811
196144	2	43	1270	0	0.0
196144	6	27	23	1	0.043478260869565216
196144	4	36	111	0	0.0
196144	2	42	428	2	0.004672897196261682
196144	6	7	363	22	0.06060606060606061
196144	6	26	322	9	0.027950310559006212
196144	4	22	3384	0	0.0
196144	8	36	31	0	0.0
196144	6	32	19	3	0.15789473684210525
196144	8	37	5	0	0.0
196144	1	13	268	0	0.0
196144	4	5	19	0	0.0
196144	6	33	132	3	0.022727272727272728
196144	2	3	512	0	0.0
196144	3	28	30	0	0.0
196144	3	16	2	0	0.0
196144	8	23	501	0	0.0
196144	4	37	752	0	0.0
196144	4	23	4049	0	0.0
196144	4	35	60	0	0.0
196144	3	14	1	0	0.0
196144	2	1	2318	156	0.06729939603106126
196144	4	21	5478	0	0.0
196144	8	35	85	0	0.0
196144	1	11	1212	0	0.0
196144	8	21	1155	0	0.0
196144	2	40	3	0	0.0
196144	6	5	3201	278	0.08684786004373633
196144	4	7	58	0	0.0
196144	5	49	350	28	0.08
196144	2	54	1	0	0.0
196144	6	24	2749	261	0.09494361586031284
196144	1	39	11530	9	0.0007805724197745013
196144	5	7	1668	24	0.014388489208633094
196144	6	31	4	1	0.25
196144	6	30	19195	2388	0.1244073977598333
196144	1	38	80	3	0.0375
196144	6	18	744	20	0.026881720430107527
196144	5	48	3787	181	0.04779508846052284
196144	6	25	11	0	0.0
196144	8	34	156	0	0.0
196144	1	10	1016	9	0.008858267716535433
196144	6	19	317	10	0.031545741324921134
196144	8	20	5071	0	0.0
196144	2	41	8841	4	0.00045243750706933604
196144	4	20	625	0	0.0
196144	4	34	780	0	0.0
196144	7	1	66	1	0.015151515151515152
196144	1	3	2144	20	0.009328358208955223
196144	7	49	23	0	0.0
196144	4	30	832	0	0.0
196144	4	24	1087	0	0.0
196144	1	14	2	2	1.0
196144	3	15	3	0	0.0
196144	8	18	13	0	0.0
196144	3	29	416	0	0.0
196144	6	21	492	29	0.05894308943089431
196144	3	11	72	0	0.0
196144	1	28	3	0	0.0
196144	3	39	1869	0	0.0
196144	6	35	98	5	0.05102040816326531
196144	8	24	5078	0	0.0
196144	5	3	60	1	0.016666666666666666
196144	2	45	1273	3	0.002356637863315004
196144	8	30	6893	0	0.0
196144	2	51	94	88	0.9361702127659575
196144	2	50	5	0	0.0
196144	8	25	46	0	0.0
196144	8	31	2	0	0.0
196144	6	34	278	6	0.02158273381294964
196144	2	5	115	93	0.808695652173913
196144	2	44	299	0	0.0
196144	3	10	164	0	0.0
196144	1	29	2206	0	0.0
196144	4	3	2196	0	0.0
196144	1	15	27	22	0.8148148148148148
196144	8	19	1294	0	0.0
196144	4	31	20	0	0.0
196144	4	19	4983	0	0.0
196144	3	38	41	0	0.0
196144	6	20	4162	108	0.025949062950504566
196144	4	25	786	0	0.0
196144	7	48	39	0	0.0
196144	6	1	87	78	0.896551724137931
196144	6	3	43	0	0.0
196144	3	12	44	0	0.0
196144	4	27	2199	0	0.0
196144	6	36	99	1	0.010101010101010102
196144	2	46	104	0	0.0
196144	4	33	237	0	0.0
196144	1	17	4	4	1.0
196144	4	1	376	1	0.0026595744680851063
196144	8	33	269	0	0.0
196144	8	27	104	0	0.0
196144	2	7	15	0	0.0
196144	3	7	138	0	0.0
196144	6	22	6652	452	0.06794948887552615
196144	2	53	35	0	0.0
196144	8	32	1	0	0.0
196144	2	47	5240	7	0.0013358778625954199
196144	7	10	5	0	0.0
196144	8	26	1017	0	0.0
196144	4	6	61	1	0.01639344262295082
196144	3	13	11	0	0.0
196144	6	37	26	25	0.9615384615384616
196144	1	5	85	64	0.7529411764705882
196144	6	23	104	5	0.04807692307692308
196144	7	38	745	0	0.0
196144	6	50	899	12	0.013348164627363738
196144	2	20	19	0	0.0
196144	4	26	30	0	0.0
196144	2	34	276	0	0.0
196144	5	15	1879	50	0.026609898882384245
196144	4	41	847	0	0.0
196144	6	44	62	57	0.9193548387096774
196144	5	29	19	0	0.0
196144	7	39	17	0	0.0
196144	5	28	410	2	0.004878048780487805
196144	2	21	12134	3	0.00024723916268336906
196144	4	40	25	0	0.0
196144	5	16	2074	0	0.0
196144	2	23	616	0	0.0
196144	6	53	51	1	0.0196078431372549
196144	2	37	2327	1	0.0004297378599054577
196144	8	40	742	0	0.0
196144	6	51	377	7	0.01856763925729443
196144	2	35	67	0	0.0
196144	5	14	1250	4	0.0032
196144	4	42	159	0	0.0
196144	6	45	1	0	0.0
196144	8	54	1	0	0.0
196144	2	36	73	0	0.0
196144	2	22	1017	0	0.0
196144	8	53	1	0	0.0
196144	6	46	11	0	0.0
196144	2	6	193	147	0.7616580310880829
196144	5	17	128	9	0.0703125
196144	7	12	1	0	0.0
196144	5	12	33	27	0.8181818181818182
196144	6	43	20	0	0.0
196144	4	47	64	0	0.0
196144	7	16	89	0	0.0
196144	2	33	429	0	0.0
196144	4	43	45	0	0.0
196144	2	27	1313	0	0.0
196144	6	52	1925	4	0.002077922077922078
196144	2	32	24	0	0.0
196144	8	52	2	0	0.0
196144	7	29	75	0	0.0
196144	7	17	19	0	0.0
196144	7	15	263	0	0.0
196144	4	46	9	0	0.0
196144	5	38	2922	16	0.0054757015742642025
196144	6	41	167	0	0.0
196144	8	50	2	0	0.0
196144	2	31	126	0	0.0
196144	5	10	88	51	0.5795454545454546
196144	4	44	35	0	0.0
196144	2	18	5	5	1.0
196144	2	25	461	0	0.0
196144	5	39	1	0	0.0
196144	2	30	606	0	0.0
196144	2	24	321	0	0.0
196144	2	19	3495	0	0.0
196144	4	2	947	0	0.0
196144	8	51	12	0	0.0
196144	7	14	41	0	0.0
196144	7	28	358	0	0.0
196144	4	45	33	0	0.0
197348	2	8	212	2	0.009433962264150943
196144	6	40	3170	14	0.004416403785488959
196144	6	54	4680	74	0.01581196581196581
197348	1	44	315	29	0.09206349206349207
197348	4	48	20	0	0.0
197348	2	9	2275	6	0.0026373626373626374
197348	7	25	158	0	0.0
197348	3	41	118	0	0.0
197348	7	31	612	0	0.0
197348	7	19	2504	0	0.0
197348	8	48	631	0	0.0
197348	5	35	81	0	0.0
197348	8	49	21	0	0.0
197348	1	51	15	15	1.0
197348	2	15	23	19	0.8260869565217391
197348	2	28	279	1	0.0035842293906810036
197348	2	14	22	3	0.13636363636363635
197348	7	24	1258	0	0.0
197348	4	49	1	0	0.0
197348	5	21	898	0	0.0
197348	3	40	42	0	0.0
197348	5	20	15213	112	0.0073621244987839346
197348	5	34	94	3	0.031914893617021274
197348	7	30	178	0	0.0
197348	7	18	30	0	0.0
197348	2	29	13967	3082	0.22066299133672226
197348	3	8	136	0	0.0
197348	1	45	2739	102	0.03723986856516977
197348	1	8	124	1	0.008064516129032258
197348	7	32	130	0	0.0
197348	3	42	73	0	0.0
197348	5	23	171	0	0.0
197348	7	37	15	0	0.0
197348	1	47	269	4	0.01486988847583643
197348	2	16	97	9	0.09278350515463918
197348	5	36	37	0	0.0
197348	7	26	341	0	0.0
197348	3	43	27	0	0.0
197348	7	33	727	0	0.0
197348	1	46	41	0	0.0
197348	7	27	77	0	0.0
197348	5	22	780	2	0.002564102564102564
197348	2	17	1	1	1.0
197348	4	8	306	0	0.0
197348	7	23	563	0	0.0
197348	3	53	2	0	0.0
197348	7	8	2639	0	0.0
197348	5	32	13	0	0.0
197348	2	12	119	1	0.008403361344537815
197348	8	6	973	141	0.144912641315519
197348	4	9	6	0	0.0
197348	3	46	35	0	0.0
197348	5	27	18	0	0.0
197348	1	43	574	31	0.05400696864111498
197348	2	13	233	1	0.004291845493562232
197348	5	26	457	1	0.002188183807439825
197348	5	33	319	0	0.0
197348	7	36	829	1	0.0012062726176115801
197348	1	42	917	25	0.027262813522355506
197348	7	22	1854	0	0.0
197348	5	8	272	7	0.025735294117647058
197348	3	44	131	0	0.0
197348	7	34	322	0	0.0
197348	5	19	572	1	0.0017482517482517483
197348	3	50	20	0	0.0
197348	5	31	3	0	0.0
197348	7	20	15850	1	6.309148264984228e-05
197348	5	18	475	7	0.014736842105263158
197348	2	38	3	3	1.0
197348	2	11	1167	15	0.012853470437017995
197348	2	39	5316	5	0.0009405568096313017
197348	5	24	167	0	0.0
197348	1	41	1318	16	0.012139605462822459
197348	5	30	1494	2	0.0013386880856760374
197348	5	25	19	0	0.0
197348	2	10	5278	12	0.0022735884804850324
197348	7	35	159	0	0.0
197348	6	49	1450	53	0.036551724137931035
197348	1	40	40	0	0.0
197348	3	51	2	0	0.0
197348	3	45	622	0	0.0
197348	6	48	11921	931	0.07809747504403992
197348	7	21	712	0	0.0
197348	6	9	4	0	0.0
197348	7	52	45	4	0.08888888888888889
197348	8	17	2	0	0.0
197348	1	27	141	0	0.0
197348	3	36	117	0	0.0
197348	3	22	532	0	0.0
197348	3	37	403	0	0.0
197348	8	16	68	0	0.0
197348	3	23	731	0	0.0
197348	5	43	2	2	1.0
197348	1	32	2	0	0.0
197348	3	35	367	0	0.0
197348	7	51	85	1	0.011764705882352941
197348	1	33	336	2	0.005952380952380952
197348	1	26	37	0	0.0
197348	1	9	27	0	0.0
197348	7	45	2	2	1.0
197348	4	16	46	0	0.0
197348	7	53	5	0	0.0
197348	3	21	1834	0	0.0
197348	6	11	3	0	0.0
197348	1	30	30	0	0.0
197348	8	28	1342	0	0.0
197348	4	14	10	0	0.0
197348	6	10	26	19	0.7307692307692307
197348	1	19	8029	31	0.003861003861003861
197348	5	40	1766	0	0.0
197348	6	39	191	12	0.06282722513089005
197348	3	9	1	0	0.0
197348	8	14	34	0	0.0
197348	2	48	6	0	0.0
197348	1	24	441	0	0.0
197348	4	28	408	0	0.0
197348	5	54	81	3	0.037037037037037035
197348	8	29	587	0	0.0
197348	8	15	120	0	0.0
197348	4	15	15	0	0.0
197348	1	25	629	1	0.001589825119236884
197348	7	40	156	0	0.0
197348	1	31	384	0	0.0
197348	3	30	35	0	0.0
197348	3	18	1	0	0.0
197348	7	50	78	2	0.02564102564102564
197348	3	34	445	0	0.0
197348	6	38	1703	6	0.0035231943628890195
197348	3	20	2654	0	0.0
197348	3	24	217	0	0.0
197348	4	11	18	0	0.0
197348	4	29	2994	0	0.0
197348	4	39	875	0	0.0
197348	6	14	4605	10	0.002171552660152009
197348	8	11	6	0	0.0
197348	6	28	296	8	0.02702702702702703
197348	8	39	115	0	0.0
197348	5	44	132	132	1.0
197348	5	51	282	41	0.1453900709219858
197348	1	35	34	0	0.0
197348	8	38	117	0	0.0
197348	1	21	1126	0	0.0
197348	6	29	1331	171	0.1284748309541698
197348	8	10	55	0	0.0
197348	5	45	11	11	1.0
197348	3	25	1193	0	0.0
197348	7	43	1	0	0.0
197348	1	20	852	2	0.002347417840375587
197348	1	34	360	2	0.005555555555555556
197348	4	10	306	0	0.0
197348	4	38	5	0	0.0
197348	5	50	1398	187	0.13376251788268956
197348	6	15	4858	11	0.0022643062988884316
197348	3	31	685	0	0.0
197348	3	19	18172	0	0.0
197348	4	12	12	0	0.0
197348	3	27	271	0	0.0
197348	1	22	1181	0	0.0
197348	3	33	708	0	0.0
197348	6	17	444	4	0.009009009009009009
197348	1	36	73	0	0.0
197348	3	32	38	0	0.0
197348	8	12	2	0	0.0
197348	1	37	8641	3	0.0003471820391158431
197348	3	26	41	0	0.0
197348	1	23	67	1	0.014925373134328358
197348	4	13	8	0	0.0
197348	5	52	3796	520	0.136986301369863
197348	5	53	23	4	0.17391304347826086
197348	4	22	2747	0	0.0
197348	4	36	94	0	0.0
197348	8	36	69	0	0.0
197348	8	22	1475	0	0.0
197348	6	16	4614	58	0.012570437798006068
197348	1	12	67	0	0.0
197348	8	37	15	0	0.0
197348	6	33	785	82	0.10445859872611465
197348	6	27	374	15	0.040106951871657755
197348	6	26	187	0	0.0
197348	6	7	421	41	0.09738717339667459
197348	6	32	4	1	0.25
197348	2	43	988	8	0.008097165991902834
197348	8	23	525	0	0.0
197348	1	13	150	0	0.0
197348	4	37	206	0	0.0
197348	2	42	749	26	0.03471295060080107
197348	4	5	94	0	0.0
197348	4	23	897	0	0.0
197348	3	28	38	0	0.0
197348	3	16	10	0	0.0
197348	8	35	120	0	0.0
197348	2	1	2254	127	0.05634427684117125
197348	1	11	330	1	0.0030303030303030303
197348	2	3	768	3	0.00390625
197348	3	14	2	0	0.0
197348	4	21	3189	0	0.0
197348	6	5	2802	698	0.2491077801570307
197348	4	35	44	0	0.0
197348	6	24	994	130	0.13078470824949698
197348	2	40	79	0	0.0
197348	5	49	721	81	0.11234396671289876
197348	1	38	1	0	0.0
197348	6	18	2456	65	0.026465798045602607
197348	4	7	248	0	0.0
197348	6	25	258	8	0.031007751937984496
197348	1	39	7342	0	0.0
197348	5	7	2284	14	0.006129597197898424
197348	8	21	2971	0	0.0
197348	5	48	1777	70	0.03939223410241981
197348	8	20	4703	0	0.0
197348	1	10	1276	6	0.004702194357366771
197348	2	41	13323	1342	0.1007280642497936
197348	6	30	19634	2870	0.14617500254660284
197348	1	3	1733	6	0.003462204270051933
197348	3	15	8	0	0.0
197348	3	29	99	0	0.0
197348	6	19	995	46	0.04623115577889447
197348	4	34	673	0	0.0
197348	4	30	589	0	0.0
197348	8	34	130	0	0.0
197348	4	24	1079	0	0.0
197348	3	39	367	0	0.0
197348	7	1	87	2	0.022988505747126436
197348	7	49	7	0	0.0
197348	4	20	2300	0	0.0
197348	5	3	91	0	0.0
197348	6	21	4841	514	0.1061764098326792
197348	3	11	30	0	0.0
197348	6	35	208	17	0.08173076923076923
197348	8	30	1607	0	0.0
197348	8	18	30	0	0.0
197348	1	28	99	0	0.0
197348	8	31	2	0	0.0
197348	2	44	404	18	0.04455445544554455
197348	1	15	2	1	0.5
197348	2	51	62	51	0.8225806451612904
197348	8	24	2838	0	0.0
197348	2	45	3371	25	0.007416196974191634
197348	6	34	176	19	0.10795454545454546
197348	3	10	480	0	0.0
197348	8	19	2646	0	0.0
197348	2	5	120	66	0.55
197348	6	20	3476	67	0.019275028768699656
197348	2	50	17	3	0.17647058823529413
197348	1	29	511	0	0.0
197348	8	25	230	0	0.0
197348	4	19	5629	0	0.0
197348	4	3	3564	0	0.0
197348	3	38	19	0	0.0
197348	4	31	4	0	0.0
197348	4	25	878	0	0.0
197348	2	46	132	8	0.06060606060606061
197348	4	1	320	1	0.003125
197348	1	17	2	2	1.0
197348	8	27	250	0	0.0
197348	7	48	39	0	0.0
197348	3	12	49	0	0.0
197348	4	33	255	0	0.0
197348	6	1	190	78	0.4105263157894737
197348	4	27	2668	0	0.0
197348	6	3	61	1	0.01639344262295082
197348	6	36	121	15	0.12396694214876033
197348	8	33	599	0	0.0
197348	6	22	5100	926	0.1815686274509804
197348	2	7	93	2	0.021505376344086023
197348	3	7	329	0	0.0
197348	2	53	11	2	0.18181818181818182
197348	6	23	558	73	0.13082437275985664
197348	4	6	276	29	0.10507246376811594
197348	1	5	92	42	0.45652173913043476
197348	4	26	92	0	0.0
197348	8	26	460	0	0.0
197348	1	16	1	0	0.0
197348	8	32	4	0	0.0
197348	3	13	18	0	0.0
197348	6	37	8	0	0.0
197348	4	41	441	0	0.0
197348	7	38	250	1	0.004
197348	2	47	7594	141	0.018567289965762443
197348	7	10	35	0	0.0
197348	6	44	128	92	0.71875
197348	5	29	25	0	0.0
197348	2	20	342	0	0.0
197348	5	15	446	26	0.05829596412556054
197348	2	34	697	4	0.005738880918220947
197348	8	41	33	0	0.0
197348	6	50	1221	20	0.01638001638001638
197348	2	21	6506	171	0.026283430679372888
197348	5	14	275	0	0.0
197348	5	28	68	0	0.0
197348	2	35	47	1	0.02127659574468085
197348	8	54	1	0	0.0
197348	6	51	659	31	0.04704097116843703
197348	8	40	248	0	0.0
197348	2	23	463	17	0.0367170626349892
197348	5	16	852	1	0.0011737089201877935
197348	7	11	3	0	0.0
197348	6	53	58	3	0.05172413793103448
197348	7	39	53	0	0.0
197348	4	40	78	0	0.0
197348	2	36	122	1	0.00819672131147541
197348	4	43	14	0	0.0
197348	2	22	1515	11	0.007260726072607261
197348	6	52	5097	87	0.017068864037669218
197348	2	37	808	0	0.0
197348	4	42	15	0	0.0
197348	5	17	52	3	0.057692307692307696
197348	7	13	1	0	0.0
197348	6	46	12	2	0.16666666666666666
197348	7	12	3	0	0.0
197348	4	47	33	0	0.0
197348	2	6	483	189	0.391304347826087
197348	8	9	2	0	0.0
197348	7	16	63	0	0.0
197348	8	53	2	0	0.0
197348	2	26	29	0	0.0
197348	2	33	246	0	0.0
197348	2	27	1555	10	0.006430868167202572
197348	8	52	3	0	0.0
197348	4	46	16	0	0.0
197348	4	44	18	0	0.0
197348	7	17	9	0	0.0
197348	2	18	12	2	0.16666666666666666
197348	4	50	3	0	0.0
197348	7	15	159	0	0.0
197348	5	10	7	7	1.0
197348	2	25	361	3	0.008310249307479225
197348	2	31	21	0	0.0
197348	6	43	95	0	0.0
197348	5	11	1	1	1.0
197348	6	41	82	0	0.0
197348	7	29	28	0	0.0
197348	8	50	4	0	0.0
197348	2	19	3115	23	0.007383627608346709
197348	5	38	2894	37	0.012785072563925363
197348	5	39	34	0	0.0
197348	2	24	598	3	0.005016722408026756
197348	2	30	458	21	0.04585152838427948
197348	8	51	1	0	0.0
197348	4	2	1688	8	0.004739336492890996
198653	7	25	3	0	0.0
197348	6	40	1307	1	0.0007651109410864575
197348	4	45	94	0	0.0
198653	7	19	2672	0	0.0
198653	7	31	12	0	0.0
198653	1	50	1	0	0.0
198653	2	9	1404	15	0.010683760683760684
197348	7	28	213	0	0.0
198653	1	44	161	26	0.16149068322981366
197348	7	14	31	0	0.0
198653	8	48	521	0	0.0
198653	2	8	32	4	0.125
198653	3	41	26	0	0.0
197348	6	54	6156	233	0.03784925276153346
198653	5	34	56	3	0.05357142857142857
198653	2	14	8	7	0.875
198653	5	20	12125	563	0.04643298969072165
198653	2	15	25	25	1.0
198653	1	51	52	52	1.0
198653	7	18	13	0	0.0
198653	3	40	42	0	0.0
198653	5	35	144	9	0.0625
198653	7	32	49	0	0.0
198653	3	8	190	0	0.0
198653	7	30	595	0	0.0
198653	1	8	83	10	0.12048192771084337
198653	7	24	377	3	0.007957559681697613
198653	2	29	15888	3271	0.20587865055387713
198653	2	28	2	0	0.0
198653	5	21	871	32	0.03673938002296211
198653	8	49	17	1	0.058823529411764705
198653	7	26	67	0	0.0
198653	3	42	7	0	0.0
198653	1	45	1345	82	0.060966542750929366
198653	2	16	62	13	0.20967741935483872
198653	5	37	11	10	0.9090909090909091
198653	1	46	114	7	0.06140350877192982
198653	1	42	269	11	0.040892193308550186
198653	5	36	108	8	0.07407407407407407
198653	3	43	23	1	0.043478260869565216
198653	1	47	24	0	0.0
198653	4	9	17	0	0.0
198653	5	23	20	0	0.0
198653	5	22	1655	66	0.03987915407854985
198653	7	33	363	0	0.0
198653	7	37	1	0	0.0
198653	4	8	174	0	0.0
198653	7	23	37	0	0.0
198653	7	27	2	0	0.0
198653	2	13	235	12	0.05106382978723404
198653	5	32	55	2	0.03636363636363636
198653	2	12	219	2	0.0091324200913242
198653	3	46	20	2	0.1
198653	7	8	3817	3	0.0007859575582918522
198653	3	44	7	0	0.0
198653	7	22	467	3	0.006423982869379015
198653	5	27	1	0	0.0
198653	1	43	885	61	0.06892655367231638
198653	8	6	1322	147	0.11119515885022693
198653	5	8	337	62	0.18397626112759644
198653	5	26	300	7	0.023333333333333334
198653	7	34	42	0	0.0
198653	7	36	966	0	0.0
198653	7	20	4946	1	0.0002021835826930853
198653	5	33	704	43	0.061079545454545456
198653	3	50	1	0	0.0
198653	5	24	686	17	0.02478134110787172
198653	2	10	2816	9	0.0031960227272727275
198653	5	31	1	0	0.0
198653	2	38	4	3	0.75
198653	3	51	3	3	1.0
198653	1	41	1993	74	0.03712995484194681
198653	1	40	17	3	0.17647058823529413
198653	5	18	472	0	0.0
198653	5	30	1755	3	0.0017094017094017094
198653	2	11	925	38	0.04108108108108108
198653	5	19	1059	17	0.016052880075542966
198653	6	9	10	4	0.4
198653	7	35	70	0	0.0
198653	6	49	1430	28	0.019580419580419582
198653	3	45	32	1	0.03125
198653	8	16	94	0	0.0
198653	3	36	94	0	0.0
198653	2	39	2605	13	0.0049904030710172746
198653	4	16	8	0	0.0
198653	8	17	13	0	0.0
198653	7	52	13	6	0.46153846153846156
198653	3	22	1365	0	0.0
198653	1	27	286	6	0.02097902097902098
198653	7	21	590	0	0.0
198653	1	33	223	26	0.11659192825112108
198653	1	26	3	0	0.0
198653	6	48	10203	655	0.0641968048613153
198653	3	23	716	0	0.0
198653	1	9	125	0	0.0
198653	3	37	58	0	0.0
198653	6	11	26	4	0.15384615384615385
198653	4	28	24	0	0.0
198653	1	24	53	2	0.03773584905660377
198653	5	54	61	0	0.0
198653	3	35	1082	0	0.0
198653	1	30	10	0	0.0
198653	7	53	2	0	0.0
198653	3	21	323	0	0.0
198653	8	28	960	0	0.0
198653	8	14	28	0	0.0
198653	3	9	5	0	0.0
198653	6	39	12	4	0.3333333333333333
198653	7	51	11	2	0.18181818181818182
198653	1	25	1789	109	0.06092789267747345
198653	8	15	120	1	0.008333333333333333
198653	1	31	281	1	0.0035587188612099642
198653	3	20	3889	0	0.0
198653	5	40	1412	0	0.0
198653	8	29	82	0	0.0
198653	6	38	1079	12	0.011121408711770158
198653	4	15	1	0	0.0
198653	6	10	38	38	1.0
198653	7	44	5	5	1.0
198653	4	11	49	0	0.0
198653	7	40	27	0	0.0
198653	7	50	14	4	0.2857142857142857
198653	3	34	338	0	0.0
198653	4	39	972	0	0.0
198653	4	29	741	0	0.0
198653	1	19	11368	672	0.059113300492610835
198653	3	30	11	0	0.0
198653	1	35	129	6	0.046511627906976744
198653	8	39	16	0	0.0
198653	8	11	2	0	0.0
198653	6	14	1797	2	0.0011129660545353367
198653	3	24	432	0	0.0
198653	6	28	448	62	0.13839285714285715
198653	5	44	80	77	0.9625
198653	1	20	666	27	0.04054054054054054
198653	8	10	2	0	0.0
198653	5	51	162	22	0.13580246913580246
198653	5	50	291	19	0.06529209621993128
198653	1	21	3553	152	0.0427807486631016
198653	6	29	480	48	0.1
198653	1	34	394	33	0.08375634517766498
198653	8	38	82	0	0.0
198653	4	38	2	0	0.0
198653	6	15	2288	14	0.006118881118881119
198653	4	10	97	0	0.0
198653	3	25	961	0	0.0
198653	3	27	237	0	0.0
198653	3	31	279	0	0.0
198653	3	33	45	0	0.0
198653	1	36	62	5	0.08064516129032258
198653	5	53	31	7	0.22580645161290322
198653	6	17	95	2	0.021052631578947368
198653	1	22	637	44	0.06907378335949764
198653	4	12	12	0	0.0
198653	3	19	7200	10	0.001388888888888889
198653	1	23	580	22	0.03793103448275862
198653	1	37	4656	22	0.004725085910652921
198653	1	12	25	0	0.0
198653	3	26	65	0	0.0
198653	3	32	3	0	0.0
198653	5	52	2588	227	0.08771251931993818
198653	6	16	1774	46	0.02593010146561443
198653	8	36	47	0	0.0
198653	6	33	608	138	0.22697368421052633
198653	4	13	16	0	0.0
198653	8	22	1766	0	0.0
198653	4	36	117	0	0.0
198653	4	22	3540	0	0.0
198653	6	27	23	0	0.0
198653	6	26	371	10	0.026954177897574125
198653	6	32	2	0	0.0
198653	8	23	308	0	0.0
198653	1	13	169	0	0.0
198653	2	3	110	13	0.11818181818181818
198653	3	28	48	0	0.0
198653	4	23	2509	0	0.0
198653	2	43	983	16	0.01627670396744659
198653	4	37	98	0	0.0
198653	1	11	375	0	0.0
198653	2	1	1696	203	0.11969339622641509
198653	4	21	1937	0	0.0
198653	4	5	89	1	0.011235955056179775
198653	4	35	76	0	0.0
198653	6	7	258	74	0.2868217054263566
198653	2	42	439	15	0.03416856492027335
198653	6	18	889	55	0.06186726659167604
198653	6	5	2332	504	0.21612349914236706
198653	4	7	178	0	0.0
198653	1	39	4762	14	0.0029399412011759767
198653	8	35	88	0	0.0
198653	5	7	1402	82	0.05848787446504993
198653	8	21	2316	0	0.0
198653	6	24	3795	565	0.14888010540184454
198653	1	10	434	11	0.02534562211981567
198653	1	38	7	1	0.14285714285714285
198653	2	41	12581	2059	0.16365948652730308
198653	6	25	16	1	0.0625
198653	4	34	821	0	0.0
198653	8	34	39	0	0.0
198653	5	48	2844	171	0.060126582278481014
198653	5	49	869	62	0.0713463751438435
198653	2	40	6	0	0.0
198653	6	30	16222	2177	0.1342004684995685
198653	6	19	711	67	0.09423347398030943
198653	3	29	363	0	0.0
198653	4	20	944	0	0.0
198653	3	15	7	2	0.2857142857142857
198653	7	1	104	21	0.20192307692307693
198653	1	3	2064	97	0.04699612403100775
198653	8	20	6887	1	0.0001452011035283868
198653	4	24	448	0	0.0
198653	7	49	9	3	0.3333333333333333
198653	4	30	167	0	0.0
198653	8	18	70	0	0.0
198653	3	39	133	0	0.0
198653	3	11	21	0	0.0
198653	1	28	10	1	0.1
198653	6	35	140	22	0.15714285714285714
198653	2	50	5	0	0.0
198653	5	3	235	24	0.10212765957446808
198653	8	25	27	0	0.0
198653	2	44	568	36	0.06338028169014084
198653	2	51	3	1	0.3333333333333333
198653	8	24	2402	0	0.0
198653	6	21	2534	212	0.08366219415943173
198653	8	30	1170	0	0.0
198653	2	45	3160	13	0.004113924050632912
198653	2	5	130	118	0.9076923076923077
198653	1	15	11	11	1.0
198653	6	34	84	22	0.2619047619047619
198653	8	19	1582	0	0.0
198653	6	20	7434	488	0.06564433683077751
198653	4	25	1170	0	0.0
198653	1	29	563	0	0.0
198653	4	1	377	23	0.0610079575596817
198653	6	1	144	119	0.8263888888888888
198653	6	36	57	4	0.07017543859649122
198653	3	12	1	0	0.0
198653	7	48	64	2	0.03125
198653	4	3	3985	0	0.0
198653	4	33	102	0	0.0
198653	4	27	1046	0	0.0
198653	6	3	84	23	0.27380952380952384
198653	3	38	17	0	0.0
198653	3	10	19	0	0.0
198653	4	31	7	0	0.0
198653	4	19	6440	0	0.0
198653	8	27	37	0	0.0
198653	3	7	104	0	0.0
198653	2	46	122	7	0.05737704918032787
198653	2	53	3	0	0.0
198653	8	32	4	0	0.0
198653	2	7	12	6	0.5
198653	8	33	789	0	0.0
198653	8	26	287	0	0.0
198653	1	5	216	137	0.6342592592592593
198653	4	26	9	0	0.0
198653	6	23	385	18	0.046753246753246755
198653	6	37	2	2	1.0
198653	3	13	2	0	0.0
198653	4	6	164	19	0.11585365853658537
198653	6	22	9963	1994	0.20014051992371776
198653	7	10	2	0	0.0
198653	7	38	221	1	0.004524886877828055
198653	2	47	6354	27	0.00424929178470255
198653	2	20	52	0	0.0
198653	5	15	564	28	0.04964539007092199
198653	5	14	147	0	0.0
198653	5	28	107	0	0.0
198653	2	34	87	8	0.09195402298850575
198653	6	50	368	5	0.01358695652173913
198653	2	35	29	1	0.034482758620689655
198653	4	41	304	0	0.0
198653	5	29	2	0	0.0
198653	4	40	43	0	0.0
198653	8	54	1	0	0.0
198653	8	40	602	0	0.0
198653	6	51	269	0	0.0
198653	6	44	1	1	1.0
198653	7	39	9	0	0.0
198653	4	42	1	0	0.0
198653	2	21	8831	1858	0.21039519873174045
198653	5	16	825	2	0.0024242424242424242
198653	2	23	2108	191	0.09060721062618596
198653	6	53	11	0	0.0
198653	2	36	58	6	0.10344827586206896
198653	2	22	1196	47	0.039297658862876256
198653	5	17	15	0	0.0
198653	6	46	3	0	0.0
198653	4	47	1	0	0.0
198653	2	37	1078	1	0.0009276437847866419
198653	7	17	2	0	0.0
198653	6	52	4105	10	0.00243605359317905
198653	4	43	16	0	0.0
198653	7	15	51	5	0.09803921568627451
198653	2	6	204	164	0.803921568627451
198653	4	46	2	0	0.0
198653	8	52	1	0	0.0
198653	7	29	474	0	0.0
198653	8	53	1	0	0.0
198653	2	27	1108	35	0.0315884476534296
198653	7	16	19	0	0.0
198653	2	33	163	19	0.1165644171779141
198653	6	43	3	0	0.0
198653	8	50	5	0	0.0
198653	5	10	19	17	0.8947368421052632
198653	4	44	6	0	0.0
198653	2	25	661	3	0.0045385779122541605
198653	2	24	147	3	0.02040816326530612
198653	2	31	6	0	0.0
198653	5	38	1857	9	0.004846526655896607
198653	2	19	2685	16	0.0059590316573556795
198653	8	51	3	1	0.3333333333333333
199655	7	25	2	0	0.0
198653	7	28	34	0	0.0
198653	7	14	9	0	0.0
198653	5	39	1	0	0.0
199655	3	41	30	0	0.0
198653	6	40	1160	15	0.01293103448275862
198653	4	2	728	153	0.21016483516483517
198653	2	30	204	18	0.08823529411764706
199655	2	8	10	0	0.0
198653	4	45	3	0	0.0
199655	1	50	1	0	0.0
199655	2	9	4278	1	0.0002337540906965872
199655	7	31	257	0	0.0
198653	6	54	6701	23	0.003432323533800925
199655	7	19	2021	0	0.0
199655	1	44	360	45	0.125
199655	8	48	210	0	0.0
199655	7	18	6	0	0.0
199655	3	40	4	0	0.0
199655	2	29	10425	1220	0.1170263788968825
199655	1	8	6	0	0.0
199655	5	35	40	0	0.0
199655	5	20	11371	539	0.04740128396798874
199655	8	49	27	0	0.0
199655	5	21	107	1	0.009345794392523364
199655	5	34	57	6	0.10526315789473684
199655	2	28	2	0	0.0
199655	4	49	1	0	0.0
199655	7	30	345	0	0.0
199655	7	32	99	0	0.0
199655	7	24	217	0	0.0
199655	3	8	20	0	0.0
199655	1	45	1468	94	0.06403269754768393
199655	3	42	1	0	0.0
199655	7	26	42	0	0.0
199655	5	37	8	0	0.0
199655	1	47	11	0	0.0
199655	3	43	2	0	0.0
199655	5	23	10	0	0.0
199655	2	16	13	0	0.0
199655	5	36	62	2	0.03225806451612903
199655	1	46	49	3	0.061224489795918366
199655	7	23	13	0	0.0
199655	5	22	870	1	0.0011494252873563218
199655	7	37	35	0	0.0
199655	5	26	1630	62	0.03803680981595092
199655	1	42	175	9	0.05142857142857143
199655	5	33	55	1	0.01818181818181818
199655	4	8	27	0	0.0
199655	7	33	219	0	0.0
199655	4	9	9	0	0.0
199655	5	32	28	0	0.0
199655	2	12	501	0	0.0
199655	2	13	455	3	0.006593406593406593
199655	1	43	201	14	0.06965174129353234
199655	3	46	2	0	0.0
199655	7	34	165	0	0.0
199655	5	8	309	5	0.016181229773462782
199655	7	22	419	0	0.0
199655	7	36	908	0	0.0
199655	8	6	635	39	0.06141732283464567
199655	7	8	2522	0	0.0
199655	3	50	3	0	0.0
199655	2	10	5101	0	0.0
199655	1	41	1100	13	0.011818181818181818
199655	5	31	38	0	0.0
199655	7	20	7191	6	0.0008343763037129745
199655	5	19	118	0	0.0
199655	3	44	10	0	0.0
199655	2	11	1387	7	0.005046863734679163
199655	5	24	485	10	0.020618556701030927
199655	5	30	2200	1	0.00045454545454545455
199655	5	18	516	1	0.001937984496124031
199655	2	39	6744	4	0.0005931198102016608
199655	3	45	25	0	0.0
199655	3	51	2	0	0.0
199655	6	49	2027	48	0.023680315737543166
199655	7	35	310	0	0.0
199655	1	27	229	7	0.03056768558951965
199655	1	33	142	5	0.035211267605633804
199655	7	21	245	0	0.0
199655	3	22	330	0	0.0
199655	3	36	97	0	0.0
199655	7	51	5	0	0.0
199655	7	52	8	0	0.0
199655	6	48	12626	211	0.016711547600190085
199655	8	17	16	0	0.0
199655	3	23	406	0	0.0
199655	8	16	34	0	0.0
199655	1	9	76	0	0.0
199655	1	32	5	0	0.0
199655	3	37	488	1	0.0020491803278688526
199655	4	16	21	0	0.0
199655	1	30	9	0	0.0
199655	3	35	644	0	0.0
199655	4	28	5	0	0.0
199655	8	14	45	0	0.0
199655	4	14	1	0	0.0
199655	6	39	1	0	0.0
199655	1	24	14	0	0.0
199655	3	9	8	0	0.0
199655	6	11	4	0	0.0
199655	3	21	645	0	0.0
199655	5	40	1515	4	0.0026402640264026403
199655	5	54	16	0	0.0
199655	8	28	395	0	0.0
199655	8	15	106	0	0.0
199655	6	38	1206	2	0.001658374792703151
199655	1	31	970	1	0.0010309278350515464
199655	1	25	1214	37	0.030477759472817133
199655	8	29	239	0	0.0
199655	7	50	4	0	0.0
199655	4	29	3675	0	0.0
199655	7	40	26	0	0.0
199655	3	24	24	0	0.0
199655	4	11	68	0	0.0
199655	3	20	1305	0	0.0
199655	3	18	1	0	0.0
199655	1	19	13801	394	0.0285486558945004
199655	3	34	348	0	0.0
199655	4	39	296	0	0.0
199655	3	30	40	0	0.0
199655	6	14	3011	7	0.002324809033543673
199655	8	39	10	0	0.0
199655	8	11	3	0	0.0
199655	1	35	69	2	0.028985507246376812
199655	5	44	1	1	1.0
199655	6	28	128	9	0.0703125
199655	1	21	868	3	0.0034562211981566822
199655	1	34	161	9	0.055900621118012424
199655	6	15	3037	6	0.001975633849193283
199655	3	25	83	0	0.0
199655	5	50	331	67	0.20241691842900303
199655	8	38	24	0	0.0
199655	5	51	197	60	0.30456852791878175
199655	8	10	1	0	0.0
199655	6	29	790	72	0.09113924050632911
199655	3	31	1194	4	0.0033500837520938024
199655	1	20	187	0	0.0
199655	4	38	2	0	0.0
199655	4	10	12	0	0.0
199655	3	27	26	0	0.0
199655	4	12	2	0	0.0
199655	4	13	15	0	0.0
199655	1	36	73	2	0.0273972602739726
199655	3	32	67	0	0.0
199655	6	17	204	0	0.0
199655	5	53	24	9	0.375
199655	1	22	126	0	0.0
199655	6	16	2484	26	0.010466988727858293
199655	4	36	55	0	0.0
199655	3	19	16930	47	0.0027761370348493796
199655	3	26	7	0	0.0
199655	1	23	403	15	0.03722084367245657
199655	5	52	1140	213	0.1868421052631579
199655	3	33	138	1	0.007246376811594203
199655	8	22	1845	0	0.0
199655	4	22	1051	0	0.0
199655	1	37	11171	88	0.007877540059081551
199655	6	27	1	0	0.0
199655	6	33	58	3	0.05172413793103448
199655	1	12	183	10	0.0546448087431694
199655	1	13	35	0	0.0
199655	4	5	4	0	0.0
199655	2	3	162	12	0.07407407407407407
199655	2	42	1395	26	0.01863799283154122
199655	4	23	3138	0	0.0
199655	8	36	30	0	0.0
199655	3	16	2	0	0.0
199655	8	23	86	0	0.0
199655	8	37	1	0	0.0
199655	2	43	754	0	0.0
199655	6	7	182	6	0.03296703296703297
199655	6	26	731	5	0.006839945280437756
199655	4	37	346	0	0.0
199655	4	35	50	0	0.0
199655	8	35	53	0	0.0
199655	6	24	1189	87	0.07317073170731707
199655	2	40	1	0	0.0
199655	2	1	3591	408	0.1136173767752715
199655	3	28	6	0	0.0
199655	8	21	865	0	0.0
199655	6	18	1608	30	0.018656716417910446
199655	4	7	16	0	0.0
199655	1	39	5824	24	0.004120879120879121
199655	4	21	5319	0	0.0
199655	1	11	253	0	0.0
199655	5	49	636	67	0.10534591194968554
199655	2	54	2	0	0.0
199655	6	5	3768	627	0.1664012738853503
199655	6	30	17069	2328	0.13638760325736715
199655	2	41	9126	151	0.016546131930747315
199655	7	49	3	0	0.0
199655	1	3	892	20	0.02242152466367713
199655	5	7	1002	34	0.033932135728542916
199655	8	34	85	0	0.0
199655	5	48	1545	44	0.0284789644012945
199655	1	10	937	34	0.03628601921024546
199655	3	15	1	0	0.0
199655	3	29	206	0	0.0
199655	6	31	2	0	0.0
199655	6	19	195	1	0.005128205128205128
199655	4	20	132	0	0.0
199655	4	34	238	0	0.0
199655	6	25	2	0	0.0
199655	8	20	5810	0	0.0
199655	2	50	2	0	0.0
199655	4	24	74	0	0.0
199655	4	30	77	0	0.0
199655	7	1	11	0	0.0
199655	8	18	31	0	0.0
199655	3	11	13	0	0.0
199655	5	3	2	0	0.0
199655	6	35	30	2	0.06666666666666667
199655	3	39	69	0	0.0
199655	6	21	969	24	0.02476780185758514
199655	2	51	2	0	0.0
199655	8	30	1831	0	0.0
199655	2	5	7	3	0.42857142857142855
199655	2	45	1352	0	0.0
199655	2	44	724	4	0.0055248618784530384
199655	6	34	61	1	0.01639344262295082
199655	8	24	1373	0	0.0
199655	3	38	9	0	0.0
199655	6	20	3665	121	0.0330150068212824
199655	3	10	16	0	0.0
199655	6	1	6	1	0.16666666666666666
199655	7	48	12	0	0.0
199655	4	3	1379	0	0.0
199655	4	31	39	0	0.0
199655	4	25	356	0	0.0
199655	8	25	7	0	0.0
199655	4	19	11609	0	0.0
199655	1	29	951	0	0.0
199655	8	19	349	0	0.0
199655	4	1	265	4	0.01509433962264151
199655	8	33	282	0	0.0
199655	3	12	21	0	0.0
199655	8	27	9	0	0.0
199655	6	36	22	0	0.0
199655	8	32	1	0	0.0
199655	2	46	142	0	0.0
199655	2	7	5	2	0.4
199655	1	5	11	10	0.9090909090909091
199655	6	3	8	0	0.0
199655	2	47	2676	0	0.0
199655	8	26	100	0	0.0
199655	6	22	2831	231	0.08159660897209467
199655	6	23	54	6	0.1111111111111111
199655	4	27	268	0	0.0
199655	3	7	117	0	0.0
199655	4	33	271	0	0.0
199655	4	26	1	0	0.0
199655	4	32	1	0	0.0
199655	7	38	83	0	0.0
199655	3	13	2	0	0.0
199655	5	29	6	0	0.0
199655	5	28	40	0	0.0
199655	4	6	21	2	0.09523809523809523
199655	2	20	12	0	0.0
199655	8	41	4	0	0.0
199655	4	41	570	0	0.0
199655	6	44	1	1	1.0
199655	2	21	3847	192	0.04990902001559657
199655	2	35	34	0	0.0
199655	6	51	696	7	0.010057471264367816
199655	2	34	114	11	0.09649122807017543
199655	6	50	1148	9	0.0078397212543554
199655	5	15	1527	161	0.1054354944335298
199655	4	42	4	0	0.0
199655	5	14	250	1	0.004
199655	8	40	128	0	0.0
199655	7	39	3	0	0.0
199655	6	53	49	0	0.0
199655	4	40	2	0	0.0
199655	5	16	798	1	0.0012531328320802004
199655	2	23	968	50	0.05165289256198347
199655	4	43	4	0	0.0
199655	2	33	120	4	0.03333333333333333
199655	2	6	16	1	0.0625
199655	2	36	54	0	0.0
199655	2	37	3927	2	0.0005092946269416857
199655	8	53	1	0	0.0
199655	6	52	2370	5	0.002109704641350211
199655	7	16	11	0	0.0
199655	5	17	29	1	0.034482758620689655
199655	6	43	1	0	0.0
199655	2	22	1241	18	0.014504431909750202
199655	8	52	1	0	0.0
199655	2	27	566	0	0.0
199655	6	46	2	0	0.0
199655	4	44	3	0	0.0
199655	4	46	2	0	0.0
199655	7	17	1	0	0.0
199655	8	50	1	0	0.0
199655	7	15	41	0	0.0
199655	7	29	18	0	0.0
199655	2	25	824	2	0.0024271844660194173
199655	5	38	2590	19	0.007335907335907336
199655	2	19	5065	105	0.02073050345508391
199655	2	31	89	0	0.0
199655	2	24	85	1	0.011764705882352941
199655	2	30	271	11	0.04059040590405904
199655	8	51	1	0	0.0
199655	4	45	1	0	0.0
199655	4	2	570	23	0.04035087719298246
200210	7	31	125	0	0.0
199655	6	40	763	4	0.005242463958060288
199655	7	14	3	0	0.0
200210	7	19	1404	0	0.0
200210	7	25	13	0	0.0
199655	7	28	4	0	0.0
200210	2	8	26	2	0.07692307692307693
200210	3	41	2	0	0.0
200210	1	44	255	15	0.058823529411764705
200210	2	28	1	0	0.0
200210	5	21	166	0	0.0
199655	6	54	6634	0	0.0
200210	5	20	21815	149	0.0068301627320650924
200210	5	35	177	0	0.0
200210	2	9	2122	1	0.000471253534401508
200210	8	48	197	0	0.0
200210	1	45	1476	78	0.052845528455284556
200210	2	15	21	21	1.0
200210	8	49	1	0	0.0
200210	2	14	1	1	1.0
200210	2	29	14093	2438	0.17299368480806074
200210	5	34	382	4	0.010471204188481676
200210	3	40	53	0	0.0
200210	7	18	3	0	0.0
200210	7	30	387	1	0.002583979328165375
200210	7	26	489	1	0.002044989775051125
200210	3	43	5	0	0.0
200210	7	24	769	0	0.0
200210	1	8	26	4	0.15384615384615385
200210	1	46	108	3	0.027777777777777776
200210	7	32	152	0	0.0
200210	5	37	3	1	0.3333333333333333
200210	4	9	7	0	0.0
200210	7	23	22	0	0.0
200210	7	33	472	0	0.0
200210	5	22	3017	10	0.003314550878355983
200210	7	27	3	0	0.0
200210	5	23	31	0	0.0
200210	5	36	341	1	0.002932551319648094
200210	7	37	9	0	0.0
200210	4	8	83	0	0.0
200210	3	8	96	0	0.0
200210	2	13	301	1	0.0033222591362126247
200210	1	42	172	5	0.029069767441860465
200210	5	33	323	2	0.006191950464396285
200210	2	12	103	1	0.009708737864077669
200210	1	43	130	7	0.05384615384615385
200210	7	22	1710	1	0.0005847953216374269
200210	5	26	1817	8	0.004402861860209136
200210	5	32	209	0	0.0
200210	7	36	1252	0	0.0
200210	7	20	11723	2	0.00017060479399471124
200210	8	6	701	56	0.07988587731811697
200210	5	8	208	4	0.019230769230769232
200210	3	44	38	0	0.0
200210	7	8	2540	0	0.0
200210	2	38	2	0	0.0
200210	7	34	315	0	0.0
200210	5	19	133	0	0.0
200210	5	25	1	0	0.0
200210	5	31	21	0	0.0
200210	2	39	4874	58	0.011899876897825195
200210	5	30	1561	8	0.005124919923126201
200210	5	24	86	0	0.0
200210	2	10	4518	10	0.002213368747233289
200210	1	41	662	24	0.03625377643504532
200210	5	18	343	1	0.0029154518950437317
200210	2	11	1711	6	0.0035067212156633548
200210	6	49	542	8	0.014760147601476014
200210	7	35	227	0	0.0
200210	7	21	580	0	0.0
200210	3	36	245	0	0.0
200210	1	40	12	3	0.25
200210	1	33	198	10	0.050505050505050504
200210	1	27	529	3	0.005671077504725898
200210	3	22	1599	0	0.0
200210	7	52	2	0	0.0
200210	6	48	16471	1125	0.06830186388197437
200210	8	16	20	0	0.0
200210	1	32	2	0	0.0
200210	4	16	2	0	0.0
200210	1	26	4	0	0.0
200210	3	23	1488	0	0.0
200210	7	51	2	0	0.0
200210	1	9	242	1	0.004132231404958678
200210	3	35	449	0	0.0
200210	6	39	32	3	0.09375
200210	8	14	3	0	0.0
200210	4	28	40	0	0.0
200210	1	24	41	2	0.04878048780487805
200210	3	9	11	0	0.0
200210	8	28	617	0	0.0
200210	3	21	1911	0	0.0
200210	1	30	2	0	0.0
200210	5	40	1622	5	0.0030826140567200987
200210	6	10	7	7	1.0
200210	8	29	156	0	0.0
200210	1	31	2278	0	0.0
200210	8	15	74	0	0.0
200210	6	38	2568	7	0.0027258566978193145
200210	3	20	1457	0	0.0
200210	1	19	13172	290	0.022016398420892803
200210	3	37	510	6	0.011764705882352941
200210	4	15	1	0	0.0
200210	3	34	907	0	0.0
200210	4	11	20	0	0.0
200210	4	39	940	0	0.0
200210	7	40	148	0	0.0
200210	6	14	2715	8	0.0029465930018416206
200210	1	25	2266	133	0.058693733451015
200210	3	30	10	0	0.0
200210	8	39	41	0	0.0
200210	6	28	816	26	0.031862745098039214
200210	1	35	166	0	0.0
200210	3	24	197	0	0.0
200210	4	29	5919	0	0.0
200210	5	51	11	4	0.36363636363636365
200210	1	21	2691	59	0.021924934968413228
200210	1	34	469	17	0.03624733475479744
200210	5	50	80	11	0.1375
200210	8	38	98	1	0.01020408163265306
200210	6	29	354	28	0.07909604519774012
200210	5	44	4	4	1.0
200210	3	25	622	1	0.001607717041800643
200210	3	27	63	0	0.0
200210	6	17	85	1	0.011764705882352941
200210	3	31	785	1	0.0012738853503184713
200210	6	15	3550	21	0.005915492957746479
200210	3	33	294	1	0.003401360544217687
200210	1	20	107	0	0.0
200210	4	38	2	0	0.0
200210	4	10	18	0	0.0
200210	3	19	15829	27	0.0017057299892602187
200210	1	22	484	22	0.045454545454545456
200210	8	36	94	0	0.0
200210	5	53	17	2	0.11764705882352941
200210	1	36	154	4	0.025974025974025976
200210	4	36	159	0	0.0
200210	1	23	124	4	0.03225806451612903
200210	3	26	54	0	0.0
200210	8	22	2541	1	0.0003935458480913026
200210	3	32	23	0	0.0
200210	6	16	2623	32	0.012199771254288982
200210	4	22	2292	0	0.0
200210	4	13	3	0	0.0
200210	5	52	979	158	0.16138917262512767
200210	1	12	12	1	0.08333333333333333
200210	1	37	10028	70	0.0069804547267650575
200210	2	43	1842	8	0.004343105320304018
200210	6	7	489	22	0.044989775051124746
200210	6	27	28	3	0.10714285714285714
200210	8	37	11	0	0.0
200210	6	32	2	0	0.0
200210	6	26	1845	23	0.012466124661246613
200210	2	42	555	2	0.0036036036036036037
200210	8	23	454	0	0.0
200210	1	13	57	0	0.0
200210	6	33	330	21	0.06363636363636363
200210	4	37	139	0	0.0
200210	2	3	330	22	0.06666666666666667
200210	4	23	3195	0	0.0
200210	4	5	20	0	0.0
200210	2	1	3112	389	0.125
200210	3	14	1	0	0.0
200210	4	21	2873	0	0.0
200210	1	11	546	1	0.0018315018315018315
200210	6	24	327	22	0.0672782874617737
200210	8	35	122	0	0.0
200210	3	28	56	0	0.0
200210	6	5	4144	687	0.16578185328185327
200210	1	39	6210	57	0.009178743961352657
200210	8	21	1959	0	0.0
200210	4	35	71	0	0.0
200210	6	18	1141	23	0.020157756354075372
200210	2	54	18	0	0.0
200210	5	49	128	6	0.046875
200210	2	40	10	1	0.1
200210	4	7	24	0	0.0
200210	5	48	994	96	0.096579476861167
200210	1	38	7	0	0.0
200210	5	7	1717	13	0.007571345369831101
200210	8	34	193	0	0.0
200210	6	19	238	5	0.02100840336134454
200210	6	25	45	1	0.022222222222222223
200210	1	10	942	34	0.036093418259023353
200210	6	30	13480	1240	0.09198813056379822
200210	4	34	739	0	0.0
200210	4	20	152	0	0.0
200210	3	29	282	0	0.0
200210	2	41	13227	430	0.03250926135934074
200210	1	3	1577	74	0.046924540266328474
200210	8	20	6060	0	0.0
200210	7	1	40	3	0.075
200210	3	15	4	0	0.0
200210	3	39	218	0	0.0
200210	4	30	172	0	0.0
200210	4	24	332	0	0.0
200210	5	3	54	0	0.0
200210	3	11	14	0	0.0
200210	1	28	4	0	0.0
200210	6	21	1899	37	0.019483938915218536
200210	6	35	211	12	0.05687203791469194
200210	8	18	5	0	0.0
200210	8	24	3582	0	0.0
200210	8	30	5929	0	0.0
200210	8	25	92	0	0.0
200210	2	45	2631	2	0.0007601672367920942
200210	2	50	13	1	0.07692307692307693
200210	1	15	43	38	0.8837209302325582
200210	3	10	34	0	0.0
200210	4	25	1031	0	0.0
200210	8	19	632	0	0.0
200210	2	44	186	2	0.010752688172043012
200210	4	19	6786	0	0.0
200210	1	29	1614	0	0.0
200210	6	34	224	11	0.049107142857142856
200210	4	3	1284	0	0.0
200210	4	31	7	0	0.0
200210	2	5	24	20	0.8333333333333334
200210	3	38	14	0	0.0
200210	6	20	8972	70	0.00780205082478823
200210	6	1	40	19	0.475
200210	4	1	233	6	0.02575107296137339
200210	8	33	505	0	0.0
200210	4	33	99	0	0.0
200210	1	5	71	27	0.38028169014084506
200210	4	27	788	0	0.0
200210	2	47	5480	24	0.004379562043795621
200210	8	32	3	0	0.0
200210	6	22	6920	637	0.09205202312138729
200210	6	3	58	3	0.05172413793103448
200210	6	23	415	21	0.05060240963855422
200210	2	7	6	0	0.0
200210	8	26	295	0	0.0
200210	3	7	139	0	0.0
200210	8	27	47	0	0.0
200210	6	36	96	7	0.07291666666666667
200210	2	46	169	2	0.011834319526627219
200210	7	38	505	0	0.0
200210	4	26	21	0	0.0
200210	4	41	860	0	0.0
200210	6	50	872	13	0.014908256880733946
200210	5	15	1778	409	0.23003374578177727
200210	2	35	41	2	0.04878048780487805
200210	6	44	1	0	0.0
200210	4	6	82	2	0.024390243902439025
200210	2	34	209	27	0.1291866028708134
200210	5	29	1	0	0.0
200210	7	10	1	0	0.0
200210	8	40	497	0	0.0
200210	5	28	283	1	0.0035335689045936395
200210	7	39	6	0	0.0
200210	6	51	113	3	0.02654867256637168
200210	5	14	532	2	0.0037593984962406013
200210	2	20	3	0	0.0
200210	4	40	45	0	0.0
200210	5	16	1257	6	0.00477326968973747
200210	2	21	8144	779	0.09565324165029469
200210	2	36	87	5	0.05747126436781609
200210	6	53	22	0	0.0
200210	4	42	1	0	0.0
200210	5	17	15	0	0.0
200210	2	23	535	52	0.09719626168224299
200210	2	37	4315	16	0.0037079953650057938
200210	4	43	13	0	0.0
200210	2	22	727	32	0.04401650618982118
200210	8	53	2	0	0.0
200210	7	16	71	0	0.0
200210	4	53	2	0	0.0
200210	2	27	2143	138	0.06439570695286981
200210	2	6	61	38	0.6229508196721312
200210	6	52	4168	2	0.0004798464491362764
200210	2	32	1	0	0.0
200210	7	15	84	0	0.0
200210	2	31	185	0	0.0
200210	7	29	53	0	0.0
200210	2	33	174	14	0.08045977011494253
200210	5	38	2613	16	0.006123230003827019
200210	4	46	9	0	0.0
200210	2	25	1560	56	0.035897435897435895
200210	8	50	1	0	0.0
200210	5	10	7	6	0.8571428571428571
200210	4	44	10	0	0.0
200210	8	52	1	0	0.0
200210	2	24	105	1	0.009523809523809525
200210	2	19	4039	31	0.0076751671205743995
200210	2	30	51	3	0.058823529411764705
200210	4	45	5	0	0.0
200210	4	2	494	31	0.06275303643724696
200311	2	8	56	0	0.0
200311	1	44	322	28	0.08695652173913043
200311	7	31	75	0	0.0
200210	6	40	1617	15	0.00927643784786642
200210	7	14	39	0	0.0
200210	7	28	197	0	0.0
200311	3	41	123	0	0.0
200311	8	48	945	0	0.0
200311	7	25	45	0	0.0
200311	2	15	5	0	0.0
200311	1	50	3	0	0.0
200210	6	54	6365	12	0.0018853102906520032
200311	5	34	207	3	0.014492753623188406
200311	7	19	260	0	0.0
200311	2	14	5	0	0.0
200311	2	9	3573	10	0.00279876854184159
200311	5	20	12855	265	0.020614546868922598
200311	5	35	56	1	0.017857142857142856
200311	5	21	190	0	0.0
200311	8	49	211	0	0.0
200311	2	28	29	0	0.0
200311	3	40	5	0	0.0
200311	7	18	202	0	0.0
200311	7	30	988	0	0.0
200311	1	8	10	0	0.0
200311	2	29	21250	2053	0.09661176470588236
200311	1	45	5856	370	0.06318306010928962
200311	3	42	2	0	0.0
200311	5	23	21	0	0.0
200311	7	32	7	0	0.0
200311	3	8	31	0	0.0
200311	1	47	162	3	0.018518518518518517
200311	2	16	12	0	0.0
200311	7	26	355	1	0.0028169014084507044
200311	7	24	1806	2	0.0011074197120708748
200311	5	36	47	0	0.0
200311	1	46	144	8	0.05555555555555555
200311	5	22	2657	12	0.004516371847948814
200311	4	9	1	0	0.0
200311	7	33	193	0	0.0
200311	3	43	157	0	0.0
200311	7	23	80	0	0.0
200311	5	32	19	0	0.0
200311	7	27	15	0	0.0
200311	4	8	169	0	0.0
200311	2	12	239	1	0.0041841004184100415
200311	5	27	4	0	0.0
200311	3	46	40	0	0.0
200311	1	42	2137	52	0.024333177351427236
200311	1	43	2667	241	0.09036370453693289
200311	7	36	920	0	0.0
200311	5	8	190	4	0.021052631578947368
200311	2	13	391	4	0.010230179028132993
200311	7	22	670	5	0.007462686567164179
200311	5	33	65	0	0.0
200311	5	26	2354	33	0.014018691588785047
200311	7	8	4080	0	0.0
200311	3	44	4	0	0.0
200311	7	34	67	0	0.0
200311	8	6	789	137	0.17363751584283904
200311	7	20	2215	10	0.004514672686230248
200311	5	24	1017	1	0.0009832841691248771
200311	5	19	11	0	0.0
200311	2	10	3826	9	0.0023523261892315736
200311	5	30	4003	1	0.0002498126405196103
200311	2	39	4478	10	0.0022331397945511387
200311	2	11	3211	62	0.01930862659607599
200311	1	40	2	0	0.0
200311	7	35	72	0	0.0
200311	5	18	622	0	0.0
200311	6	49	3885	422	0.10862290862290862
200311	3	45	88	0	0.0
200311	3	36	65	0	0.0
200311	7	21	366	0	0.0
200311	1	41	4479	98	0.021879883902656844
200311	6	48	15274	1626	0.1064554144297499
200311	7	52	13	0	0.0
200311	3	22	720	0	0.0
200311	1	33	939	3	0.003194888178913738
200311	1	27	154	0	0.0
200311	1	26	1	0	0.0
200311	4	16	13	0	0.0
200311	3	23	671	0	0.0
200311	7	51	2	0	0.0
200311	1	9	301	0	0.0
200311	7	53	1	0	0.0
200311	4	28	193	0	0.0
200311	4	14	4	0	0.0
200311	6	39	23	1	0.043478260869565216
200311	3	35	517	0	0.0
200311	8	28	924	0	0.0
200311	1	24	43	0	0.0
200311	3	37	935	0	0.0
200311	8	14	15	0	0.0
200311	8	16	55	0	0.0
200311	3	21	1163	0	0.0
200311	3	9	25	0	0.0
200311	5	54	220	1	0.004545454545454545
200311	1	25	1554	6	0.003861003861003861
200311	5	40	3812	11	0.0028856243441762854
200311	1	31	900	0	0.0
200311	1	19	8255	20	0.0024227740763173833
200311	8	15	35	0	0.0
200311	8	29	513	0	0.0
200311	4	29	699	0	0.0
200311	7	50	25	0	0.0
200311	4	11	9	0	0.0
200311	3	34	255	0	0.0
200311	8	39	28	0	0.0
200311	4	15	1	0	0.0
200311	7	40	729	0	0.0
200311	6	28	473	61	0.12896405919661733
200311	3	30	19	0	0.0
200311	6	14	4989	23	0.004610142313088796
200311	4	39	149	0	0.0
200311	3	20	2416	0	0.0
200311	6	38	2152	31	0.014405204460966542
200311	8	11	2	0	0.0
200311	3	24	201	0	0.0
200311	5	51	410	70	0.17073170731707318
200311	1	21	4597	10	0.0021753317380900587
200311	1	35	23	0	0.0
200311	3	31	265	0	0.0
200311	6	29	825	179	0.21696969696969698
200311	6	15	2522	27	0.01070578905630452
200311	3	27	473	0	0.0
200311	3	25	954	0	0.0
200311	8	38	80	0	0.0
200311	8	10	1	0	0.0
200311	1	34	51	0	0.0
200311	5	50	1735	273	0.15734870317002883
200311	6	17	28	1	0.03571428571428571
200311	1	36	23	0	0.0
200311	4	10	2	0	0.0
200311	3	19	3186	1	0.00031387319522912746
200311	1	20	199	0	0.0
200311	3	33	599	0	0.0
200311	1	22	201	0	0.0
200311	5	53	35	9	0.2571428571428571
200311	5	52	3392	444	0.13089622641509435
200311	1	12	34	0	0.0
200311	4	13	1	0	0.0
200311	8	36	17	0	0.0
200311	1	37	8394	1	0.00011913271384322135
200311	1	23	314	2	0.006369426751592357
200311	8	22	2239	0	0.0
200311	3	32	8	0	0.0
200311	3	26	8	0	0.0
200311	6	16	5161	165	0.03197054834334431
200311	6	33	219	25	0.1141552511415525
200311	4	22	3432	0	0.0
200311	6	27	59	2	0.03389830508474576
200311	4	36	22	0	0.0
200311	6	26	494	15	0.030364372469635626
200311	6	7	519	83	0.1599229287090559
200311	2	43	2185	0	0.0
200311	2	42	1452	12	0.008264462809917356
200311	6	32	2	1	0.5
200311	4	37	121	0	0.0
200311	3	16	1	0	0.0
200311	4	23	1721	0	0.0
200311	4	5	25	0	0.0
200311	8	23	449	0	0.0
200311	8	37	2	0	0.0
200311	1	13	102	0	0.0
200311	2	1	2652	537	0.20248868778280543
200311	2	3	133	0	0.0
200311	4	21	2571	0	0.0
200311	4	35	16	0	0.0
200311	6	18	1665	107	0.06426426426426426
200311	3	28	45	0	0.0
200311	1	11	736	0	0.0
200311	1	39	7017	7	0.0009975773122416988
200311	8	35	58	0	0.0
200311	2	40	5	0	0.0
200311	6	5	5587	1130	0.20225523536781814
200311	6	24	2618	548	0.20932009167303284
200311	8	21	1893	0	0.0
200311	5	7	656	9	0.013719512195121951
200311	5	49	1169	66	0.05645851154833191
200311	4	7	39	0	0.0
200311	5	48	2170	46	0.02119815668202765
200311	6	30	22817	4475	0.1961256957531665
200311	4	20	2293	0	0.0
200311	8	34	69	0	0.0
200311	3	29	288	0	0.0
200311	1	10	1408	42	0.029829545454545456
200311	6	25	13	1	0.07692307692307693
200311	6	19	33	1	0.030303030303030304
200311	1	3	746	0	0.0
200311	7	1	10	0	0.0
200311	2	41	18597	811	0.04360918427703393
200311	8	20	1104	1	0.0009057971014492754
200311	4	30	338	0	0.0
200311	4	34	573	0	0.0
200311	3	11	160	0	0.0
200311	3	39	2291	0	0.0
200311	7	49	21	0	0.0
200311	4	24	1114	0	0.0
200311	5	3	13	0	0.0
200311	8	18	28	0	0.0
200311	8	24	5259	0	0.0
200311	6	21	2099	382	0.18199142448785136
200311	2	51	1	0	0.0
200311	2	50	5	0	0.0
200311	1	28	9	0	0.0
200311	2	45	4109	3	0.0007301046483329277
200311	6	35	55	12	0.21818181818181817
200311	8	30	4286	0	0.0
200311	8	25	26	0	0.0
200311	4	3	2000	0	0.0
200311	3	10	64	0	0.0
200311	2	5	9	0	0.0
200311	2	44	1013	15	0.014807502467917079
200311	6	34	139	20	0.14388489208633093
200311	8	19	181	0	0.0
200311	1	29	377	0	0.0
200311	3	38	3	0	0.0
200311	4	31	10	0	0.0
200311	4	19	2932	0	0.0
200311	6	20	3603	242	0.06716625034693312
200311	7	48	67	0	0.0
200311	6	1	6	1	0.16666666666666666
200311	4	25	193	0	0.0
200311	4	1	139	2	0.014388489208633094
200311	2	46	214	1	0.004672897196261682
200311	8	33	265	0	0.0
200311	4	33	314	0	0.0
200311	8	27	80	0	0.0
200311	6	3	9	0	0.0
200311	4	27	280	0	0.0
200311	3	7	64	0	0.0
200311	3	12	24	0	0.0
200311	2	7	3	0	0.0
200311	6	36	19	4	0.21052631578947367
200311	6	22	7243	1667	0.23015325141515947
200311	2	47	12282	3	0.0002442598925256473
200311	3	13	16	0	0.0
200311	6	23	309	50	0.16181229773462782
200311	8	32	2	0	0.0
200311	7	38	186	0	0.0
200311	2	53	4	0	0.0
200311	1	5	1	0	0.0
200311	4	6	113	18	0.1592920353982301
200311	4	41	561	0	0.0
200311	8	26	122	1	0.00819672131147541
200311	4	26	17	0	0.0
200311	5	15	2403	56	0.023304203079483977
200311	7	10	2	0	0.0
200311	8	41	10	0	0.0
200311	4	32	2	0	0.0
200311	6	50	1239	1	0.0008071025020177562
200311	2	34	46	0	0.0
200311	2	20	39	0	0.0
200311	5	29	16	0	0.0
200311	8	54	4	0	0.0
200311	7	39	41	0	0.0
200311	2	35	18	0	0.0
200311	5	14	907	1	0.0011025358324145535
200311	4	40	35	0	0.0
200311	5	28	336	1	0.002976190476190476
200311	8	40	192	0	0.0
200311	4	42	1	0	0.0
200311	6	51	699	18	0.02575107296137339
200311	2	21	7283	126	0.017300562954826307
200311	6	52	2446	3	0.0012264922322158627
200311	4	43	25	0	0.0
200311	2	36	15	1	0.06666666666666667
200311	2	6	43	6	0.13953488372093023
200311	5	17	3	0	0.0
200311	6	46	1	0	0.0
200311	2	22	818	14	0.017114914425427872
200311	5	16	1994	1	0.0005015045135406219
200311	6	53	22	0	0.0
200311	2	23	1077	15	0.013927576601671309
200311	7	16	568	0	0.0
200311	2	37	2062	0	0.0
200311	2	33	365	0	0.0
200311	2	27	1230	23	0.01869918699186992
200311	6	43	1	0	0.0
200311	8	52	5	0	0.0
200311	6	41	1	0	0.0
200311	7	17	1	0	0.0
200311	4	46	4	0	0.0
200311	4	44	1	0	0.0
200311	2	24	331	11	0.03323262839879154
200311	8	50	7	0	0.0
200311	2	19	2371	0	0.0
200311	5	38	4249	12	0.002824193927983055
200311	2	25	672	3	0.004464285714285714
200311	7	29	18	0	0.0
200311	7	15	75	0	0.0
200311	2	31	12	0	0.0
200311	2	30	203	14	0.06896551724137931
200311	5	39	10	0	0.0
200614	1	44	138	13	0.09420289855072464
200311	4	2	463	7	0.01511879049676026
200614	2	8	29	0	0.0
200311	6	40	1488	15	0.010080645161290322
200311	4	45	12	0	0.0
200311	7	28	2236	0	0.0
200614	1	50	1	0	0.0
200614	3	41	309	0	0.0
200614	7	19	441	0	0.0
200614	7	31	239	0	0.0
200614	7	25	18	0	0.0
200311	8	51	3	0	0.0
200311	7	14	101	0	0.0
200614	2	15	2	0	0.0
200614	8	48	594	0	0.0
200614	5	34	135	0	0.0
200311	6	54	10985	21	0.0019116977696859354
200614	2	14	4	0	0.0
200614	2	28	7	0	0.0
200614	8	49	174	0	0.0
200614	2	9	7236	5	0.0006909894969596462
200614	5	20	13571	36	0.002652715348905755
200614	5	21	289	0	0.0
200614	3	8	30	0	0.0
200614	1	51	1	0	0.0
200614	7	32	312	0	0.0
200614	5	35	46	0	0.0
200614	7	30	610	0	0.0
200614	7	18	7	0	0.0
200614	3	40	7	0	0.0
200614	1	45	2374	56	0.02358887952822241
200614	7	24	2126	0	0.0
200614	1	8	29	0	0.0
200614	2	29	27188	2218	0.08158010887156099
200614	7	26	154	0	0.0
200614	2	16	7	0	0.0
200614	3	42	81	0	0.0
200614	5	23	90	0	0.0
200614	7	27	7	0	0.0
200614	5	22	6571	0	0.0
200614	7	33	110	0	0.0
200614	3	43	74	0	0.0
200614	4	8	39	0	0.0
200614	7	37	184	0	0.0
200614	4	9	65	0	0.0
200614	1	46	50	0	0.0
200614	1	47	1842	33	0.017915309446254073
200614	7	23	326	0	0.0
200614	3	53	1	0	0.0
200614	1	42	1422	15	0.010548523206751054
200614	5	36	34	0	0.0
200614	5	33	83	0	0.0
200614	5	26	417	0	0.0
200614	5	32	14	0	0.0
200614	2	13	646	24	0.03715170278637771
200614	7	34	420	0	0.0
200614	7	22	835	0	0.0
200614	2	12	194	2	0.010309278350515464
200614	7	36	1517	0	0.0
200614	3	50	4	0	0.0
200614	3	44	5	0	0.0
200614	5	8	433	23	0.053117782909930716
200614	7	8	3621	0	0.0
200614	8	6	440	63	0.1431818181818182
200614	3	46	29	0	0.0
200614	1	41	6538	58	0.008871214438666258
200614	5	27	1	0	0.0
200614	7	20	10498	1	9.525623928367309e-05
200614	1	43	1640	44	0.026829268292682926
200614	6	48	8625	249	0.028869565217391303
200614	5	19	82	0	0.0
200614	2	38	3	0	0.0
200614	1	40	1	0	0.0
200614	5	31	2	0	0.0
200614	5	25	4	0	0.0
200614	2	10	3531	3	0.0008496176720475786
200614	2	11	5690	42	0.007381370826010545
200614	2	39	4226	3	0.000709891150023663
200614	3	45	37	0	0.0
200614	5	24	2600	0	0.0
200614	7	35	584	0	0.0
200614	5	18	782	2	0.0025575447570332483
200614	5	30	5751	0	0.0
200614	3	51	1	0	0.0
200614	6	49	1460	73	0.05
200614	7	21	422	0	0.0
200614	6	9	4	0	0.0
200614	7	46	1	0	0.0
200614	3	36	262	0	0.0
200614	3	22	590	0	0.0
200614	7	52	79	0	0.0
200614	1	27	169	0	0.0
200614	8	16	113	0	0.0
200614	1	26	4	0	0.0
200614	3	23	1661	0	0.0
200614	1	32	36	0	0.0
200614	1	33	396	0	0.0
200614	4	16	1	0	0.0
200614	6	13	1	0	0.0
200614	3	37	829	0	0.0
200614	7	53	2	0	0.0
200614	1	9	443	0	0.0
200614	7	51	6	0	0.0
200614	4	28	21	0	0.0
200614	3	21	752	0	0.0
200614	7	45	1	0	0.0
200614	3	35	964	0	0.0
200614	4	14	1	0	0.0
200614	8	14	6	0	0.0
200614	6	39	7	0	0.0
200614	1	30	58	0	0.0
200614	3	9	120	0	0.0
200614	8	28	800	0	0.0
200614	1	24	344	0	0.0
200614	5	40	908	0	0.0
200614	2	48	8	0	0.0
200614	6	11	18	0	0.0
200614	5	54	2968	171	0.05761455525606469
200614	1	19	12386	1	8.073631519457452e-05
200614	6	10	4	0	0.0
200614	8	15	152	0	0.0
200614	1	31	1727	0	0.0
200614	7	44	4	0	0.0
200614	8	29	353	0	0.0
200614	3	34	475	0	0.0
200614	4	11	171	0	0.0
200614	3	30	17	0	0.0
200614	6	38	2643	72	0.02724177071509648
200614	7	50	17	0	0.0
200614	7	40	63	0	0.0
200614	1	25	399	0	0.0
200614	3	20	2954	0	0.0
200614	4	29	6390	0	0.0
200614	4	39	608	0	0.0
200614	3	24	235	0	0.0
200614	8	39	14	0	0.0
200614	7	9	1	0	0.0
200614	5	51	131	46	0.3511450381679389
200614	8	38	193	2	0.010362694300518135
200614	6	28	242	24	0.09917355371900827
200614	3	25	288	0	0.0
200614	6	29	968	195	0.20144628099173553
200614	6	15	4855	8	0.0016477857878475798
200614	6	14	5550	9	0.0016216216216216215
200614	5	50	1055	121	0.11469194312796209
200614	1	21	4798	0	0.0
200614	1	20	449	0	0.0
200614	1	34	159	0	0.0
200614	8	10	1	0	0.0
200614	1	35	85	0	0.0
200614	8	11	1	0	0.0
200614	3	31	2220	0	0.0
200614	7	41	3	0	0.0
200614	4	12	3	0	0.0
200614	4	38	6	1	0.16666666666666666
200614	7	43	19	0	0.0
200614	1	22	1029	0	0.0
200614	6	17	163	0	0.0
200614	3	19	13830	0	0.0
200614	5	53	44	7	0.1590909090909091
200614	1	36	43	0	0.0
200614	3	33	456	0	0.0
200614	4	10	68	0	0.0
200614	3	27	76	0	0.0
200614	1	37	4656	13	0.0027920962199312715
200614	5	52	2586	346	0.13379737045630316
200614	1	23	2202	0	0.0
200614	3	26	10	0	0.0
200614	4	13	79	0	0.0
200614	8	36	68	0	0.0
200614	3	32	102	0	0.0
200614	4	22	1890	0	0.0
200614	6	16	4067	88	0.021637570690926974
200614	2	42	1841	21	0.011406844106463879
200614	4	36	48	0	0.0
200614	8	22	3397	0	0.0
200614	6	27	14	0	0.0
200614	1	12	14	0	0.0
200614	6	33	94	20	0.2127659574468085
200614	2	43	482	1	0.002074688796680498
200614	6	7	178	11	0.06179775280898876
200614	6	26	107	3	0.028037383177570093
200614	1	13	275	0	0.0
200614	8	37	5	0	0.0
200614	8	35	68	0	0.0
200614	6	5	3158	529	0.16751108296390121
200614	3	16	1	0	0.0
200614	4	5	14	0	0.0
200614	4	35	27	0	0.0
200614	8	23	431	0	0.0
200614	6	18	1681	60	0.03569303985722784
200614	3	28	10	0	0.0
200614	2	3	270	0	0.0
200614	4	37	194	0	0.0
200614	2	1	2712	518	0.19100294985250738
200614	4	21	4296	0	0.0
200614	1	11	866	0	0.0
200614	4	23	5284	0	0.0
200614	8	21	1379	0	0.0
200614	6	24	1685	132	0.07833827893175074
200614	4	7	20	0	0.0
200614	6	19	140	5	0.03571428571428571
200614	5	49	1022	128	0.12524461839530332
200614	1	39	2645	0	0.0
200614	2	40	2	0	0.0
200614	8	34	153	0	0.0
200614	1	38	43	0	0.0
200614	5	7	1659	10	0.006027727546714889
200614	4	34	194	0	0.0
200614	6	25	10	1	0.1
200614	1	10	262	22	0.08396946564885496
200614	5	48	4212	262	0.06220322886989554
200614	4	20	406	0	0.0
200614	8	20	9789	0	0.0
200614	6	30	23066	3101	0.13444030174282492
200614	3	29	994	0	0.0
200614	3	39	94	0	0.0
200614	7	1	34	0	0.0
200614	2	41	14252	452	0.03171484703901207
200614	4	30	338	0	0.0
200614	1	3	857	0	0.0
200614	7	49	18	0	0.0
200614	1	28	5	0	0.0
200614	4	24	601	0	0.0
200614	8	18	51	0	0.0
200614	4	18	1	0	0.0
200614	2	44	328	4	0.012195121951219513
200614	3	11	495	0	0.0
200614	8	30	5362	0	0.0
200614	6	21	1447	227	0.15687629578438148
200614	8	24	5409	0	0.0
200614	8	25	55	0	0.0
200614	5	3	22	0	0.0
200614	2	45	1130	4	0.0035398230088495575
200614	6	35	71	19	0.2676056338028169
200614	2	50	2	0	0.0
200614	2	5	5	0	0.0
200614	1	15	2	0	0.0
200614	6	34	57	2	0.03508771929824561
200614	8	19	528	0	0.0
200614	4	3	2129	0	0.0
200614	4	1	516	10	0.01937984496124031
200614	3	38	57	0	0.0
200614	4	27	1007	0	0.0
200614	4	31	40	0	0.0
200614	3	10	71	0	0.0
200614	4	25	562	0	0.0
200614	7	48	62	0	0.0
200614	6	3	11	1	0.09090909090909091
200614	3	12	4	0	0.0
200614	4	33	114	0	0.0
200614	6	1	16	7	0.4375
200614	6	20	3140	18	0.005732484076433121
200614	4	19	9709	0	0.0
200614	1	29	3472	0	0.0
200614	6	36	39	2	0.05128205128205128
200614	3	7	173	0	0.0
200614	8	33	231	0	0.0
200614	6	37	8	0	0.0
200614	2	7	9	0	0.0
200614	8	27	37	0	0.0
200614	2	53	1	0	0.0
200614	6	23	287	38	0.13240418118466898
200614	4	26	8	0	0.0
200614	3	13	10	0	0.0
200614	8	26	96	0	0.0
200614	2	46	43	0	0.0
200614	1	5	5	0	0.0
200614	6	22	7032	1409	0.2003697383390216
200614	8	32	7	0	0.0
200614	4	6	31	5	0.16129032258064516
200614	7	38	515	0	0.0
200614	7	10	3	0	0.0
200614	4	41	690	0	0.0
200614	3	48	1	0	0.0
200614	5	15	1187	243	0.2047177759056445
200614	6	44	19	0	0.0
200614	2	47	8236	4	0.00048567265662943174
200614	8	41	1	0	0.0
200614	2	35	13	0	0.0
200614	2	20	28	0	0.0
200614	6	50	383	5	0.013054830287206266
200614	5	29	17	0	0.0
200614	2	34	117	0	0.0
200614	5	28	129	0	0.0
200614	5	14	656	1	0.001524390243902439
200614	6	51	436	4	0.009174311926605505
200614	8	54	40	0	0.0
200614	7	39	3	0	0.0
200614	7	11	1	0	0.0
200614	2	21	9274	202	0.021781324131981885
200614	2	36	30	0	0.0
200614	2	22	955	10	0.010471204188481676
200614	5	17	25	0	0.0
200614	2	23	1840	17	0.00923913043478261
200614	6	53	35	1	0.02857142857142857
200614	2	37	2256	0	0.0
200614	4	40	5	0	0.0
200614	4	42	85	0	0.0
200614	8	40	230	0	0.0
200614	5	16	1461	0	0.0
200614	6	46	6	0	0.0
200614	6	52	894	2	0.0022371364653243847
200614	4	47	13	0	0.0
200614	7	16	72	0	0.0
200614	2	6	42	6	0.14285714285714285
200614	8	9	3	0	0.0
200614	2	32	4	0	0.0
200614	8	53	1	0	0.0
200614	4	43	15	0	0.0
200614	2	27	945	16	0.016931216931216932
200614	8	52	40	0	0.0
200614	2	33	81	0	0.0
200614	4	46	3	0	0.0
200614	6	43	27	0	0.0
200614	7	17	2	0	0.0
200614	2	25	177	1	0.005649717514124294
200614	7	29	24	0	0.0
200614	4	44	5	0	0.0
200614	2	24	151	0	0.0
200614	2	19	3925	1	0.00025477707006369424
200614	5	39	1	0	0.0
200614	2	31	154	0	0.0
200614	6	41	40	0	0.0
200614	8	50	13	0	0.0
200614	2	18	1	0	0.0
200614	5	38	2550	54	0.021176470588235293
200614	7	15	47	0	0.0
200614	2	30	456	16	0.03508771929824561
200614	4	2	731	11	0.015047879616963064
200614	8	51	7	0	0.0
200614	7	14	23	0	0.0
201515	2	8	44	2	0.045454545454545456
200614	6	40	937	8	0.008537886872998933
200614	4	45	12	0	0.0
201515	7	19	825	0	0.0
201515	8	48	344	0	0.0
201515	3	41	49	0	0.0
201515	1	44	169	22	0.1301775147928994
201515	5	34	295	1	0.003389830508474576
201515	7	25	16	0	0.0
201515	2	28	30	0	0.0
200614	7	28	163	0	0.0
201515	2	9	3947	2	0.0005067139599695972
201515	2	15	1	0	0.0
201515	3	40	14	0	0.0
201515	7	31	98	0	0.0
201515	5	21	71	0	0.0
201515	1	51	1	0	0.0
200614	6	54	6547	49	0.007484343974339392
201515	5	20	13555	44	0.0032460346735521946
201515	8	49	9	0	0.0
201515	5	35	68	0	0.0
201515	2	29	16646	970	0.05827225759942328
201515	1	45	1150	80	0.06956521739130435
201515	7	18	89	0	0.0
201515	7	24	2418	1	0.00041356492969396195
201515	3	42	6	0	0.0
201515	7	32	165	0	0.0
201515	5	23	34	0	0.0
201515	7	26	84	0	0.0
201515	3	8	21	0	0.0
201515	7	33	198	0	0.0
201515	7	30	834	1	0.001199040767386091
201515	2	16	2	0	0.0
201515	5	36	219	0	0.0
201515	1	47	7	0	0.0
201515	1	46	1	0	0.0
201515	1	8	20	0	0.0
201515	3	43	5	0	0.0
201515	4	9	2	0	0.0
201515	7	37	38	0	0.0
201515	5	37	3	0	0.0
201515	4	8	169	0	0.0
201515	5	22	7286	18	0.0024704913532802636
201515	7	27	8	0	0.0
201515	7	23	252	0	0.0
201515	1	42	408	25	0.061274509803921566
201515	7	22	917	15	0.016357688113413305
201515	1	43	334	30	0.08982035928143713
201515	2	12	345	2	0.005797101449275362
201515	7	36	1318	0	0.0
201515	3	44	8	0	0.0
201515	7	34	205	0	0.0
201515	2	13	638	3	0.004702194357366771
201515	8	6	763	110	0.14416775884665792
201515	5	26	984	1	0.0010162601626016261
201515	7	8	3498	6	0.0017152658662092624
201515	5	8	240	1	0.004166666666666667
201515	5	32	323	0	0.0
201515	1	41	937	24	0.025613660618996798
201515	5	33	70	0	0.0
201515	7	20	3071	2	0.0006512536633018561
201515	2	10	3486	9	0.0025817555938037868
201515	5	19	5	0	0.0
201515	5	31	14	0	0.0
201515	5	24	324	0	0.0
201515	2	38	1	0	0.0
201515	5	30	2985	9	0.003015075376884422
201515	2	11	2229	5	0.0022431583669807087
201515	7	21	608	0	0.0
201515	7	52	36	0	0.0
201515	5	18	641	11	0.0171606864274571
201515	2	39	3456	2	0.0005787037037037037
201515	3	45	3	0	0.0
201515	6	49	1547	41	0.026502908855850032
201515	7	35	84	0	0.0
201515	3	22	1252	0	0.0
201515	6	48	13565	943	0.06951713969775157
201515	3	36	158	0	0.0
201515	1	33	1391	2	0.0014378145219266715
201515	1	27	108	1	0.009259259259259259
201515	7	51	15	0	0.0
201515	8	16	26	2	0.07692307692307693
201515	3	37	803	0	0.0
201515	3	23	821	0	0.0
201515	1	32	3	0	0.0
201515	3	35	814	0	0.0
201515	1	9	647	38	0.05873261205564142
201515	8	14	1	0	0.0
201515	4	16	9	0	0.0
201515	7	53	1	0	0.0
201515	4	28	161	0	0.0
201515	3	9	51	0	0.0
201515	6	39	14	2	0.14285714285714285
201515	4	14	2	0	0.0
201515	1	30	26	0	0.0
201515	3	21	1581	0	0.0
201515	1	24	80	0	0.0
201515	2	48	1	0	0.0
201515	8	28	841	0	0.0
201515	5	54	16	1	0.0625
201515	5	40	2288	2	0.0008741258741258741
201515	1	25	572	0	0.0
201515	4	11	8	0	0.0
201515	1	19	10811	9	0.0008324854315049486
201515	4	15	2	0	0.0
201515	3	34	320	0	0.0
201515	7	50	1	0	0.0
201515	7	40	43	0	0.0
201515	8	29	346	0	0.0
201515	6	38	1236	48	0.038834951456310676
201515	4	29	993	0	0.0
201515	8	15	44	4	0.09090909090909091
201515	1	31	1909	3	0.001571503404924044
201515	3	20	917	0	0.0
201515	3	30	19	0	0.0
201515	4	39	194	0	0.0
201515	8	11	1	0	0.0
201515	1	35	225	0	0.0
201515	6	28	522	29	0.05555555555555555
201515	6	14	5315	13	0.0024459078080903106
201515	3	24	836	0	0.0
201515	1	20	143	0	0.0
201515	1	34	366	0	0.0
201515	8	10	4	0	0.0
201515	5	51	54	3	0.05555555555555555
201515	8	39	21	0	0.0
201515	1	21	6014	0	0.0
201515	8	38	111	0	0.0
201515	5	50	488	46	0.0942622950819672
201515	6	15	2889	17	0.005884389061959155
201515	6	29	1585	82	0.051735015772870666
201515	3	25	209	0	0.0
201515	3	31	519	0	0.0
201515	4	38	2	0	0.0
201515	4	10	8	0	0.0
201515	3	19	3938	1	0.00025393600812595224
201515	3	27	23	0	0.0
201515	3	33	548	0	0.0
201515	3	26	10	0	0.0
201515	1	22	514	0	0.0
201515	1	36	195	0	0.0
201515	5	53	50	7	0.14
201515	5	52	2422	189	0.07803468208092486
201515	3	32	32	0	0.0
201515	4	13	1	0	0.0
201515	6	16	4163	67	0.01609416286331972
201515	4	36	208	0	0.0
201515	4	22	4377	0	0.0
201515	8	22	2137	0	0.0
201515	1	37	8101	8	0.0009875324034069868
201515	1	12	78	7	0.08974358974358974
201515	6	33	111	14	0.12612612612612611
201515	6	27	13	0	0.0
201515	8	37	129	0	0.0
201515	2	43	717	0	0.0
201515	6	7	323	17	0.05263157894736842
201515	6	32	3	0	0.0
201515	6	26	613	4	0.0065252854812398045
201515	8	36	25	0	0.0
201515	1	23	1267	0	0.0
201515	2	42	961	3	0.003121748178980229
201515	1	13	111	2	0.018018018018018018
201515	4	23	1551	0	0.0
201515	4	5	49	0	0.0
201515	2	3	139	2	0.014388489208633094
201515	4	37	172	0	0.0
201515	1	11	721	18	0.024965325936199722
201515	8	23	186	0	0.0
201515	4	35	56	0	0.0
201515	2	1	3373	583	0.1728431663207827
201515	6	5	4515	1251	0.2770764119601329
201515	3	28	126	0	0.0
201515	8	35	26	0	0.0
201515	6	24	1498	120	0.0801068090787717
201515	8	21	807	0	0.0
201515	4	21	5793	0	0.0
201515	6	18	1595	57	0.035736677115987464
201515	2	40	5	0	0.0
201515	5	49	454	27	0.05947136563876652
201515	4	7	24	0	0.0
201515	1	39	4349	4	0.0009197516670498966
201515	2	54	3	0	0.0
201515	8	20	1663	1	0.0006013229104028864
201515	1	38	2	0	0.0
201515	5	48	1995	261	0.13082706766917293
201515	4	34	717	0	0.0
201515	6	30	24419	2354	0.09640034399443057
201515	6	25	8	0	0.0
201515	8	34	107	0	0.0
201515	5	7	1227	4	0.0032599837000814994
201515	1	10	1394	115	0.0824964131994261
201515	6	19	54	2	0.037037037037037035
201515	2	41	4939	142	0.028750759263008706
201515	7	1	17	0	0.0
201515	4	20	351	0	0.0
201515	3	29	355	0	0.0
201515	3	15	2	0	0.0
201515	7	49	2	0	0.0
201515	1	3	1019	5	0.004906771344455349
201515	4	30	727	0	0.0
201515	4	24	1303	0	0.0
201515	3	11	60	0	0.0
201515	5	3	41	0	0.0
201515	6	35	48	7	0.14583333333333334
201515	1	28	3	0	0.0
201515	3	39	252	0	0.0
201515	8	18	9	0	0.0
201515	2	44	165	0	0.0
201515	8	30	2757	3	0.001088139281828074
201515	6	21	1659	64	0.038577456298975285
201515	2	45	3408	0	0.0
201515	6	20	5396	21	0.0038917716827279467
201515	8	24	3260	0	0.0
201515	2	5	11	0	0.0
201515	1	29	1630	2	0.001226993865030675
201515	3	10	107	0	0.0
201515	8	25	26	0	0.0
201515	8	19	65	0	0.0
201515	4	19	2154	0	0.0
201515	6	34	205	21	0.1024390243902439
201515	4	31	2	0	0.0
201515	4	3	2012	0	0.0
201515	4	25	282	0	0.0
201515	3	38	21	0	0.0
201515	3	12	7	0	0.0
201515	6	36	53	3	0.05660377358490566
201515	8	33	56	0	0.0
201515	4	27	228	0	0.0
201515	2	46	29	0	0.0
201515	4	33	200	0	0.0
201515	7	48	21	0	0.0
201515	4	1	167	1	0.005988023952095809
201515	6	3	37	6	0.16216216216216217
201515	6	1	17	0	0.0
201515	8	27	28	0	0.0
201515	2	7	13	1	0.07692307692307693
201515	3	7	150	0	0.0
201515	8	26	37	0	0.0
201515	6	22	13804	1731	0.12539843523616342
201515	8	32	1	0	0.0
201515	1	5	1	0	0.0
201515	4	26	6	0	0.0
201515	6	23	180	15	0.08333333333333333
201515	7	38	694	0	0.0
201515	7	10	2	0	0.0
201515	6	37	56	12	0.21428571428571427
201515	2	47	4643	1	0.00021537798836958864
201515	4	6	123	16	0.13008130081300814
201515	3	13	5	0	0.0
201515	2	34	437	8	0.018306636155606407
201515	4	41	252	0	0.0
201515	5	15	2961	325	0.10976021614319487
201515	5	28	272	0	0.0
201515	6	50	800	14	0.0175
201515	6	51	518	8	0.015444015444015444
201515	2	20	26	0	0.0
201515	5	14	680	14	0.020588235294117647
201515	8	40	132	0	0.0
201515	5	29	9	0	0.0
201515	7	39	4	0	0.0
201515	2	35	61	0	0.0
201515	2	21	12097	263	0.021740927502686618
201515	4	40	24	0	0.0
201515	2	37	1267	3	0.0023677979479084454
201515	2	36	147	2	0.013605442176870748
201515	2	23	2282	50	0.021910604732690624
201515	2	22	2447	15	0.006129955046996322
201515	5	16	1592	10	0.00628140703517588
201515	4	42	1	0	0.0
201515	4	43	8	0	0.0
201515	2	6	136	18	0.1323529411764706
201515	6	53	222	6	0.02702702702702703
201515	2	27	470	3	0.006382978723404255
201515	2	33	284	10	0.035211267605633804
201515	7	16	239	0	0.0
201515	8	52	14	0	0.0
201515	8	53	9	0	0.0
201515	6	52	5047	8	0.0015851000594412521
201515	4	52	1	0	0.0
201515	2	25	190	2	0.010526315789473684
201515	6	41	1	0	0.0
201515	7	29	35	0	0.0
201515	7	15	81	0	0.0
201515	4	44	2	0	0.0
201515	4	46	1	0	0.0
201515	2	31	82	0	0.0
201515	5	38	4299	27	0.00628053035589672
201515	8	50	18	0	0.0
201515	5	10	1	0	0.0
201515	4	2	340	9	0.026470588235294117
201515	6	40	959	7	0.0072992700729927005
201515	2	30	902	12	0.013303769401330377
201515	4	45	1	0	0.0
201515	2	19	2368	1	0.0004222972972972973
201515	2	24	511	1	0.0019569471624266144
201515	8	51	1	0	0.0
201515	7	28	707	0	0.0
201515	5	39	7	0	0.0
203418	7	25	4	0	0.0
203418	3	41	162	0	0.0
201515	7	14	46	0	0.0
203418	7	19	1588	0	0.0
203418	7	31	254	0	0.0
203418	2	8	87	7	0.08045977011494253
201515	6	54	3834	30	0.00782472613458529
203418	4	48	7	0	0.0
203418	2	9	5442	78	0.014332965821389196
203418	5	34	123	17	0.13821138211382114
203418	8	48	387	0	0.0
203418	2	15	5	4	0.8
203418	1	44	492	42	0.08536585365853659
203418	2	14	3	0	0.0
203418	5	20	11103	334	0.030081959830676394
203418	5	35	110	14	0.12727272727272726
203418	5	21	268	14	0.05223880597014925
203418	8	49	21	0	0.0
203418	1	51	7	7	1.0
203418	1	45	3026	228	0.07534699272967614
203418	7	26	2099	0	0.0
203418	2	28	23	1	0.043478260869565216
203418	3	8	27	0	0.0
203418	7	18	23	0	0.0
203418	3	42	17	0	0.0
203418	7	32	279	0	0.0
203418	3	40	8	0	0.0
203418	2	29	21963	3287	0.14966079315211947
203418	1	8	15	2	0.13333333333333333
203418	7	24	1342	0	0.0
203418	7	30	595	0	0.0
203418	1	47	71	8	0.11267605633802817
203418	5	37	1	1	1.0
203418	5	36	68	9	0.1323529411764706
203418	5	23	36	0	0.0
203418	7	23	70	0	0.0
203418	7	37	3	0	0.0
203418	7	33	495	1	0.00202020202020202
203418	2	16	18	0	0.0
203418	4	8	143	0	0.0
203418	7	27	5	0	0.0
203418	4	9	87	0	0.0
203418	1	42	1622	94	0.05795314426633785
203418	1	46	94	9	0.09574468085106383
203418	5	33	389	26	0.06683804627249357
203418	2	13	107	2	0.018691588785046728
203418	5	32	333	0	0.0
203418	5	22	2907	191	0.06570347437220503
203418	3	43	18	0	0.0
203418	1	43	697	76	0.10903873744619799
203418	7	22	794	11	0.013853904282115869
203418	2	12	103	0	0.0
203418	5	26	2124	124	0.0583804143126177
203418	5	27	2	0	0.0
203418	3	46	43	0	0.0
203418	5	8	263	26	0.09885931558935361
203418	7	36	1040	0	0.0
203418	7	8	2549	0	0.0
203418	8	6	1058	205	0.1937618147448015
203418	7	20	6258	2	0.00031959092361776926
203418	5	25	2	0	0.0
203418	1	41	2872	173	0.06023676880222841
203418	5	19	389	3	0.007712082262210797
203418	2	10	5729	24	0.0041892127770989706
203418	5	30	3186	0	0.0
203418	3	44	49	0	0.0
203418	5	31	7	0	0.0
203418	1	40	2	0	0.0
203418	5	18	600	0	0.0
203418	7	34	119	0	0.0
203418	5	24	195	10	0.05128205128205128
203418	2	39	3903	38	0.009736100435562388
203418	6	49	670	28	0.041791044776119404
203418	2	11	3335	128	0.038380809595202396
203418	3	45	197	0	0.0
203418	6	48	11949	858	0.0718051719809189
203418	3	22	392	0	0.0
203418	7	21	648	0	0.0
203418	3	36	93	0	0.0
203418	6	9	6	1	0.16666666666666666
203418	4	17	1	0	0.0
203418	5	43	1	1	1.0
203418	1	33	342	27	0.07894736842105263
203418	7	35	180	0	0.0
203418	7	52	183	1	0.00546448087431694
203418	1	27	911	43	0.04720087815587267
203418	8	17	11	0	0.0
203418	3	23	1239	0	0.0
203418	7	51	31	0	0.0
203418	4	28	201	0	0.0
203418	3	37	1630	27	0.016564417177914112
203418	1	32	5	0	0.0
203418	8	16	79	0	0.0
203418	1	9	326	3	0.009202453987730062
203418	4	16	19	0	0.0
203418	7	53	28	0	0.0
203418	1	30	9	0	0.0
203418	3	35	375	0	0.0
203418	8	14	24	0	0.0
203418	3	9	67	0	0.0
203418	6	39	16	3	0.1875
203418	6	10	5	5	1.0
203418	3	21	953	1	0.001049317943336831
203418	2	48	21	0	0.0
203418	1	24	4	0	0.0
203418	5	40	3332	16	0.004801920768307323
203418	6	11	23	2	0.08695652173913043
203418	1	25	1915	82	0.042819843342036555
203418	8	29	814	0	0.0
203418	8	28	6403	0	0.0
203418	1	31	2015	0	0.0
203418	5	54	402	36	0.08955223880597014
203418	8	15	809	0	0.0
203418	1	19	9587	418	0.0436007092938354
203418	4	15	11	0	0.0
203418	7	50	5	0	0.0
203418	3	20	819	0	0.0
203418	7	40	488	0	0.0
203418	7	44	6	4	0.6666666666666666
203418	3	34	186	0	0.0
203418	6	38	1286	17	0.013219284603421462
203418	4	11	425	0	0.0
203418	3	24	56	0	0.0
203418	4	29	5758	0	0.0
203418	3	30	11	0	0.0
203418	6	14	4271	37	0.00866307656286584
203418	4	39	4185	0	0.0
203418	8	39	41	0	0.0
203418	8	11	11	0	0.0
203418	5	50	794	158	0.19899244332493704
203418	5	44	36	34	0.9444444444444444
203418	6	28	2160	319	0.1476851851851852
203418	1	21	3492	202	0.05784650630011455
203418	1	35	29	2	0.06896551724137931
203418	6	29	2585	512	0.19806576402321083
203418	1	20	81	0	0.0
203418	8	10	6	0	0.0
203418	8	38	69	1	0.014492753623188406
203418	5	51	383	127	0.33159268929503916
203418	1	34	63	1	0.015873015873015872
203418	3	25	1524	0	0.0
203418	3	31	448	0	0.0
203418	6	15	5434	129	0.02373941847626058
203418	4	12	19	0	0.0
203418	4	10	224	0	0.0
203418	3	33	249	0	0.0
203418	6	17	301	27	0.08970099667774087
203418	1	22	91	0	0.0
203418	6	16	3813	188	0.04930500917912405
203418	1	23	461	28	0.06073752711496746
203418	5	53	39	5	0.1282051282051282
203418	1	36	27	2	0.07407407407407407
203418	5	52	4352	605	0.13901654411764705
203418	3	27	1163	0	0.0
203418	4	38	4	0	0.0
203418	3	19	12795	22	0.0017194216490816726
203418	1	37	11193	227	0.020280532475654426
203418	6	27	75	3	0.04
203418	7	42	1	0	0.0
203418	1	12	87	0	0.0
203418	8	22	2846	1	0.00035137034434293746
203418	4	13	123	0	0.0
203418	3	32	28	0	0.0
203418	8	36	57	0	0.0
203418	4	36	39	0	0.0
203418	6	32	13	0	0.0
203418	3	26	19	0	0.0
203418	6	33	131	14	0.10687022900763359
203418	4	5	14	1	0.07142857142857142
203418	8	23	240	0	0.0
203418	2	43	798	5	0.006265664160401002
203418	8	37	2	0	0.0
203418	6	7	670	64	0.0955223880597015
203418	2	42	3636	42	0.01155115511551155
203418	1	13	73	3	0.0410958904109589
203418	6	26	1537	81	0.052700065061808715
203418	4	22	2047	0	0.0
203418	4	23	3049	0	0.0
203418	3	16	1	0	0.0
203418	2	3	581	18	0.03098106712564544
203418	2	1	2210	215	0.09728506787330317
203418	4	37	1299	0	0.0
203418	3	14	1	0	0.0
203418	4	21	3786	0	0.0
203418	3	28	31	0	0.0
203418	6	18	1597	189	0.11834690043832186
203418	6	24	461	50	0.10845986984815618
203418	1	11	356	3	0.008426966292134831
203418	4	35	14	0	0.0
203418	6	5	3844	731	0.1901664932362123
203418	8	35	96	0	0.0
203418	8	21	2306	0	0.0
203418	6	31	1	0	0.0
203418	2	40	2	0	0.0
203418	4	7	24	0	0.0
203418	1	39	7970	83	0.01041405269761606
203418	5	7	1643	76	0.04625684723067559
203418	5	49	695	109	0.15683453237410072
203418	5	48	3601	374	0.10386003887808942
203418	6	30	21887	4582	0.2093480148033079
203418	3	15	1	0	0.0
203418	8	34	42	0	0.0
203418	8	20	2439	0	0.0
203418	4	34	206	0	0.0
203418	6	19	35	1	0.02857142857142857
203418	7	1	38	3	0.07894736842105263
203418	4	20	92	0	0.0
203418	1	3	1755	108	0.06153846153846154
203418	4	24	268	0	0.0
203418	6	25	6	0	0.0
203418	3	29	224	0	0.0
203418	1	10	996	20	0.020080321285140562
203418	4	30	580	0	0.0
203418	2	41	15081	324	0.021483986473045554
203418	8	18	37	0	0.0
203418	1	28	3	0	0.0
203418	7	49	5	0	0.0
203418	6	21	2259	420	0.18592297476759628
203418	2	51	1	1	1.0
203418	5	3	67	2	0.029850746268656716
203418	3	11	141	0	0.0
203418	3	39	764	1	0.0013089005235602095
203418	6	35	105	9	0.08571428571428572
203418	2	50	2	0	0.0
203418	2	44	1021	19	0.01860920666013712
203418	8	24	1324	1	0.0007552870090634441
203418	8	30	5890	0	0.0
203418	2	45	3677	2	0.0005439216752787598
203418	8	25	15	0	0.0
203418	4	3	1848	0	0.0
203418	1	15	5	5	1.0
203418	4	19	4715	0	0.0
203418	8	31	17	0	0.0
203418	2	5	11	8	0.7272727272727273
203418	8	19	174	0	0.0
203418	6	20	2697	58	0.021505376344086023
203418	6	1	15	8	0.5333333333333333
203418	1	29	987	4	0.004052684903748734
203418	7	48	35	0	0.0
203418	3	10	211	0	0.0
203418	3	38	10	0	0.0
203418	4	31	5	0	0.0
203418	4	25	2350	0	0.0
203418	3	12	28	0	0.0
203418	4	33	270	0	0.0
203418	6	34	82	3	0.036585365853658534
203418	4	1	547	12	0.021937842778793418
203418	6	36	64	5	0.078125
203418	4	27	5545	0	0.0
203418	8	27	118	0	0.0
203418	6	3	14	1	0.07142857142857142
203418	8	33	540	0	0.0
203418	2	46	221	4	0.01809954751131222
203418	3	7	120	0	0.0
203418	8	32	2	0	0.0
203418	2	53	42	1	0.023809523809523808
203418	2	7	11	1	0.09090909090909091
203418	1	5	27	14	0.5185185185185185
203418	8	26	649	0	0.0
203418	6	37	1	1	1.0
203418	6	23	186	26	0.13978494623655913
203418	4	6	78	18	0.23076923076923078
203418	4	26	16	0	0.0
203418	7	10	4	0	0.0
203418	3	13	17	0	0.0
203418	2	47	2934	7	0.0023858214042263124
203418	6	22	8931	1888	0.21139849960810658
203418	7	38	243	1	0.00411522633744856
203418	4	41	1030	0	0.0
203418	2	35	8	0	0.0
203418	3	48	2	0	0.0
203418	8	41	24	0	0.0
203418	6	50	280	3	0.010714285714285714
203418	6	44	6	5	0.8333333333333334
203418	2	20	2	0	0.0
203418	5	15	1480	93	0.06283783783783783
203418	2	34	11	0	0.0
203418	5	28	1135	55	0.048458149779735685
203418	5	29	15	0	0.0
203418	5	14	534	6	0.011235955056179775
203418	6	51	604	18	0.029801324503311258
203418	2	21	9140	1409	0.15415754923413566
203418	4	40	37	0	0.0
203418	7	39	5	0	0.0
203418	4	42	30	0	0.0
203418	8	40	2408	1	0.0004152823920265781
203418	2	22	484	29	0.05991735537190083
203418	8	42	5	0	0.0
203418	2	37	2700	0	0.0
203418	2	36	19	1	0.05263157894736842
203418	5	16	1460	7	0.004794520547945206
203418	2	23	548	105	0.19160583941605838
203418	6	46	37	0	0.0
203418	6	53	28	2	0.07142857142857142
203418	5	17	61	1	0.01639344262295082
203418	4	43	14	0	0.0
203418	6	52	2587	8	0.0030923850019327404
203418	2	6	32	15	0.46875
203418	7	16	161	0	0.0
203418	7	29	59	0	0.0
203418	7	17	5	0	0.0
203418	4	44	26	0	0.0
203418	4	46	2	0	0.0
203418	8	53	2	0	0.0
203418	7	15	154	0	0.0
203418	4	47	2	0	0.0
203418	8	52	5	0	0.0
203418	6	41	7	0	0.0
203418	4	53	1	0	0.0
203418	8	50	2	0	0.0
203418	4	50	2	0	0.0
203418	2	27	2816	156	0.05539772727272727
203418	2	31	63	0	0.0
203418	2	33	239	51	0.21338912133891214
203418	6	43	14	1	0.07142857142857142
203418	5	38	1697	20	0.011785503830288745
203418	5	10	1	1	1.0
203418	7	14	102	0	0.0
203418	2	25	960	11	0.011458333333333333
203418	2	19	2021	13	0.006432459178624443
203418	2	30	586	44	0.07508532423208192
203418	2	24	47	5	0.10638297872340426
203418	8	51	6	0	0.0
204521	7	25	226	0	0.0
203418	4	45	2	0	0.0
204521	2	8	115	12	0.10434782608695652
203418	6	40	1536	30	0.01953125
203418	7	28	2756	0	0.0
203418	5	39	1	0	0.0
203418	4	2	1040	148	0.1423076923076923
204521	7	31	406	0	0.0
204521	7	19	2970	0	0.0
203418	6	54	4933	23	0.004662477194405028
204521	3	41	480	0	0.0
204521	2	28	78	5	0.0641025641025641
204521	4	48	3	0	0.0
204521	1	44	156	8	0.05128205128205128
204521	8	48	374	0	0.0
204521	2	9	3913	20	0.005111167901865576
204521	5	34	324	24	0.07407407407407407
204521	2	14	26	5	0.19230769230769232
204521	5	21	385	8	0.02077922077922078
204521	8	49	14	0	0.0
204521	1	51	98	98	1.0
204521	2	15	35	26	0.7428571428571429
204521	5	35	79	1	0.012658227848101266
204521	5	20	18704	924	0.04940119760479042
204521	1	45	2968	148	0.04986522911051213
204521	3	40	61	0	0.0
204521	7	18	85	0	0.0
204521	3	42	19	1	0.05263157894736842
204521	3	8	146	0	0.0
204521	7	30	1318	5	0.0037936267071320183
204521	7	24	7091	0	0.0
204521	7	26	1843	2	0.0010851871947911015
204521	7	32	546	0	0.0
204521	1	8	53	2	0.03773584905660377
204521	5	23	41	0	0.0
204521	2	16	42	4	0.09523809523809523
204521	5	37	4	4	1.0
204521	2	17	5	5	1.0
204521	1	47	1547	120	0.07756948933419522
204521	2	29	23184	2589	0.11167184265010352
204521	1	52	5	5	1.0
204521	5	36	40	3	0.075
204521	3	43	68	0	0.0
204521	7	27	58	0	0.0
204521	7	33	720	0	0.0
204521	4	8	365	0	0.0
204521	7	37	37	0	0.0
204521	1	46	55	0	0.0
204521	7	23	123	0	0.0
204521	4	9	15	0	0.0
204521	5	22	4872	141	0.02894088669950739
204521	2	12	96	4	0.041666666666666664
204521	2	13	137	2	0.014598540145985401
204521	5	27	19	0	0.0
204521	3	53	4	0	0.0
204521	1	43	1585	164	0.10347003154574133
204521	1	42	178	10	0.056179775280898875
204521	5	32	644	15	0.023291925465838508
204521	5	33	143	1	0.006993006993006993
204521	5	26	1941	124	0.06388459556929418
204521	7	36	1167	2	0.001713796058269066
204521	3	46	52	0	0.0
204521	8	6	986	140	0.14198782961460446
204521	5	8	187	9	0.0481283422459893
204521	3	50	4	0	0.0
204521	7	22	5268	5	0.0009491268033409263
204521	3	44	43	0	0.0
204521	7	8	3823	1	0.0002615746795710175
204521	7	34	1292	3	0.0023219814241486067
204521	1	41	2886	93	0.032224532224532226
204521	6	48	8551	1047	0.12244181967021402
204521	2	10	5951	49	0.008233910267181985
204521	7	20	13934	14	0.0010047366154729439
204521	5	19	121	6	0.049586776859504134
204521	2	38	5	5	1.0
204521	2	11	1390	12	0.008633093525179856
204521	5	25	27	0	0.0
204521	3	45	293	0	0.0
204521	1	40	21	1	0.047619047619047616
204521	6	49	523	14	0.02676864244741874
204521	5	30	3410	16	0.00469208211143695
204521	5	24	517	20	0.03868471953578337
204521	3	51	6	0	0.0
204521	7	21	1487	0	0.0
204521	5	18	351	1	0.002849002849002849
204521	2	39	6441	21	0.0032603632976245926
204521	7	35	220	0	0.0
204521	6	9	24	6	0.25
204521	7	52	345	3	0.008695652173913044
204521	3	22	1350	0	0.0
204521	3	36	279	0	0.0
204521	8	17	1	0	0.0
204521	4	16	30	0	0.0
204521	5	43	1	1	1.0
204521	8	16	46	0	0.0
204521	1	27	288	5	0.017361111111111112
204521	1	26	17	2	0.11764705882352941
204521	3	37	905	1	0.0011049723756906078
204521	1	33	453	34	0.07505518763796909
204521	7	53	28	1	0.03571428571428571
204521	5	42	2	1	0.5
204521	1	9	372	1	0.002688172043010753
204521	7	51	77	0	0.0
204521	3	23	1193	0	0.0
204521	7	45	2	0	0.0
204521	3	21	5113	0	0.0
204521	3	35	878	0	0.0
204521	8	14	6	0	0.0
204521	5	54	1546	86	0.055627425614489
204521	6	39	73	10	0.136986301369863
204521	4	14	2	0	0.0
204521	4	28	222	0	0.0
204521	1	24	145	3	0.020689655172413793
204521	3	9	45	0	0.0
204521	1	30	22	0	0.0
204521	8	28	483	0	0.0
204521	6	11	19	2	0.10526315789473684
204521	5	40	2884	32	0.011095700416088766
204521	6	10	40	35	0.875
204521	8	29	174	0	0.0
204521	7	40	931	0	0.0
204521	4	15	7	0	0.0
204521	8	15	105	0	0.0
204521	2	48	28	0	0.0
204521	1	25	1998	230	0.11511511511511512
204521	1	31	371	6	0.016172506738544475
204521	4	11	90	0	0.0
204521	7	44	1	0	0.0
204521	6	38	3637	65	0.01787187242232609
204521	3	20	899	0	0.0
204521	3	34	922	0	0.0
204521	4	29	1282	0	0.0
204521	7	50	41	0	0.0
204521	3	30	62	0	0.0
204521	5	51	141	30	0.2127659574468085
204521	3	24	557	0	0.0
204521	1	19	11318	1039	0.09180067149673087
204521	4	39	904	0	0.0
204521	7	9	2	0	0.0
204521	1	35	41	3	0.07317073170731707
204521	8	11	6	0	0.0
204521	6	14	3396	25	0.007361601884570083
204521	1	20	44	3	0.06818181818181818
204521	8	39	107	0	0.0
204521	5	50	2254	434	0.19254658385093168
204521	1	21	4309	142	0.0329542817359016
204521	6	28	573	48	0.08376963350785341
204521	5	45	85	75	0.8823529411764706
204521	5	44	63	62	0.9841269841269841
204521	1	34	180	9	0.05
204521	4	10	116	0	0.0
204521	6	29	1404	191	0.13603988603988604
204521	4	38	2	0	0.0
204521	6	17	330	12	0.03636363636363636
204521	8	38	137	3	0.021897810218978103
204521	3	31	1505	2	0.00132890365448505
204521	8	10	8	0	0.0
204521	7	41	1	0	0.0
204521	6	15	4352	100	0.02297794117647059
204521	3	33	899	0	0.0
204521	3	25	1710	0	0.0
204521	7	43	5	0	0.0
204521	3	27	394	0	0.0
204521	4	12	20	0	0.0
204521	1	36	130	4	0.03076923076923077
204521	1	22	339	9	0.02654867256637168
204521	3	19	21212	38	0.0017914388082217612
204521	5	53	18	3	0.16666666666666666
204521	1	23	103	2	0.019417475728155338
204521	1	37	9796	331	0.0337893017558187
204521	3	32	13	0	0.0
204521	5	52	3081	358	0.11619604024667315
204521	4	36	761	0	0.0
204521	4	13	28	0	0.0
204521	4	22	2559	0	0.0
204521	8	36	300	0	0.0
204521	3	26	149	0	0.0
204521	8	22	7679	0	0.0
204521	2	42	243	14	0.05761316872427984
204521	3	17	1	0	0.0
204521	6	16	3820	97	0.025392670157068063
204521	6	33	306	68	0.2222222222222222
204521	1	12	12	0	0.0
204521	6	27	145	14	0.09655172413793103
204521	2	43	1261	29	0.022997620935765267
204521	6	7	1001	178	0.17782217782217782
204521	4	23	3649	0	0.0
204521	6	26	1153	68	0.05897658282740677
204521	1	13	74	0	0.0
204521	6	32	53	4	0.07547169811320754
204521	8	37	5	0	0.0
204521	4	5	73	1	0.0136986301369863
204521	8	23	427	0	0.0
204521	2	3	490	73	0.1489795918367347
204521	2	1	2521	332	0.13169377231257437
204521	3	28	123	0	0.0
204521	3	16	18	0	0.0
204521	8	35	360	0	0.0
204521	1	11	453	0	0.0
204521	4	35	188	0	0.0
204521	6	5	3419	790	0.23106171395144778
204521	3	14	1	0	0.0
204521	4	37	226	0	0.0
204521	6	24	960	154	0.16041666666666668
204521	6	18	799	35	0.04380475594493116
204521	8	21	2939	0	0.0
204521	4	21	12811	0	0.0
204521	2	40	57	4	0.07017543859649122
204521	6	25	174	13	0.07471264367816093
204521	1	38	7	7	1.0
204521	6	19	396	58	0.14646464646464646
204521	1	10	828	17	0.020531400966183576
204521	6	31	37	3	0.08108108108108109
204521	4	7	128	0	0.0
204521	1	39	6997	162	0.023152779762755468
204521	8	34	714	0	0.0
204521	4	34	912	0	0.0
204521	5	49	490	66	0.1346938775510204
204521	8	20	5373	4	0.000744463056020845
204521	5	48	2251	89	0.03953798311861395
204521	5	7	1095	54	0.049315068493150684
204521	4	20	524	0	0.0
204521	2	41	8621	770	0.08931678459575455
204521	3	29	503	0	0.0
204521	6	30	24781	4073	0.1643597917759574
204521	3	39	871	0	0.0
204521	5	3	31	3	0.0967741935483871
204521	7	49	31	1	0.03225806451612903
204521	7	1	63	7	0.1111111111111111
204521	4	18	1	0	0.0
204521	6	21	1488	301	0.20228494623655913
204521	3	11	114	0	0.0
204521	1	28	28	0	0.0
204521	4	30	438	0	0.0
204521	4	24	716	0	0.0
204521	6	35	202	42	0.2079207920792079
204521	1	3	1387	123	0.08868060562364816
204521	3	15	4	0	0.0
204521	8	18	5	0	0.0
204521	8	30	1643	2	0.0012172854534388314
204521	8	24	4730	1	0.00021141649048625792
204521	2	50	14	1	0.07142857142857142
204521	2	44	225	6	0.02666666666666667
204521	2	45	1336	12	0.008982035928143712
204521	1	14	1	1	1.0
204521	2	5	71	53	0.7464788732394366
204521	2	51	124	124	1.0
204521	3	10	138	1	0.007246376811594203
204521	8	19	1107	0	0.0
204521	6	34	472	128	0.2711864406779661
204521	8	25	235	0	0.0
204521	8	31	24	0	0.0
204521	1	15	4	4	1.0
204521	1	29	2524	1	0.0003961965134706815
204521	3	38	6	1	0.16666666666666666
204521	4	1	391	10	0.02557544757033248
204521	4	3	2100	1	0.0004761904761904762
204521	6	1	63	43	0.6825396825396826
204521	7	48	107	1	0.009345794392523364
204521	4	19	8104	0	0.0
204521	6	20	4664	358	0.0767581475128645
204521	4	31	31	0	0.0
204521	4	25	1052	0	0.0
204521	4	33	823	0	0.0
204521	3	12	5	0	0.0
204521	8	27	173	0	0.0
204521	4	27	1485	0	0.0
204521	8	33	766	0	0.0
204521	6	36	329	57	0.17325227963525835
204521	6	3	56	10	0.17857142857142858
204521	1	16	3	1	0.3333333333333333
204521	2	46	168	11	0.06547619047619048
204521	8	26	170	0	0.0
204521	2	7	64	10	0.15625
204521	8	32	10	0	0.0
204521	1	5	26	21	0.8076923076923077
204521	2	53	7	1	0.14285714285714285
204521	3	7	277	0	0.0
204521	6	23	153	29	0.1895424836601307
204521	6	37	10	4	0.4
204521	4	26	173	0	0.0
204521	3	13	14	0	0.0
204521	4	32	2	0	0.0
204521	2	47	5848	217	0.03710670314637483
204521	4	6	165	33	0.2
204521	6	22	12828	2605	0.20307140629872156
204521	7	10	5	0	0.0
204521	3	48	1	0	0.0
204521	5	15	1006	26	0.02584493041749503
204521	6	44	107	82	0.7663551401869159
204521	7	38	276	2	0.007246376811594203
204521	2	34	206	17	0.0825242718446602
204521	6	50	2202	55	0.024977293369663943
204521	4	41	995	0	0.0
204521	5	29	17	0	0.0
204521	2	20	14	0	0.0
204521	5	28	421	24	0.057007125890736345
204521	5	14	641	7	0.0109204368174727
204521	2	35	82	6	0.07317073170731707
204521	6	51	224	15	0.06696428571428571
204521	8	40	326	2	0.006134969325153374
204521	8	54	245	0	0.0
204521	4	40	151	0	0.0
204521	4	42	3	0	0.0
204521	7	11	3	0	0.0
204521	6	53	117	8	0.06837606837606838
204521	7	39	80	0	0.0
204521	5	16	1736	2	0.001152073732718894
204521	2	36	432	27	0.0625
204521	2	23	655	31	0.04732824427480916
204521	5	17	58	3	0.05172413793103448
204521	2	22	1365	101	0.073992673992674
204521	6	46	92	6	0.06521739130434782
204521	4	53	2	0	0.0
204521	2	21	15093	1494	0.09898628503279666
204521	8	9	2	0	0.0
204521	4	47	223	0	0.0
204521	2	6	279	173	0.6200716845878136
204521	7	16	565	1	0.0017699115044247787
204521	4	43	114	0	0.0
204521	2	37	2986	14	0.004688546550569324
204521	6	52	2255	14	0.006208425720620843
204521	8	53	6	0	0.0
204521	2	32	1	0	0.0
204521	2	26	43	3	0.06976744186046512
204521	2	27	1264	47	0.037183544303797465
204521	4	46	27	0	0.0
204521	2	33	605	106	0.17520661157024794
204521	7	15	209	0	0.0
204521	7	29	48	0	0.0
204521	4	44	13	0	0.0
204521	6	43	74	8	0.10810810810810811
204521	4	50	1	0	0.0
204521	5	10	6	6	1.0
204521	7	17	9	0	0.0
204521	8	52	95	0	0.0
204521	2	25	1262	45	0.03565768621236133
204521	2	31	20	0	0.0
204521	5	38	3809	47	0.012339196639537937
204521	2	18	5	2	0.4
204521	2	19	3280	202	0.061585365853658536
204521	2	24	208	33	0.15865384615384615
204521	6	41	110	0	0.0
204521	2	30	1033	101	0.09777347531461762
204521	8	50	193	0	0.0
204521	5	39	17	1	0.058823529411764705
204521	4	45	41	0	0.0
204521	4	2	961	102	0.10613943808532779
204521	8	51	11	0	0.0
204521	6	40	2346	24	0.010230179028132993
204521	7	28	1739	0	0.0
205220	7	31	30	0	0.0
204521	7	14	72	0	0.0
205220	4	48	5	0	0.0
205220	7	19	916	0	0.0
204521	6	54	4551	202	0.04438584926389805
205220	7	25	196	0	0.0
205220	2	8	162	7	0.043209876543209874
205220	3	41	123	0	0.0
205220	5	20	7365	292	0.0396469789545146
205220	8	48	742	0	0.0
205220	5	34	58	0	0.0
205220	2	9	2367	4	0.0016899028305872412
205220	1	44	442	23	0.05203619909502263
205220	2	15	36	22	0.6111111111111112
205220	2	29	17830	3085	0.17302299495232754
205220	2	28	451	6	0.013303769401330377
205220	5	21	448	0	0.0
205220	2	14	16	0	0.0
205220	8	49	88	0	0.0
205220	1	45	4937	201	0.04071298359327527
205220	7	18	60	0	0.0
205220	3	8	100	0	0.0
205220	7	26	1576	1	0.0006345177664974619
205220	1	8	111	4	0.036036036036036036
205220	1	51	76	76	1.0
205220	3	40	43	0	0.0
205220	1	47	130	0	0.0
205220	7	30	308	0	0.0
205220	5	35	47	1	0.02127659574468085
205220	7	32	19	0	0.0
205220	2	17	1	1	1.0
205220	3	42	51	0	0.0
205220	2	16	38	0	0.0
205220	5	23	186	0	0.0
205220	7	24	1060	0	0.0
205220	5	22	795	13	0.016352201257861635
205220	1	52	1	1	1.0
205220	7	33	171	0	0.0
205220	5	36	19	0	0.0
205220	7	27	24	0	0.0
205220	3	43	71	0	0.0
205220	1	46	41	0	0.0
205220	7	23	682	0	0.0
205220	2	13	325	11	0.033846153846153845
205220	5	27	19	0	0.0
205220	4	8	809	0	0.0
205220	5	32	6	0	0.0
205220	4	9	5	0	0.0
205220	7	37	14	0	0.0
205220	5	26	3584	90	0.025111607142857144
205220	3	53	17	0	0.0
205220	1	42	1943	52	0.02676273803396809
205220	3	52	4	0	0.0
205220	2	12	39	0	0.0
205220	5	33	112	0	0.0
205220	3	46	27	0	0.0
205220	7	36	391	0	0.0
205220	7	22	1454	1	0.000687757909215956
205220	1	43	1496	92	0.06149732620320856
205220	1	41	1680	6	0.0035714285714285713
205220	8	6	863	47	0.054461181923522596
205220	3	50	22	0	0.0
205220	5	8	222	3	0.013513513513513514
205220	7	8	1994	0	0.0
205220	3	44	41	0	0.0
205220	7	20	8691	0	0.0
205220	7	34	101	0	0.0
205220	5	25	11	0	0.0
205220	5	30	1251	0	0.0
205220	5	19	66	0	0.0
205220	2	10	3583	12	0.0033491487580240022
205220	5	31	1	0	0.0
205220	7	35	104	0	0.0
205220	5	18	202	4	0.019801980198019802
205220	2	39	6291	67	0.010650135113654428
205220	5	24	23	0	0.0
205220	3	51	3	0	0.0
205220	6	49	1763	47	0.02665910380034033
205220	2	11	1882	8	0.004250797024442083
205220	3	45	454	0	0.0
205220	6	48	14264	1147	0.0804122265844083
205220	1	40	45	1	0.022222222222222223
205220	6	9	6	0	0.0
205220	3	36	86	0	0.0
205220	1	33	292	26	0.08904109589041095
205220	7	52	363	0	0.0
205220	7	46	1	0	0.0
205220	3	22	1195	0	0.0
205220	1	27	206	2	0.009708737864077669
205220	4	16	54	0	0.0
205220	7	21	611	0	0.0
205220	3	37	530	0	0.0
205220	1	9	201	1	0.004975124378109453
205220	7	53	8	0	0.0
205220	1	26	48	1	0.020833333333333332
205220	8	16	24	0	0.0
205220	7	51	213	0	0.0
205220	4	14	12	0	0.0
205220	3	9	16	0	0.0
205220	3	21	4861	0	0.0
205220	3	23	1805	0	0.0
205220	3	35	376	0	0.0
205220	4	28	683	0	0.0
205220	6	39	273	7	0.02564102564102564
205220	1	24	205	3	0.014634146341463415
205220	1	30	8	0	0.0
205220	8	14	2	0	0.0
205220	2	48	4	0	0.0
205220	5	40	5095	21	0.0041216879293424925
205220	8	15	120	0	0.0
205220	6	11	18	0	0.0
205220	1	25	908	50	0.05506607929515418
205220	4	29	1539	0	0.0
205220	8	29	733	0	0.0
205220	6	10	15	7	0.4666666666666667
205220	4	15	15	0	0.0
205220	3	20	3537	0	0.0
205220	3	34	352	0	0.0
205220	8	28	1605	0	0.0
205220	6	38	1631	80	0.049049662783568364
205220	5	54	170	3	0.01764705882352941
205220	1	31	2159	0	0.0
205220	1	19	8063	419	0.05196576956467816
205220	8	39	259	0	0.0
205220	7	44	3	0	0.0
205220	4	39	1922	0	0.0
205220	7	50	27	0	0.0
205220	4	11	36	0	0.0
205220	8	11	10	0	0.0
205220	7	40	169	0	0.0
205220	3	24	256	0	0.0
205220	6	14	2927	14	0.004783054321831227
205220	3	30	23	0	0.0
205220	5	45	2	2	1.0
205220	1	35	90	5	0.05555555555555555
205220	6	28	974	113	0.11601642710472279
205220	1	21	1578	61	0.038656527249683145
205220	7	9	2	0	0.0
205220	5	50	1464	188	0.1284153005464481
205220	6	15	3486	51	0.014629948364888123
205220	3	31	1173	0	0.0
205220	4	38	4	0	0.0
205220	3	25	2498	0	0.0
205220	1	20	344	11	0.03197674418604651
205220	1	34	168	9	0.05357142857142857
205220	5	51	537	108	0.2011173184357542
205220	8	38	19	0	0.0
205220	6	29	2216	217	0.09792418772563177
205220	8	10	6	0	0.0
205220	5	44	74	74	1.0
205220	4	10	51	0	0.0
205220	1	36	66	1	0.015151515151515152
205220	3	33	591	0	0.0
205220	3	27	228	0	0.0
205220	6	17	77	0	0.0
205220	7	43	9	0	0.0
205220	5	53	30	5	0.16666666666666666
205220	3	26	137	0	0.0
205220	1	22	608	8	0.013157894736842105
205220	3	19	18009	0	0.0
205220	3	32	11	0	0.0
205220	1	23	52	2	0.038461538461538464
205220	6	16	4150	61	0.014698795180722892
205220	4	13	11	0	0.0
205220	1	37	8476	38	0.004483246814535158
205220	5	52	4150	509	0.12265060240963856
205220	8	36	42	0	0.0
205220	4	36	222	0	0.0
205220	8	22	1213	0	0.0
205220	4	22	5785	0	0.0
205220	6	7	423	25	0.0591016548463357
205220	1	12	7	0	0.0
205220	6	32	4	0	0.0
205220	6	33	304	15	0.049342105263157895
205220	6	26	2387	173	0.0724759111855886
205220	6	27	665	12	0.01804511278195489
205220	8	37	16	0	0.0
205220	4	5	97	0	0.0
205220	2	43	2494	2	0.0008019246190858059
205220	1	13	214	0	0.0
205220	2	42	1653	41	0.024803387779794312
205220	4	37	177	1	0.005649717514124294
205220	8	23	1474	0	0.0
205220	3	16	6	0	0.0
205220	4	23	2060	0	0.0
205220	2	3	494	19	0.038461538461538464
205220	2	1	3009	279	0.09272183449651047
205220	4	21	3135	0	0.0
205220	4	35	128	0	0.0
205220	3	28	47	0	0.0
205220	1	11	754	1	0.001326259946949602
205220	6	5	2417	532	0.2201075713694663
205220	8	21	3016	0	0.0
205220	6	18	583	8	0.0137221269296741
205220	8	35	206	0	0.0
205220	5	49	1689	167	0.09887507400828893
205220	6	24	220	21	0.09545454545454546
205220	2	40	176	4	0.022727272727272728
205220	4	7	156	0	0.0
205220	1	39	7436	35	0.004706831629908553
205220	5	48	2198	79	0.0359417652411283
205220	1	10	1474	23	0.015603799185888738
205220	5	7	1478	21	0.014208389715832206
205220	1	38	4	4	1.0
205220	8	34	52	0	0.0
205220	6	19	272	20	0.07352941176470588
205220	6	25	273	6	0.02197802197802198
205220	6	30	21594	2269	0.1050754839307215
205220	4	34	1328	0	0.0
205220	8	20	2727	1	0.0003667033370003667
205220	2	41	12470	469	0.0376102646351243
205220	3	29	193	0	0.0
205220	1	3	1670	35	0.020958083832335328
205220	7	49	110	0	0.0
205220	3	15	5	0	0.0
205220	7	1	39	3	0.07692307692307693
205220	4	20	6557	0	0.0
205220	4	24	1252	0	0.0
205220	3	11	156	0	0.0
205220	6	35	193	12	0.06217616580310881
205220	5	3	34	0	0.0
205220	8	18	5	0	0.0
205220	4	30	376	0	0.0
205220	4	18	2	0	0.0
205220	3	39	1817	0	0.0
205220	2	51	90	89	0.9888888888888889
205220	8	30	1493	0	0.0
205220	8	24	1532	0	0.0
205220	6	21	3622	241	0.06653782440640531
205220	2	50	8	0	0.0
205220	1	28	47	0	0.0
205220	2	44	396	8	0.020202020202020204
205220	2	5	77	35	0.45454545454545453
205220	1	15	6	6	1.0
205220	2	45	3230	13	0.004024767801857585
205220	8	25	298	0	0.0
205220	6	34	124	25	0.20161290322580644
205220	8	19	1208	0	0.0
205220	1	29	718	1	0.001392757660167131
205220	6	1	82	25	0.3048780487804878
205220	3	10	60	0	0.0
205220	4	33	290	0	0.0
205220	6	3	56	6	0.10714285714285714
205220	4	1	326	1	0.003067484662576687
205220	6	20	3216	211	0.06560945273631841
205220	4	3	1804	0	0.0
205220	4	25	1252	0	0.0
205220	3	38	5	0	0.0
205220	4	27	3447	0	0.0
205220	7	48	110	0	0.0
205220	4	31	6	0	0.0
205220	8	27	499	0	0.0
205220	2	53	3	0	0.0
205220	4	19	6536	0	0.0
205220	8	33	427	0	0.0
205220	2	46	200	1	0.005
205220	6	36	70	7	0.1
205220	2	7	31	4	0.12903225806451613
205220	6	22	4274	530	0.12400561534861956
205220	8	26	670	0	0.0
205220	3	7	192	0	0.0
205220	6	23	970	74	0.07628865979381444
205220	6	37	13	2	0.15384615384615385
205220	3	13	39	0	0.0
205220	1	5	19	11	0.5789473684210527
205220	4	26	491	0	0.0
205220	8	41	20	0	0.0
205220	7	10	3	0	0.0
205220	4	6	414	33	0.07971014492753623
205220	3	48	1	0	0.0
205220	4	41	859	0	0.0
205220	6	50	1685	17	0.010089020771513354
205220	6	44	50	46	0.92
205220	5	29	62	0	0.0
205220	7	38	62	1	0.016129032258064516
205220	2	34	278	10	0.03597122302158273
205220	5	28	229	0	0.0
205220	5	15	1134	75	0.06613756613756613
205220	2	20	188	6	0.031914893617021274
205220	2	35	54	4	0.07407407407407407
205220	2	47	10957	7	0.0006388610020991147
205220	2	21	5386	553	0.10267359821760119
205220	5	14	142	0	0.0
205220	7	39	101	0	0.0
205220	8	54	16	0	0.0
205220	6	51	388	6	0.015463917525773196
205220	8	40	590	0	0.0
205220	4	40	297	0	0.0
205220	7	11	24	0	0.0
205220	4	42	21	0	0.0
205220	2	37	1713	23	0.013426736719206071
205220	5	16	797	1	0.0012547051442910915
205220	4	43	59	0	0.0
205220	8	9	2	0	0.0
205220	6	46	13	0	0.0
205220	5	17	15	2	0.13333333333333333
205220	2	22	1916	79	0.04123173277661795
205220	2	36	156	4	0.02564102564102564
205220	2	6	270	78	0.28888888888888886
205220	8	53	3	0	0.0
205220	4	47	32	0	0.0
205220	2	23	787	15	0.01905972045743329
205220	7	16	81	0	0.0
205220	6	53	75	3	0.04
205220	2	26	144	6	0.041666666666666664
205220	6	52	4322	41	0.00948634891254049
205220	4	46	13	0	0.0
205220	8	52	19	0	0.0
205220	2	33	207	22	0.10628019323671498
205220	7	17	9	0	0.0
205220	6	43	69	2	0.028985507246376812
205220	2	27	1574	108	0.06861499364675985
205220	7	29	93	0	0.0
205220	6	41	173	0	0.0
205220	4	44	11	0	0.0
205220	7	15	373	0	0.0
205220	5	10	4	4	1.0
205220	8	50	17	0	0.0
205220	2	19	2472	13	0.0052588996763754045
205220	2	31	203	0	0.0
205220	4	2	1011	49	0.04846686449060336
205220	2	25	320	16	0.05
205220	2	30	724	35	0.04834254143646409
205220	5	38	2082	9	0.004322766570605188
205220	5	39	29	0	0.0
205220	2	24	514	30	0.058365758754863814
205220	2	18	3	0	0.0
205220	8	51	4	0	0.0
205220	4	45	48	0	0.0
209228	2	8	54	1	0.018518518518518517
205220	6	40	2802	71	0.025339043540328336
209228	1	50	3	0	0.0
209228	7	25	48	0	0.0
209228	7	19	2210	0	0.0
209228	7	31	245	0	0.0
205220	7	28	291	1	0.003436426116838488
209228	3	41	207	0	0.0
205220	7	14	25	0	0.0
205220	6	54	5883	145	0.024647288798232195
209228	1	44	236	8	0.03389830508474576
209228	5	20	9362	357	0.03813287759025849
209228	8	48	1032	0	0.0
209228	2	9	2735	10	0.003656307129798903
209228	5	34	155	5	0.03225806451612903
209228	2	28	46	0	0.0
209228	2	15	18	14	0.7777777777777778
209228	7	24	1276	0	0.0
209228	8	49	89	0	0.0
209228	7	30	356	0	0.0
209228	1	51	19	19	1.0
209228	3	40	7	0	0.0
209228	3	8	18	0	0.0
209228	7	18	22	0	0.0
209228	5	21	654	10	0.01529051987767584
209228	2	14	18	9	0.5
209228	7	32	117	0	0.0
209228	5	35	51	1	0.0196078431372549
209228	1	45	2308	87	0.037694974003466206
209228	1	8	16	0	0.0
209228	7	26	141	0	0.0
209228	2	29	14741	3158	0.21423241299776136
209228	1	47	282	25	0.08865248226950355
209228	5	36	45	2	0.044444444444444446
209228	5	23	140	1	0.007142857142857143
209228	3	43	58	0	0.0
209228	5	22	3114	40	0.012845215157353885
209228	2	16	50	0	0.0
209228	7	33	201	0	0.0
209228	7	27	85	0	0.0
209228	3	42	30	0	0.0
209228	5	37	6	4	0.6666666666666666
209228	4	8	103	0	0.0
209228	7	37	7	0	0.0
209228	1	46	68	4	0.058823529411764705
209228	7	23	710	0	0.0
209228	5	26	676	6	0.008875739644970414
209228	2	12	238	2	0.008403361344537815
209228	5	33	192	9	0.046875
209228	5	32	107	8	0.07476635514018691
209228	4	9	140	0	0.0
209228	2	13	405	20	0.04938271604938271
209228	1	42	565	51	0.09026548672566372
209228	5	27	6	0	0.0
209228	7	22	961	0	0.0
209228	1	43	1154	53	0.04592720970537262
209228	5	8	433	9	0.020785219399538105
209228	7	36	755	0	0.0
209228	3	46	22	0	0.0
209228	8	6	1389	121	0.0871130309575234
209228	7	8	3917	0	0.0
209228	7	34	281	0	0.0
209228	7	20	8610	3	0.0003484320557491289
209228	6	48	9387	948	0.10099073186321508
209228	3	50	17	0	0.0
209228	3	44	20	0	0.0
209228	5	19	564	16	0.028368794326241134
209228	1	41	2262	122	0.053934571175950484
209228	2	10	3520	22	0.00625
209228	5	31	19	0	0.0
209228	5	18	259	0	0.0
209228	2	39	4706	20	0.004249893752656183
209228	5	30	2980	3	0.0010067114093959733
209228	3	51	8	0	0.0
209228	6	49	1904	47	0.02468487394957983
209228	6	9	17	0	0.0
209228	5	25	2	0	0.0
209228	3	45	190	0	0.0
209228	3	22	357	0	0.0
209228	1	40	2	0	0.0
209228	7	21	1135	0	0.0
209228	7	35	106	0	0.0
209228	7	52	75	0	0.0
209228	2	11	1134	44	0.03880070546737213
209228	5	24	136	0	0.0
209228	3	36	83	0	0.0
209228	8	17	6	0	0.0
209228	4	16	33	0	0.0
209228	1	32	2	0	0.0
209228	1	9	110	0	0.0
209228	7	51	31	0	0.0
209228	1	33	268	19	0.0708955223880597
209228	7	53	8	0	0.0
209228	1	26	7	0	0.0
209228	3	37	321	2	0.006230529595015576
209228	3	35	487	0	0.0
209228	1	27	236	2	0.00847457627118644
209228	3	23	1265	0	0.0
209228	4	14	10	0	0.0
209228	3	21	765	0	0.0
209228	4	28	74	0	0.0
209228	8	16	82	0	0.0
209228	1	30	5	0	0.0
209228	3	9	36	0	0.0
209228	6	39	25	0	0.0
209228	5	54	132	7	0.05303030303030303
209228	8	28	941	0	0.0
209228	1	24	218	0	0.0
209228	5	40	1764	2	0.0011337868480725624
209228	8	14	36	0	0.0
209228	8	15	366	1	0.00273224043715847
209228	6	11	45	5	0.1111111111111111
209228	4	15	10	0	0.0
209228	3	34	234	0	0.0
209228	1	25	419	10	0.02386634844868735
209228	6	10	36	33	0.9166666666666666
209228	1	31	2717	5	0.001840264998159735
209228	8	29	214	0	0.0
209228	6	38	829	27	0.032569360675512665
209228	3	20	2209	0	0.0
209228	4	29	2615	0	0.0
209228	1	19	8325	452	0.0542942942942943
209228	7	50	63	0	0.0
209228	3	30	12	0	0.0
209228	7	40	39	0	0.0
209228	6	28	593	44	0.07419898819561552
209228	5	51	112	4	0.03571428571428571
209228	8	39	36	0	0.0
209228	8	11	19	0	0.0
209228	4	11	346	0	0.0
209228	1	35	131	3	0.022900763358778626
209228	1	21	2321	60	0.025850926324859975
209228	7	44	2	0	0.0
209228	3	24	108	0	0.0
209228	3	18	1	0	0.0
209228	5	50	954	37	0.03878406708595388
209228	4	39	976	0	0.0
209228	1	20	341	4	0.011730205278592375
209228	7	9	2	0	0.0
209228	5	44	11	11	1.0
209228	6	14	2309	5	0.0021654395842356
209228	8	10	7	0	0.0
209228	1	34	248	10	0.04032258064516129
209228	3	31	1244	1	0.0008038585209003215
209228	8	38	58	1	0.017241379310344827
209228	4	12	18	0	0.0
209228	7	43	9	0	0.0
209228	3	27	363	0	0.0
209228	4	38	3	0	0.0
209228	6	29	1171	98	0.08368915456874466
209228	3	33	209	0	0.0
209228	1	36	70	0	0.0
209228	5	52	3089	166	0.053739074134023956
209228	6	17	152	1	0.006578947368421052
209228	3	19	16571	43	0.002594894695552471
209228	4	10	289	0	0.0
209228	3	25	1046	0	0.0
209228	1	22	419	1	0.002386634844868735
209228	5	53	42	2	0.047619047619047616
209228	6	15	3404	30	0.00881316098707403
209228	3	26	10	0	0.0
209228	1	23	195	1	0.005128205128205128
209228	3	32	2	0	0.0
209228	1	37	5073	19	0.003745318352059925
209228	6	16	2494	89	0.035685645549318364
209228	6	27	25	1	0.04
209228	4	36	29	0	0.0
209228	6	7	498	28	0.05622489959839357
209228	1	12	33	0	0.0
209228	6	26	199	0	0.0
209228	2	42	2021	71	0.0351311232063335
209228	6	32	14	0	0.0
209228	6	33	115	6	0.05217391304347826
209228	4	22	1193	0	0.0
209228	2	43	677	1	0.0014771048744460858
209228	8	36	18	0	0.0
209228	4	13	53	0	0.0
209228	8	22	2276	0	0.0
209228	8	37	2	0	0.0
209228	4	5	36	1	0.027777777777777776
209228	8	23	541	0	0.0
209228	4	23	4303	0	0.0
209228	1	13	130	1	0.007692307692307693
209228	4	35	39	0	0.0
209228	3	16	1	0	0.0
209228	2	3	713	9	0.012622720897615708
209228	3	28	2	0	0.0
209228	2	1	2567	478	0.18620958317101674
209228	4	37	256	0	0.0
209228	1	11	258	1	0.003875968992248062
209228	6	24	751	88	0.11717709720372836
209228	8	35	52	0	0.0
209228	8	21	1787	0	0.0
209228	4	21	3737	0	0.0
209228	6	18	660	32	0.048484848484848485
209228	1	39	3309	11	0.003324267150196434
209228	6	5	3078	493	0.16016894087069525
209228	4	7	144	0	0.0
209228	5	48	2218	132	0.059513074842200184
209228	2	40	35	0	0.0
209228	2	54	17	0	0.0
209228	6	31	20	2	0.1
209228	4	34	248	0	0.0
209228	6	25	4	1	0.25
209228	6	19	185	10	0.05405405405405406
209228	5	49	1289	80	0.062063615205585725
209228	8	20	1654	0	0.0
209228	1	10	673	10	0.014858841010401188
209228	3	29	527	0	0.0
209228	1	38	1	0	0.0
209228	8	34	69	0	0.0
209228	4	20	888	0	0.0
209228	5	7	1597	44	0.027551659361302442
209228	2	41	10191	222	0.02178392699440683
209228	6	30	22436	3712	0.1654483865216616
209228	3	15	5	0	0.0
209228	7	1	41	3	0.07317073170731707
209228	4	30	193	0	0.0
209228	4	18	1	0	0.0
209228	6	35	62	8	0.12903225806451613
209228	5	3	37	0	0.0
209228	1	3	2012	86	0.042743538767395624
209228	6	21	2359	171	0.07248834251801611
209228	4	24	865	0	0.0
209228	8	30	1158	1	0.0008635578583765112
209228	7	49	23	0	0.0
209228	8	18	31	0	0.0
209228	1	14	1	1	1.0
209228	3	39	332	0	0.0
209228	3	11	63	0	0.0
209228	1	28	10	0	0.0
209228	8	24	4074	0	0.0
209228	2	45	2688	7	0.0026041666666666665
209228	8	31	1	0	0.0
209228	2	51	13	12	0.9230769230769231
209228	6	34	122	16	0.13114754098360656
209228	2	44	576	18	0.03125
209228	2	50	8	0	0.0
209228	8	25	18	0	0.0
209228	2	5	74	56	0.7567567567567568
209228	1	15	7	7	1.0
209228	6	20	4240	126	0.029716981132075472
209228	1	29	1608	1	0.0006218905472636816
209228	8	19	820	0	0.0
209228	4	3	2476	0	0.0
209228	4	19	4713	0	0.0
209228	3	10	257	0	0.0
209228	3	12	6	0	0.0
209228	6	3	17	2	0.11764705882352941
209228	6	36	28	1	0.03571428571428571
209228	4	31	51	0	0.0
209228	2	7	43	4	0.09302325581395349
209228	4	1	432	3	0.006944444444444444
209228	6	1	66	52	0.7878787878787878
209228	3	38	20	0	0.0
209228	4	25	413	0	0.0
209228	8	33	231	0	0.0
209228	7	48	213	0	0.0
209228	4	33	105	0	0.0
209228	4	27	854	0	0.0
209228	2	46	120	0	0.0
209228	8	27	59	0	0.0
209228	6	22	8803	1303	0.1480177212313984
209228	1	16	2	0	0.0
209228	8	26	162	0	0.0
209228	3	7	125	0	0.0
209228	1	5	47	19	0.40425531914893614
209228	7	38	237	0	0.0
209228	7	10	12	0	0.0
209228	3	13	10	0	0.0
209228	4	41	1238	0	0.0
209228	4	26	37	0	0.0
209228	4	6	75	8	0.10666666666666667
209228	6	37	11	10	0.9090909090909091
209228	6	23	465	58	0.12473118279569892
209228	4	32	9	0	0.0
209228	2	47	6422	23	0.0035814388041108688
209228	6	50	495	5	0.010101010101010102
209228	6	44	10	10	1.0
209228	4	40	53	0	0.0
209228	5	28	195	0	0.0
209228	2	20	93	1	0.010752688172043012
209228	8	54	22	0	0.0
209228	7	11	4	0	0.0
209228	7	39	46	0	0.0
209228	4	42	53	0	0.0
209228	5	14	299	4	0.013377926421404682
209228	5	15	676	24	0.03550295857988166
209228	8	40	586	0	0.0
209228	6	51	459	21	0.0457516339869281
209228	6	47	3	0	0.0
209228	2	21	9688	1142	0.11787778695293147
209228	5	29	13	0	0.0
209228	2	34	96	3	0.03125
209228	2	35	90	1	0.011111111111111112
209228	2	23	1085	106	0.09769585253456221
209228	2	6	164	82	0.5
209228	6	53	39	0	0.0
209228	8	53	4	0	0.0
209228	6	46	75	4	0.05333333333333334
209228	6	52	2621	26	0.009919877909194963
209228	2	36	70	4	0.05714285714285714
209228	5	17	42	1	0.023809523809523808
209228	5	16	750	0	0.0
209228	4	43	20	0	0.0
209228	8	9	5	0	0.0
209228	4	47	18	0	0.0
209228	7	16	53	0	0.0
209228	2	37	1072	4	0.0037313432835820895
209228	2	22	1552	66	0.04252577319587629
209228	2	26	8	0	0.0
209228	8	46	1	0	0.0
209228	2	27	804	56	0.06965174129353234
209228	4	44	23	0	0.0
209228	7	17	4	0	0.0
209228	5	38	1882	7	0.0037194473963868225
209228	2	33	257	2	0.007782101167315175
209228	4	46	3	0	0.0
209228	7	29	46	0	0.0
209228	7	15	215	0	0.0
209228	2	18	1	1	1.0
209228	2	31	225	0	0.0
209228	6	41	6	0	0.0
209228	2	25	237	3	0.012658227848101266
209228	8	50	11	0	0.0
209228	2	24	485	15	0.030927835051546393
209228	2	30	602	33	0.054817275747508304
209228	2	19	4754	68	0.01430374421539756
209228	5	10	6	4	0.6666666666666666
209228	6	43	31	0	0.0
209228	8	52	23	0	0.0
209228	5	39	4	0	0.0
209228	8	51	16	1	0.0625
209228	6	40	1385	9	0.006498194945848376
209228	4	2	1615	147	0.09102167182662539
209228	4	45	17	0	0.0
209228	7	14	18	0	0.0
212419	3	41	116	0	0.0
212419	1	50	1	0	0.0
212419	7	25	11	0	0.0
212419	7	19	1272	0	0.0
209228	7	28	59	0	0.0
212419	2	8	7	0	0.0
212419	2	9	3177	0	0.0
212419	7	31	408	0	0.0
209228	6	54	9036	249	0.02755644090305445
212419	1	44	316	90	0.2848101265822785
212419	5	20	8559	89	0.010398411029325856
212419	8	48	885	0	0.0
212419	2	15	2	0	0.0
212419	5	34	232	7	0.03017241379310345
212419	8	49	53	0	0.0
212419	7	24	890	5	0.0056179775280898875
212419	3	8	12	0	0.0
212419	7	30	331	0	0.0
212419	7	18	9	0	0.0
212419	2	14	1	0	0.0
212419	5	35	30	1	0.03333333333333333
212419	5	21	355	2	0.005633802816901409
212419	2	28	2	0	0.0
212419	3	40	7	0	0.0
212419	1	45	2957	198	0.06695975650997633
212419	1	8	3	0	0.0
212419	2	29	15951	2047	0.12833051219359287
212419	5	37	5	0	0.0
212419	7	26	36	0	0.0
212419	1	47	1713	103	0.060128429655575015
212419	3	42	33	0	0.0
212419	7	32	152	0	0.0
212419	2	16	1	0	0.0
212419	5	23	64	0	0.0
212419	5	36	23	0	0.0
212419	7	27	16	0	0.0
212419	7	33	412	0	0.0
212419	7	37	92	0	0.0
212419	5	32	30	0	0.0
212419	4	8	37	0	0.0
212419	3	43	4	0	0.0
212419	5	26	447	0	0.0
212419	1	46	84	5	0.05952380952380952
212419	5	27	1	0	0.0
212419	2	12	34	0	0.0
212419	1	42	531	16	0.030131826741996232
212419	2	13	140	1	0.007142857142857143
212419	5	22	3848	70	0.018191268191268192
212419	5	8	209	10	0.04784688995215311
212419	7	23	184	0	0.0
212419	5	33	184	2	0.010869565217391304
212419	7	34	267	1	0.003745318352059925
212419	3	44	24	0	0.0
212419	7	20	6539	0	0.0
212419	8	6	417	48	0.11510791366906475
212419	7	8	2690	1	0.0003717472118959108
212419	7	36	1371	0	0.0
212419	3	46	11	0	0.0
212419	1	43	1034	73	0.07059961315280464
212419	7	22	937	13	0.013874066168623266
212419	1	41	5607	115	0.02051007668985197
212419	6	48	14763	1579	0.10695658064079117
212419	5	25	1	0	0.0
212419	2	10	3216	0	0.0
212419	5	18	727	3	0.0041265474552957355
212419	6	9	1	0	0.0
212419	3	51	5	0	0.0
212419	5	30	2150	0	0.0
212419	3	45	63	0	0.0
212419	7	21	692	0	0.0
212419	5	19	157	0	0.0
212419	7	35	112	0	0.0
212419	5	24	366	6	0.01639344262295082
212419	2	39	3203	1	0.00031220730565095225
212419	5	31	3	0	0.0
212419	2	11	3070	2	0.0006514657980456026
212419	7	46	1	0	0.0
212419	6	49	2841	231	0.08130939809926083
212419	3	36	68	0	0.0
212419	1	32	36	0	0.0
212419	3	23	1071	0	0.0
212419	8	16	19	0	0.0
212419	1	27	86	0	0.0
212419	3	22	263	0	0.0
212419	3	37	979	0	0.0
212419	7	52	127	0	0.0
212419	1	33	434	34	0.07834101382488479
212419	3	35	858	0	0.0
212419	7	51	24	0	0.0
212419	7	53	5	0	0.0
212419	1	9	493	0	0.0
212419	4	16	6	0	0.0
212419	3	21	1169	0	0.0
212419	1	30	3	0	0.0
212419	8	28	1601	0	0.0
212419	1	24	2	0	0.0
212419	1	19	13024	439	0.033707002457002457
212419	8	14	3	0	0.0
212419	3	9	10	0	0.0
212419	4	28	66	0	0.0
212419	6	39	1	0	0.0
212419	5	54	630	52	0.08253968253968254
212419	5	40	2788	1	0.0003586800573888092
212419	8	15	14	0	0.0
212419	3	34	188	0	0.0
212419	1	31	177	0	0.0
212419	7	44	23	0	0.0
212419	8	29	549	0	0.0
212419	7	40	15	0	0.0
212419	7	50	2	0	0.0
212419	3	20	1618	0	0.0
212419	1	25	1342	5	0.0037257824143070045
212419	6	38	2957	115	0.038890767669935745
212419	4	29	2343	0	0.0
212419	3	30	7	0	0.0
212419	4	39	783	0	0.0
212419	1	21	6826	231	0.03384119542924114
212419	5	50	819	196	0.23931623931623933
212419	8	39	9	0	0.0
212419	3	24	96	0	0.0
212419	1	35	146	2	0.0136986301369863
212419	6	14	3669	17	0.0046334150994821474
212419	5	45	1	1	1.0
212419	5	51	313	110	0.3514376996805112
212419	1	20	55	0	0.0
212419	6	28	948	109	0.1149789029535865
212419	6	15	3490	13	0.0037249283667621777
212419	1	34	19	1	0.05263157894736842
212419	6	29	1137	107	0.09410729991204925
212419	8	38	521	0	0.0
212419	3	25	419	0	0.0
212419	4	38	3	0	0.0
212419	3	31	339	0	0.0
212419	7	43	1	0	0.0
212419	4	10	1	0	0.0
212419	6	17	552	3	0.005434782608695652
212419	7	41	1	0	0.0
212419	3	33	241	0	0.0
212419	1	36	21	0	0.0
212419	3	27	435	0	0.0
212419	3	19	12584	0	0.0
212419	5	53	90	30	0.3333333333333333
212419	1	22	19	0	0.0
212419	1	23	318	0	0.0
212419	4	13	2	0	0.0
212419	4	36	32	0	0.0
212419	4	22	1201	0	0.0
212419	3	26	14	0	0.0
212419	3	32	54	0	0.0
212419	1	37	13114	19	0.0014488333079152051
212419	5	52	4267	767	0.17975158190766347
212419	6	16	2949	77	0.02611054594777891
212419	8	22	2424	0	0.0
212419	1	12	1	0	0.0
212419	8	36	15	0	0.0
212419	6	27	4	1	0.25
212419	6	33	190	14	0.07368421052631578
212419	2	43	547	0	0.0
212419	4	5	17	0	0.0
212419	6	32	13	0	0.0
212419	4	23	4010	0	0.0
212419	2	42	413	0	0.0
212419	8	23	462	0	0.0
212419	2	1	4947	606	0.12249848392965433
212419	2	3	259	5	0.019305019305019305
212419	1	13	115	0	0.0
212419	6	7	370	6	0.016216216216216217
212419	4	37	425	0	0.0
212419	4	21	2396	0	0.0
212419	6	26	261	2	0.007662835249042145
212419	4	35	16	0	0.0
212419	3	28	14	0	0.0
212419	6	18	1233	42	0.0340632603406326
212419	1	11	1610	0	0.0
212419	2	40	3	0	0.0
212419	8	35	79	0	0.0
212419	1	38	6	1	0.16666666666666666
212419	5	49	1738	275	0.15822784810126583
212419	6	24	867	112	0.12918108419838523
212419	1	39	7939	4	0.0005038417936767855
212419	8	21	2015	0	0.0
212419	5	7	2376	15	0.006313131313131313
212419	6	30	11457	2104	0.18364318757091735
212419	4	7	28	0	0.0
212419	6	5	3082	722	0.23426346528228423
212419	6	31	1	0	0.0
212419	5	48	5344	394	0.07372754491017965
212419	6	25	3	0	0.0
212419	8	20	474	0	0.0
212419	8	34	42	0	0.0
212419	1	10	1346	10	0.007429420505200594
212419	4	34	253	0	0.0
212419	6	19	151	4	0.026490066225165563
212419	2	41	9671	72	0.007444938475855651
212419	3	15	1	0	0.0
212419	1	3	2069	33	0.015949734171097147
212419	4	20	277	0	0.0
212419	7	1	65	1	0.015384615384615385
212419	7	49	38	0	0.0
212419	3	29	221	0	0.0
212419	4	24	251	0	0.0
212419	3	39	162	0	0.0
212419	4	30	103	0	0.0
212419	3	11	28	0	0.0
212419	6	35	60	7	0.11666666666666667
212419	6	21	1458	73	0.050068587105624146
212419	8	25	3	0	0.0
212419	8	30	2360	0	0.0
212419	8	18	6	0	0.0
212419	2	51	1	0	0.0
212419	2	44	312	0	0.0
212419	2	45	1229	1	0.0008136696501220504
212419	2	5	6	4	0.6666666666666666
212419	8	24	2096	0	0.0
212419	1	28	1	0	0.0
212419	2	50	1	0	0.0
212419	5	3	14	1	0.07142857142857142
212419	3	10	30	0	0.0
212419	6	34	127	11	0.08661417322834646
212419	4	31	2	0	0.0
212419	3	38	7	0	0.0
212419	8	19	609	0	0.0
212419	4	25	124	0	0.0
212419	4	1	239	2	0.008368200836820083
212419	4	27	2152	0	0.0
212419	6	1	2	0	0.0
212419	4	33	142	0	0.0
212419	1	29	2591	0	0.0
212419	4	3	1955	0	0.0
212419	7	48	224	0	0.0
212419	6	3	9	0	0.0
212419	4	19	3615	0	0.0
212419	6	36	24	1	0.041666666666666664
212419	6	20	2811	18	0.0064034151547491995
212419	3	12	1	0	0.0
212419	3	7	381	0	0.0
212419	2	53	2	0	0.0
212419	2	47	11289	1	8.858180529719195e-05
212419	8	26	64	0	0.0
212419	8	33	476	0	0.0
212419	6	37	4	0	0.0
212419	2	7	6	0	0.0
212419	6	23	257	26	0.10116731517509728
212419	8	27	19	0	0.0
212419	6	22	7311	955	0.1306250854876214
212419	1	5	7	3	0.42857142857142855
212419	2	46	71	1	0.014084507042253521
212419	3	13	1	0	0.0
212419	4	26	7	0	0.0
212419	7	10	6	0	0.0
212419	4	32	5	0	0.0
212419	6	44	3	0	0.0
212419	2	20	29	0	0.0
212419	8	41	2	0	0.0
212419	4	41	389	0	0.0
212419	5	15	503	85	0.16898608349900596
212419	6	51	366	7	0.01912568306010929
212419	4	6	30	2	0.06666666666666667
212419	2	21	8874	209	0.023551949515438358
212419	5	28	413	0	0.0
212419	6	50	515	2	0.003883495145631068
212419	7	38	339	0	0.0
212419	2	34	11	0	0.0
212419	6	45	2	0	0.0
212419	5	29	19	0	0.0
212419	2	35	12	1	0.08333333333333333
212419	5	14	405	3	0.007407407407407408
212419	8	40	601	0	0.0
212419	4	40	24	0	0.0
212419	8	54	19	0	0.0
212419	6	46	8	0	0.0
212419	7	39	5	0	0.0
212419	4	42	28	0	0.0
212419	2	23	1185	8	0.006751054852320675
212419	4	43	11	0	0.0
212419	6	53	81	0	0.0
212419	4	47	27	0	0.0
212419	2	6	7	4	0.5714285714285714
212419	6	52	2459	10	0.004066693777958519
212419	5	16	1323	4	0.0030234315948601664
212419	2	37	1981	0	0.0
212419	7	16	38	0	0.0
212419	5	17	80	9	0.1125
212419	2	36	8	0	0.0
212419	2	22	110	3	0.02727272727272727
212419	2	33	311	4	0.012861736334405145
212419	8	53	1	0	0.0
212419	2	32	15	0	0.0
212419	2	27	227	6	0.02643171806167401
212419	7	29	70	0	0.0
212419	4	46	4	0	0.0
212419	7	17	10	0	0.0
212419	4	44	6	0	0.0
212419	7	15	37	0	0.0
212419	2	25	301	0	0.0
212419	2	31	17	0	0.0
212419	2	19	3796	22	0.005795574288724974
212419	8	52	26	0	0.0
212419	6	43	2	0	0.0
212419	5	39	1	0	0.0
212419	2	30	38	1	0.02631578947368421
212419	8	50	12	0	0.0
212419	2	24	8	0	0.0
212419	5	38	2698	88	0.03261675315048184
212419	6	41	8	0	0.0
212419	4	2	250	4	0.016
212419	8	51	3	0	0.0
212419	6	40	2143	33	0.015398973401773215
214019	2	8	55	0	0.0
214019	1	44	152	12	0.07894736842105263
214019	7	31	365	0	0.0
214019	3	41	53	0	0.0
214019	8	48	260	0	0.0
212419	4	45	5	0	0.0
212419	7	14	18	0	0.0
214019	7	25	11	0	0.0
214019	2	9	4844	0	0.0
212419	7	28	40	0	0.0
212419	6	54	5608	44	0.007845934379457917
214019	7	19	1872	0	0.0
214019	5	35	219	0	0.0
214019	8	49	38	0	0.0
214019	5	34	281	7	0.02491103202846975
214019	2	15	1	0	0.0
214019	2	14	19	0	0.0
214019	7	18	48	0	0.0
214019	3	40	26	0	0.0
214019	2	28	14	0	0.0
214019	5	21	483	6	0.012422360248447204
214019	7	30	407	0	0.0
214019	5	20	17180	165	0.00960419091967404
214019	1	45	1396	100	0.07163323782234957
214019	1	8	33	0	0.0
214019	3	8	58	0	0.0
214019	7	24	925	0	0.0
214019	7	32	1065	0	0.0
214019	7	26	64	1	0.015625
214019	5	23	75	0	0.0
214019	3	42	13	0	0.0
214019	1	47	487	50	0.1026694045174538
214019	2	29	19319	559	0.028935245095501837
214019	7	37	52	0	0.0
214019	3	43	161	0	0.0
214019	5	22	2572	13	0.00505443234836703
214019	2	16	89	0	0.0
214019	5	36	133	0	0.0
214019	7	27	16	0	0.0
214019	5	37	37	3	0.08108108108108109
214019	4	8	123	0	0.0
214019	1	46	40	0	0.0
214019	7	33	565	0	0.0
214019	1	42	185	11	0.05945945945945946
214019	5	32	971	5	0.005149330587023687
214019	7	23	82	0	0.0
214019	4	9	13	0	0.0
214019	2	13	515	3	0.005825242718446602
214019	5	26	260	1	0.0038461538461538464
214019	2	12	276	0	0.0
214019	3	44	16	0	0.0
214019	1	41	1354	38	0.028064992614475627
214019	7	34	417	0	0.0
214019	7	20	8112	0	0.0
214019	3	50	4	0	0.0
214019	8	6	578	46	0.07958477508650519
214019	5	33	519	5	0.009633911368015413
214019	3	46	25	0	0.0
214019	1	43	1055	89	0.08436018957345971
214019	7	36	924	0	0.0
214019	7	8	2963	1	0.0003374957813027337
214019	5	8	313	17	0.054313099041533544
214019	7	22	1788	0	0.0
214019	5	27	5	0	0.0
214019	5	31	219	0	0.0
214019	5	24	1409	9	0.0063875088715401
214019	2	10	5593	0	0.0
214019	5	25	9	0	0.0
214019	2	39	4117	0	0.0
214019	1	40	13	0	0.0
214019	2	11	1979	4	0.00202122283981809
214019	5	18	794	24	0.030226700251889168
214019	5	19	1224	7	0.005718954248366013
214019	3	51	1	0	0.0
214019	7	21	526	0	0.0
214019	7	35	314	0	0.0
214019	3	45	28	0	0.0
214019	6	48	8546	288	0.033699976597238473
214019	6	49	1011	27	0.026706231454005934
214019	6	9	10	0	0.0
214019	7	52	63	0	0.0
214019	5	30	3970	4	0.0010075566750629723
214019	3	36	181	0	0.0
214019	3	22	922	0	0.0
214019	1	27	861	0	0.0
214019	8	17	4	0	0.0
214019	5	43	13	11	0.8461538461538461
214019	1	26	4	0	0.0
214019	1	33	783	24	0.03065134099616858
214019	4	16	19	0	0.0
214019	1	32	4	0	0.0
214019	3	37	1057	0	0.0
214019	5	42	1	1	1.0
214019	8	16	22	0	0.0
214019	3	23	1776	0	0.0
214019	1	9	180	0	0.0
214019	7	51	21	0	0.0
214019	3	35	1210	0	0.0
214019	3	9	12	0	0.0
214019	4	14	3	0	0.0
214019	1	30	52	0	0.0
214019	4	28	48	0	0.0
214019	6	39	9	0	0.0
214019	8	14	5	0	0.0
214019	1	24	186	0	0.0
214019	5	54	1025	145	0.14146341463414633
214019	8	28	569	0	0.0
214019	7	53	13	0	0.0
214019	6	11	48	1	0.020833333333333332
214019	3	21	2054	0	0.0
214019	5	40	1962	4	0.0020387359836901123
214019	2	48	2	0	0.0
214019	6	10	5	2	0.4
214019	7	50	24	0	0.0
214019	8	29	682	0	0.0
214019	4	15	3	0	0.0
214019	7	40	159	0	0.0
214019	3	34	431	0	0.0
214019	4	29	1594	0	0.0
214019	5	41	1	1	1.0
214019	3	30	21	0	0.0
214019	3	20	1259	0	0.0
214019	8	15	96	0	0.0
214019	6	38	1417	17	0.011997177134791814
214019	4	11	40	0	0.0
214019	4	39	363	0	0.0
214019	3	24	212	0	0.0
214019	1	25	683	5	0.007320644216691069
214019	1	31	2006	1	0.0004985044865403788
214019	6	14	6409	3	0.00046809174598221254
214019	1	19	19101	369	0.019318360295272497
214019	8	39	18	0	0.0
214019	6	28	576	38	0.06597222222222222
214019	1	35	154	5	0.032467532467532464
214019	8	10	6	0	0.0
214019	5	50	660	169	0.25606060606060604
214019	8	11	1	0	0.0
214019	1	21	3480	5	0.0014367816091954023
214019	5	51	302	202	0.6688741721854304
214019	7	9	3	0	0.0
214019	5	44	11	9	0.8181818181818182
214019	5	45	2	2	1.0
214019	1	20	355	1	0.0028169014084507044
214019	4	38	1	0	0.0
214019	3	27	755	0	0.0
214019	1	34	309	4	0.012944983818770227
214019	3	31	1890	0	0.0
214019	6	29	1621	172	0.10610734114743985
214019	8	38	80	0	0.0
214019	6	15	8988	33	0.003671562082777036
214019	4	12	5	0	0.0
214019	4	10	83	0	0.0
214019	3	25	627	0	0.0
214019	7	43	4	0	0.0
214019	5	9	1	0	0.0
214019	3	33	580	0	0.0
214019	6	17	1219	5	0.004101722723543888
214019	1	22	998	4	0.004008016032064128
214019	1	23	702	8	0.011396011396011397
214019	5	46	3	2	0.6666666666666666
214019	5	53	39	7	0.1794871794871795
214019	5	52	1594	364	0.22835633626097868
214019	3	19	21580	0	0.0
214019	1	36	149	2	0.013422818791946308
214019	1	37	13560	28	0.002064896755162242
214019	3	32	110	0	0.0
214019	4	13	13	0	0.0
214019	3	26	6	0	0.0
214019	3	17	1	0	0.0
214019	8	36	78	0	0.0
214019	8	22	2884	0	0.0
214019	4	36	95	0	0.0
214019	4	22	1707	0	0.0
214019	6	16	5388	109	0.020230141054194507
214019	1	12	70	0	0.0
214019	6	33	271	8	0.02952029520295203
214019	6	27	16	1	0.0625
214019	2	42	592	4	0.006756756756756757
214019	2	43	771	0	0.0
214019	6	26	75	0	0.0
214019	8	37	3	0	0.0
214019	6	7	485	14	0.0288659793814433
214019	6	32	32	0	0.0
214019	1	13	220	0	0.0
214019	2	1	2094	260	0.12416427889207259
214019	2	3	392	8	0.02040816326530612
214019	4	37	771	0	0.0
214019	4	5	74	0	0.0
214019	8	23	696	0	0.0
214019	3	14	2	0	0.0
214019	6	5	3401	967	0.28432813878271096
214019	8	21	1772	0	0.0
214019	3	16	3	0	0.0
214019	4	21	4675	0	0.0
214019	4	35	71	0	0.0
214019	3	28	16	0	0.0
214019	1	11	585	1	0.0017094017094017094
214019	8	35	152	0	0.0
214019	4	23	2660	0	0.0
214019	6	18	1905	48	0.025196850393700787
214019	4	7	110	0	0.0
214019	2	40	11	1	0.09090909090909091
214019	1	39	8688	4	0.00046040515653775324
214019	1	10	668	11	0.016467065868263474
214019	6	24	2088	220	0.1053639846743295
214019	6	31	5	0	0.0
214019	1	38	2	0	0.0
214019	5	49	503	130	0.2584493041749503
214019	5	48	2476	238	0.09612277867528271
214019	5	7	2354	19	0.008071367884451997
214019	2	41	6492	26	0.004004929143561306
214019	6	25	2	0	0.0
214019	6	19	359	5	0.013927576601671309
214019	6	30	19555	2680	0.13704934799284071
214019	8	34	304	0	0.0
214019	4	24	516	0	0.0
214019	4	18	1	0	0.0
214019	4	34	583	0	0.0
214019	4	20	910	0	0.0
214019	8	20	4558	0	0.0
214019	7	1	56	0	0.0
214019	5	3	77	1	0.012987012987012988
214019	3	11	102	0	0.0
214019	1	3	1472	33	0.022418478260869564
214019	3	15	6	0	0.0
214019	3	39	208	0	0.0
214019	3	29	425	0	0.0
214019	4	30	563	0	0.0
214019	1	28	6	0	0.0
214019	7	49	19	0	0.0
214019	6	35	122	7	0.05737704918032787
214019	6	21	1532	113	0.0737597911227154
214019	8	18	8	0	0.0
214019	8	30	3036	0	0.0
214019	8	24	2817	0	0.0
214019	3	10	144	0	0.0
214019	8	31	1	0	0.0
214019	2	44	302	0	0.0
214019	2	50	7	0	0.0
214019	2	5	87	65	0.7471264367816092
214019	2	45	1765	1	0.0005665722379603399
214019	6	34	242	10	0.04132231404958678
214019	1	29	1842	0	0.0
214019	6	1	22	1	0.045454545454545456
214019	4	31	13	0	0.0
214019	4	25	350	0	0.0
214019	8	25	5	0	0.0
214019	4	19	7740	0	0.0
214019	6	20	5434	28	0.005152741994847258
214019	8	19	988	0	0.0
214019	7	48	27	0	0.0
214019	4	3	1518	0	0.0
214019	3	38	30	0	0.0
214019	4	27	393	0	0.0
214019	6	36	45	3	0.06666666666666667
214019	6	3	42	1	0.023809523809523808
214019	4	33	402	0	0.0
214019	8	33	599	0	0.0
214019	3	12	27	0	0.0
214019	8	27	34	0	0.0
214019	4	1	371	1	0.0026954177897574125
214019	6	22	4057	383	0.09440473256100566
214019	2	53	30	0	0.0
214019	3	7	136	0	0.0
214019	2	46	63	0	0.0
214019	8	32	22	0	0.0
214019	2	7	26	0	0.0
214019	2	47	4568	1	0.00021891418563922942
214019	4	32	8	0	0.0
214019	6	37	1	0	0.0
214019	4	6	59	3	0.05084745762711865
214019	7	10	5	0	0.0
214019	4	26	13	0	0.0
214019	6	23	329	24	0.0729483282674772
214019	8	26	19	0	0.0
214019	6	50	593	2	0.003372681281618887
214019	8	41	2	0	0.0
214019	3	13	33	0	0.0
214019	1	5	58	11	0.1896551724137931
214019	7	38	878	0	0.0
214019	4	41	320	0	0.0
214019	5	15	1579	153	0.09689677010766308
214019	6	44	1	0	0.0
214019	2	34	208	1	0.004807692307692308
214019	5	28	368	3	0.008152173913043478
214019	5	29	30	0	0.0
214019	2	20	19	0	0.0
214019	8	54	8	0	0.0
214019	2	35	78	1	0.01282051282051282
214019	4	40	40	0	0.0
214019	7	39	6	0	0.0
214019	6	51	531	6	0.011299435028248588
214019	8	40	192	0	0.0
214019	7	11	2	0	0.0
214019	5	14	628	2	0.0031847133757961785
214019	2	23	1212	4	0.0033003300330033004
214019	4	42	114	0	0.0
214019	5	16	2176	12	0.0055147058823529415
214019	2	21	9979	137	0.013728830544142699
214019	6	53	65	3	0.046153846153846156
214019	2	37	1523	1	0.0006565988181221273
214019	2	36	82	0	0.0
214019	2	6	96	7	0.07291666666666667
214019	7	16	88	0	0.0
214019	2	22	918	16	0.017429193899782137
214019	4	43	40	0	0.0
214019	8	9	1	0	0.0
214019	6	46	12	0	0.0
214019	4	53	1	0	0.0
214019	4	47	12	0	0.0
214019	6	52	1300	1	0.0007692307692307692
214019	5	17	456	102	0.2236842105263158
214019	7	12	1	0	0.0
214019	5	13	1	1	1.0
214019	2	33	507	4	0.007889546351084813
214019	8	52	11	0	0.0
214019	2	27	1110	4	0.0036036036036036037
214019	7	15	223	0	0.0
214019	7	29	45	0	0.0
214019	2	25	166	0	0.0
214019	8	50	3	0	0.0
214019	4	46	16	0	0.0
214019	5	12	1	1	1.0
214019	6	41	8	0	0.0
214019	6	43	47	0	0.0
214019	2	31	94	0	0.0
214019	5	10	11	8	0.7272727272727273
214019	4	44	6	0	0.0
214019	7	17	81	0	0.0
214019	5	38	2781	88	0.03164329377921611
214019	2	19	4204	16	0.003805899143672693
214019	2	18	4	0	0.0
214019	2	24	298	4	0.013422818791946308
214019	4	45	9	0	0.0
214019	4	2	865	6	0.006936416184971098
214019	5	39	4	0	0.0
214019	7	14	34	0	0.0
214019	8	51	9	0	0.0
214019	6	40	523	13	0.0248565965583174
214019	7	28	104	0	0.0
214019	2	30	1111	8	0.0072007200720072
214524	7	25	116	0	0.0
214524	7	31	308	0	0.0
214524	3	41	22	0	0.0
214524	2	8	69	0	0.0
214524	7	19	2261	0	0.0
214524	1	44	347	27	0.07780979827089338
214524	4	48	7	0	0.0
214524	8	48	344	0	0.0
214019	6	54	2801	14	0.004998214923241699
214524	2	9	1403	2	0.0014255167498218105
214524	2	15	5	5	1.0
214524	5	34	170	20	0.11764705882352941
214524	2	14	2	0	0.0
214524	5	35	216	6	0.027777777777777776
214524	2	28	34	0	0.0
214524	1	51	5	5	1.0
214524	7	32	91	0	0.0
214524	8	49	21	0	0.0
214524	5	20	19290	1125	0.0583203732503888
214524	7	18	7	0	0.0
214524	5	21	1620	27	0.016666666666666666
214524	1	8	49	0	0.0
214524	7	24	182	0	0.0
214524	3	8	114	0	0.0
214524	3	40	85	0	0.0
214524	7	26	187	0	0.0
214524	1	45	2182	65	0.029789184234647114
214524	7	30	429	1	0.002331002331002331
214524	2	29	17582	1200	0.06825162097599818
214524	5	37	3	0	0.0
214524	7	27	31	0	0.0
214524	3	42	21	0	0.0
214524	1	47	16	1	0.0625
214524	7	37	33	2	0.06060606060606061
214524	4	8	136	0	0.0
214524	3	43	136	0	0.0
214524	2	16	10	0	0.0
214524	5	23	211	1	0.004739336492890996
214524	5	32	83	3	0.03614457831325301
214524	2	13	431	3	0.0069605568445475635
214524	7	33	306	0	0.0
214524	1	42	633	22	0.03475513428120063
214524	5	36	198	8	0.04040404040404041
214524	5	22	2298	121	0.05265448215839861
214524	1	46	145	8	0.05517241379310345
214524	5	26	969	37	0.038183694530443756
214524	7	23	285	0	0.0
214524	5	27	3	0	0.0
214524	4	9	6	0	0.0
214524	5	33	1040	25	0.02403846153846154
214524	3	44	30	0	0.0
214524	2	12	165	1	0.006060606060606061
214524	3	46	35	0	0.0
214524	7	36	1253	0	0.0
214524	5	8	307	10	0.03257328990228013
214524	8	6	1254	208	0.16586921850079744
214524	7	34	153	0	0.0
214524	7	8	3579	1	0.0002794076557697681
214524	7	22	1167	6	0.005141388174807198
214524	7	20	6449	2	0.0003101256008683517
214524	1	43	1202	60	0.04991680532445923
214524	3	50	12	0	0.0
214524	2	10	3939	0	0.0
214524	1	41	1506	28	0.01859229747675963
214524	5	24	80	3	0.0375
214524	5	19	612	3	0.004901960784313725
214524	5	25	51	0	0.0
214524	5	31	1	0	0.0
214524	1	40	34	0	0.0
214524	3	51	3	0	0.0
214524	5	18	474	1	0.002109704641350211
214524	2	38	6	0	0.0
214524	2	11	1790	2	0.0011173184357541898
214524	7	21	1068	0	0.0
214524	6	49	937	39	0.0416221985058698
214524	5	30	1860	1	0.0005376344086021505
214524	2	39	4230	3	0.0007092198581560284
214524	7	35	176	1	0.005681818181818182
214524	3	45	50	0	0.0
214524	7	52	23	0	0.0
214524	6	9	1	0	0.0
214524	3	22	1157	0	0.0
214524	3	36	116	0	0.0
214524	6	48	16024	645	0.04025212181727409
214524	1	27	306	0	0.0
214524	1	33	245	4	0.0163265306122449
214524	1	26	23	0	0.0
214524	8	17	1	0	0.0
214524	4	16	10	0	0.0
214524	1	9	59	0	0.0
214524	3	23	1217	0	0.0
214524	3	21	2719	0	0.0
214524	8	16	39	0	0.0
214524	7	53	2	0	0.0
214524	7	51	24	0	0.0
214524	4	28	168	0	0.0
214524	8	14	21	0	0.0
214524	4	14	1	0	0.0
214524	3	37	312	3	0.009615384615384616
214524	3	9	10	0	0.0
214524	1	30	4	0	0.0
214524	3	35	594	0	0.0
214524	6	39	83	8	0.0963855421686747
214524	1	32	2	0	0.0
214524	1	24	90	0	0.0
214524	5	54	95	2	0.021052631578947368
214524	5	40	1179	4	0.0033927056827820186
214524	6	10	1	1	1.0
214524	8	29	721	0	0.0
214524	8	28	532	0	0.0
214524	1	25	1323	10	0.007558578987150416
214524	1	19	20252	314	0.015504641516887222
214524	3	20	1451	0	0.0
214524	7	50	27	0	0.0
214524	4	39	235	0	0.0
214524	4	11	36	0	0.0
214524	7	44	6	6	1.0
214524	3	30	52	0	0.0
214524	3	34	369	0	0.0
214524	7	40	107	1	0.009345794392523364
214524	4	15	11	0	0.0
214524	4	29	2988	0	0.0
214524	1	31	633	1	0.001579778830963665
214524	6	38	2342	11	0.004696840307429547
214524	8	15	81	0	0.0
214524	3	24	153	0	0.0
214524	1	20	147	0	0.0
214524	8	39	52	0	0.0
214524	6	14	1767	11	0.00622524052065648
214524	5	51	242	37	0.15289256198347106
214524	8	38	104	1	0.009615384615384616
214524	1	34	172	0	0.0
214524	5	44	20	20	1.0
214524	7	9	2	0	0.0
214524	6	15	2643	20	0.007567158531971245
214524	8	10	9	0	0.0
214524	8	11	1	0	0.0
214524	1	35	92	0	0.0
214524	5	50	516	60	0.11627906976744186
214524	6	28	1107	71	0.06413730803974707
214524	6	29	1693	141	0.08328411104548139
214524	1	21	3496	14	0.004004576659038902
214524	4	38	11	1	0.09090909090909091
214524	3	25	770	1	0.0012987012987012987
214524	4	10	68	0	0.0
214524	4	12	2	0	0.0
214524	7	43	2	0	0.0
214524	6	17	122	0	0.0
214524	3	31	270	1	0.003703703703703704
214524	5	53	45	5	0.1111111111111111
214524	1	22	460	1	0.002173913043478261
214524	1	36	75	0	0.0
214524	3	33	266	1	0.0037593984962406013
214524	3	27	202	0	0.0
214524	1	23	182	0	0.0
214524	1	37	6327	10	0.00158052789631737
214524	5	52	1992	157	0.0788152610441767
214524	3	19	14777	297	0.020098802192596604
214524	4	13	11	0	0.0
214524	6	16	2015	34	0.01687344913151365
214524	3	32	10	0	0.0
214524	3	26	181	0	0.0
214524	4	22	1512	0	0.0
214524	2	43	702	0	0.0
214524	2	42	1670	12	0.00718562874251497
214524	4	36	61	0	0.0
214524	1	12	28	0	0.0
214524	6	26	875	9	0.010285714285714285
214524	6	32	10	0	0.0
214524	8	22	2608	2	0.0007668711656441718
214524	8	36	72	0	0.0
214524	6	7	495	40	0.08080808080808081
214524	6	27	38	1	0.02631578947368421
214524	6	33	1478	125	0.08457374830852503
214524	1	13	89	0	0.0
214524	8	37	8	0	0.0
214524	4	23	2948	0	0.0
214524	1	11	338	2	0.005917159763313609
214524	4	37	116	0	0.0
214524	4	5	109	0	0.0
214524	6	18	1124	34	0.030249110320284697
214524	2	3	506	11	0.021739130434782608
214524	3	28	133	0	0.0
214524	3	14	8	0	0.0
214524	2	1	2614	661	0.2528691660290742
214524	3	16	4	0	0.0
214524	8	23	680	0	0.0
214524	4	21	3293	0	0.0
214524	4	35	51	0	0.0
214524	8	35	147	0	0.0
214524	8	21	3190	0	0.0
214524	6	5	2656	619	0.23305722891566266
214524	5	7	2037	55	0.027000490918016692
214524	4	7	135	1	0.007407407407407408
214524	1	38	6	0	0.0
214524	1	39	3420	0	0.0
214524	6	24	293	34	0.11604095563139932
214524	8	34	124	0	0.0
214524	6	19	306	13	0.042483660130718956
214524	5	49	532	40	0.07518796992481203
214524	5	48	3249	107	0.032933210218528776
214524	1	10	468	3	0.00641025641025641
214524	4	34	374	0	0.0
214524	2	40	40	0	0.0
214524	6	25	68	2	0.029411764705882353
214524	2	41	11637	64	0.005499699235198075
214524	8	20	4520	1	0.00022123893805309734
214524	3	29	549	0	0.0
214524	4	30	398	0	0.0
214524	4	20	248	0	0.0
214524	7	49	4	0	0.0
214524	7	1	117	4	0.03418803418803419
214524	3	11	36	0	0.0
214524	1	3	1816	38	0.02092511013215859
214524	3	39	270	0	0.0
214524	1	28	47	0	0.0
214524	5	3	103	2	0.019417475728155338
214524	3	15	17	0	0.0
214524	6	30	15827	2774	0.1752701080432173
214524	4	24	275	0	0.0
214524	6	35	338	25	0.07396449704142012
214524	8	18	13	0	0.0
214524	6	21	6119	179	0.029253145938878903
214524	8	24	973	0	0.0
214524	2	50	1	0	0.0
214524	2	5	75	45	0.6
214524	8	30	1966	0	0.0
214524	6	34	155	15	0.0967741935483871
214524	8	25	76	0	0.0
214524	2	44	383	0	0.0
214524	6	20	7465	100	0.013395847287340924
214524	1	15	2	0	0.0
214524	4	3	2413	2	0.0008288437629506838
214524	3	38	26	0	0.0
214524	4	19	7241	0	0.0
214524	3	10	82	0	0.0
214524	1	29	935	2	0.0021390374331550803
214524	2	45	4960	5	0.0010080645161290322
214524	8	19	352	0	0.0
214524	4	31	5	0	0.0
214524	6	1	94	11	0.11702127659574468
214524	7	48	27	1	0.037037037037037035
214524	4	25	533	0	0.0
214524	4	27	434	0	0.0
214524	3	12	3	0	0.0
214524	4	33	210	0	0.0
214524	4	1	371	2	0.005390835579514825
214524	8	32	6	0	0.0
214524	8	33	851	0	0.0
214524	2	46	146	0	0.0
214524	8	27	39	0	0.0
214524	8	26	179	0	0.0
214524	6	36	186	12	0.06451612903225806
214524	2	7	87	17	0.19540229885057472
214524	3	7	159	0	0.0
214524	2	47	5737	1	0.0001743071291615827
214524	3	13	4	0	0.0
214524	6	3	162	18	0.1111111111111111
214524	1	5	59	6	0.1016949152542373
214524	6	23	1053	38	0.03608736942070275
214524	6	22	6877	750	0.10905918278319035
214524	7	10	21	0	0.0
214524	4	26	64	0	0.0
214524	4	41	910	0	0.0
214524	6	37	2	2	1.0
214524	5	15	449	14	0.031180400890868598
214524	4	6	220	16	0.07272727272727272
214524	3	48	2	0	0.0
214524	6	44	1	1	1.0
214524	5	29	9	0	0.0
214524	2	35	113	1	0.008849557522123894
214524	2	34	68	0	0.0
214524	5	14	144	0	0.0
214524	2	20	13	0	0.0
214524	7	38	956	0	0.0
214524	5	28	299	3	0.010033444816053512
214524	6	50	501	2	0.003992015968063872
214524	6	51	404	5	0.012376237623762377
214524	2	21	10564	133	0.012589928057553957
214524	7	39	62	0	0.0
214524	2	36	42	0	0.0
214524	8	40	182	0	0.0
214524	6	53	18	0	0.0
214524	5	17	12	0	0.0
214524	2	23	576	5	0.008680555555555556
214524	2	22	829	2	0.0024125452352231603
214524	4	42	61	0	0.0
214524	5	16	688	2	0.0029069767441860465
214524	4	40	90	0	0.0
214524	2	37	2972	15	0.0050471063257065945
214524	7	11	1	0	0.0
214524	6	46	1	0	0.0
214524	6	52	4677	5	0.0010690613641223007
214524	7	16	35	0	0.0
214524	2	6	143	61	0.42657342657342656
214524	2	26	9	1	0.1111111111111111
214524	8	53	1	0	0.0
214524	4	47	2	0	0.0
214524	4	43	10	0	0.0
214524	7	29	37	0	0.0
214524	2	32	9	0	0.0
214524	7	17	1	0	0.0
214524	6	43	6	0	0.0
214524	7	15	128	0	0.0
214524	4	46	21	0	0.0
214524	8	50	1	0	0.0
214524	2	27	1427	10	0.00700770847932726
214524	2	33	221	3	0.013574660633484163
214524	4	44	8	1	0.125
214524	2	31	137	0	0.0
214524	2	25	1030	9	0.008737864077669903
214524	5	10	1	1	1.0
214524	5	38	1651	15	0.009085402786190187
214524	2	24	165	0	0.0
214524	7	28	109	0	0.0
221319	2	8	20	0	0.0
214524	7	14	14	0	0.0
214524	8	51	1	0	0.0
214524	6	40	1309	20	0.015278838808250574
214524	5	39	33	0	0.0
214524	4	2	763	10	0.01310615989515072
221319	7	25	4	0	0.0
214524	4	45	6	0	0.0
214524	2	30	62	0	0.0
214524	2	19	7261	46	0.006335215535050269
221319	7	19	82	0	0.0
214524	6	54	5081	7	0.0013776815587482779
221319	7	31	17	0	0.0
221319	4	48	5	0	0.0
221319	2	9	1819	0	0.0
221319	3	41	374	0	0.0
221319	1	44	545	30	0.05504587155963303
221319	5	34	107	2	0.018691588785046728
221319	8	48	465	0	0.0
221319	5	35	45	1	0.022222222222222223
221319	5	21	117	0	0.0
221319	2	15	10	10	1.0
221319	5	20	13673	137	0.01001974694653697
221319	8	49	20	0	0.0
221319	3	8	9	0	0.0
221319	2	28	5	0	0.0
221319	3	40	2	0	0.0
221319	1	51	35	35	1.0
221319	7	30	430	0	0.0
221319	4	49	1	0	0.0
221319	7	24	2837	0	0.0
221319	7	26	1447	0	0.0
221319	7	18	4	0	0.0
221319	1	8	2	0	0.0
221319	7	32	251	0	0.0
221319	2	29	23164	1481	0.0639354170264203
221319	1	45	5368	213	0.0396795827123696
221319	3	42	29	0	0.0
221319	1	52	13	12	0.9230769230769231
221319	1	47	374	22	0.058823529411764705
221319	5	23	88	2	0.022727272727272728
221319	3	43	31	0	0.0
221319	7	27	2	0	0.0
221319	2	16	2	0	0.0
221319	1	46	57	2	0.03508771929824561
221319	5	36	9	0	0.0
221319	7	33	155	0	0.0
221319	4	9	7	0	0.0
221319	5	22	4234	77	0.018186112423240433
221319	3	53	2	0	0.0
221319	7	23	49	0	0.0
221319	4	8	18	0	0.0
221319	1	42	2320	71	0.030603448275862068
221319	5	27	1	0	0.0
221319	2	13	107	1	0.009345794392523364
221319	5	32	46	0	0.0
221319	2	12	60	0	0.0
221319	5	33	40	0	0.0
221319	1	43	973	66	0.06783144912641316
221319	5	26	2174	45	0.020699172033118676
221319	8	6	885	100	0.11299435028248588
221319	5	8	535	31	0.05794392523364486
221319	3	52	8	0	0.0
221319	3	50	5	0	0.0
221319	7	36	1028	0	0.0
221319	1	41	3407	57	0.016730261226885822
221319	3	46	19	0	0.0
221319	7	20	14294	10	0.0006995942353435008
221319	6	48	8921	513	0.05750476403990584
221319	7	22	965	0	0.0
221319	7	34	253	0	0.0
221319	3	44	21	0	0.0
221319	7	8	1292	0	0.0
221319	5	19	26	0	0.0
221319	2	10	3684	0	0.0
221319	5	25	3	0	0.0
221319	2	38	1	1	1.0
221319	5	30	4255	6	0.001410105757931845
221319	5	18	285	1	0.0035087719298245615
221319	5	24	1415	9	0.0063604240282685515
221319	2	11	1309	0	0.0
221319	6	49	1747	16	0.009158557527189467
221319	1	33	244	10	0.040983606557377046
221319	1	27	126	1	0.007936507936507936
221319	3	45	128	0	0.0
221319	7	35	106	0	0.0
221319	7	52	72	2	0.027777777777777776
221319	3	22	103	0	0.0
221319	2	39	4619	9	0.0019484736956051094
221319	7	21	97	0	0.0
221319	3	51	3	0	0.0
221319	8	17	2	0	0.0
221319	3	36	31	0	0.0
221319	5	43	2	1	0.5
221319	5	42	1	0	0.0
221319	7	51	13	0	0.0
221319	8	16	12	0	0.0
221319	7	45	1	0	0.0
221319	3	23	3997	0	0.0
221319	3	37	76	0	0.0
221319	1	24	7	0	0.0
221319	3	9	9	0	0.0
221319	3	21	748	0	0.0
221319	3	35	365	0	0.0
221319	4	28	9	0	0.0
221319	6	39	2	1	0.5
221319	7	53	4	0	0.0
221319	5	40	2204	16	0.007259528130671506
221319	8	14	3	0	0.0
221319	1	9	168	0	0.0
221319	6	10	4	4	1.0
221319	5	54	1241	18	0.014504431909750202
221319	8	28	1455	0	0.0
221319	1	25	1367	57	0.04169714703730797
221319	3	34	75	0	0.0
221319	7	44	4	0	0.0
221319	6	38	1240	28	0.02258064516129032
221319	3	30	4	0	0.0
221319	8	29	476	0	0.0
221319	1	19	7737	130	0.016802378182758176
221319	1	31	684	1	0.0014619883040935672
221319	4	15	1	0	0.0
221319	7	50	23	1	0.043478260869565216
221319	4	11	14	0	0.0
221319	3	20	395	0	0.0
221319	8	15	59	0	0.0
221319	7	40	75	0	0.0
221319	1	21	2242	37	0.01650312221231044
221319	6	14	1890	2	0.0010582010582010583
221319	4	39	568	0	0.0
221319	4	29	9106	0	0.0
221319	1	20	3	0	0.0
221319	6	28	377	52	0.13793103448275862
221319	3	24	34	0	0.0
221319	5	51	670	112	0.16716417910447762
221319	5	50	1761	298	0.1692220329358319
221319	8	39	3	0	0.0
221319	1	34	19	0	0.0
221319	5	45	87	45	0.5172413793103449
221319	6	15	2377	14	0.005889777029869584
221319	6	29	705	87	0.12340425531914893
221319	1	35	20	0	0.0
221319	8	38	81	1	0.012345679012345678
221319	5	44	88	69	0.7840909090909091
221319	3	31	669	0	0.0
221319	4	10	12	1	0.08333333333333333
221319	3	25	1637	0	0.0
221319	7	43	3	0	0.0
221319	6	17	127	1	0.007874015748031496
221319	3	27	174	0	0.0
221319	7	41	1	0	0.0
221319	4	12	2	0	0.0
221319	1	36	24	0	0.0
221319	1	22	8	0	0.0
221319	3	33	297	0	0.0
221319	3	19	16753	3	0.0001790724049423984
221319	5	53	112	28	0.25
221319	1	23	74	2	0.02702702702702703
221319	8	36	38	0	0.0
221319	5	52	5115	586	0.11456500488758553
221319	6	16	1174	7	0.00596252129471891
221319	3	32	11	0	0.0
221319	1	37	7396	21	0.0028393726338561383
221319	3	26	11	0	0.0
221319	4	13	3	0	0.0
221319	4	22	260	0	0.0
221319	6	33	26	3	0.11538461538461539
221319	1	12	27	0	0.0
221319	4	36	21	0	0.0
221319	6	27	6	0	0.0
221319	8	22	4308	0	0.0
221319	2	42	2927	10	0.0034164673727365906
221319	2	43	657	2	0.0030441400304414
221319	6	32	2	0	0.0
221319	6	7	320	37	0.115625
221319	2	1	2176	285	0.13097426470588236
221319	3	28	7	0	0.0
221319	4	5	4	0	0.0
221319	6	26	1210	64	0.05289256198347107
221319	4	35	14	0	0.0
221319	4	21	2780	0	0.0
221319	4	37	88	0	0.0
221319	8	23	112	0	0.0
221319	4	23	3956	0	0.0
221319	2	3	288	5	0.017361111111111112
221319	1	13	61	0	0.0
221319	6	18	484	6	0.012396694214876033
221319	8	35	76	0	0.0
221319	1	11	292	2	0.00684931506849315
221319	8	21	540	0	0.0
221319	6	5	3597	1166	0.3241590214067278
221319	4	7	8	0	0.0
221319	1	38	1	1	1.0
221319	2	40	2	0	0.0
221319	2	54	10	0	0.0
221319	1	39	4774	20	0.0041893590280687055
221319	5	49	1565	160	0.10223642172523961
221319	5	7	1153	23	0.0199479618386817
221319	6	25	2	0	0.0
221319	6	24	2630	323	0.12281368821292776
221319	5	48	2450	152	0.062040816326530614
221319	8	20	2878	0	0.0
221319	6	19	5	1	0.2
221319	1	10	787	2	0.0025412960609911056
221319	8	34	126	0	0.0
221319	2	41	9473	79	0.008339491185474507
221319	4	34	49	0	0.0
221319	5	3	17	0	0.0
221319	7	49	8	0	0.0
221319	4	30	78	0	0.0
221319	3	11	6	0	0.0
221319	7	1	10	0	0.0
221319	3	29	265	0	0.0
221319	4	24	64	0	0.0
221319	3	39	167	0	0.0
221319	1	3	1406	16	0.011379800853485065
221319	6	30	21549	2961	0.13740776834191842
221319	4	20	59	0	0.0
221319	8	30	2609	0	0.0
221319	8	18	5	0	0.0
221319	6	21	705	52	0.07375886524822695
221319	6	35	140	22	0.15714285714285714
221319	8	24	4545	0	0.0
221319	6	34	102	6	0.058823529411764705
221319	8	19	24	0	0.0
221319	2	44	345	4	0.011594202898550725
221319	3	10	24	0	0.0
221319	8	25	5	0	0.0
221319	2	45	4396	18	0.004094631483166515
221319	2	5	59	50	0.847457627118644
221319	2	51	74	69	0.9324324324324325
221319	8	31	2	0	0.0
221319	1	15	9	9	1.0
221319	6	20	3044	30	0.00985545335085414
221319	4	3	1146	0	0.0
221319	4	19	2451	0	0.0
221319	1	29	651	0	0.0
221319	4	31	3	0	0.0
221319	3	38	1	0	0.0
221319	4	33	99	0	0.0
221319	4	25	1237	0	0.0
221319	8	27	8	0	0.0
221319	2	52	1	0	0.0
221319	2	46	67	0	0.0
221319	4	1	151	12	0.07947019867549669
221319	8	33	51	0	0.0
221319	6	3	10	1	0.1
221319	6	1	15	15	1.0
221319	7	48	239	0	0.0
221319	6	36	28	5	0.17857142857142858
221319	2	7	4	0	0.0
221319	3	7	87	0	0.0
221319	4	27	1198	0	0.0
221319	6	22	6503	723	0.11117945563586037
221319	8	26	1458	0	0.0
221319	4	26	9	0	0.0
221319	1	5	26	15	0.5769230769230769
221319	6	23	143	24	0.16783216783216784
221319	3	13	2	0	0.0
221319	2	47	8445	13	0.0015393724097098876
221319	8	41	3	0	0.0
221319	3	48	1	0	0.0
221319	7	38	71	0	0.0
221319	4	41	1074	0	0.0
221319	6	50	1202	6	0.004991680532445923
221319	5	29	55	0	0.0
221319	4	6	2	1	0.5
221319	2	34	19	0	0.0
221319	2	20	2	0	0.0
221319	6	44	54	50	0.9259259259259259
221319	5	15	828	82	0.09903381642512077
221319	5	28	153	3	0.0196078431372549
221319	2	35	12	0	0.0
221319	5	14	346	0	0.0
221319	2	21	8591	312	0.036317076009777675
221319	6	51	587	7	0.01192504258943782
221319	8	40	307	0	0.0
221319	4	40	2	0	0.0
221319	8	54	28	0	0.0
221319	2	23	968	42	0.04338842975206612
221319	6	52	2686	5	0.0018615040953090098
221319	8	42	1	0	0.0
221319	2	22	100	0	0.0
221319	4	42	25	0	0.0
221319	6	53	87	2	0.022988505747126436
221319	5	16	452	0	0.0
221319	2	37	1177	2	0.0016992353440951572
221319	2	36	12	0	0.0
221319	5	17	59	0	0.0
221319	2	33	195	8	0.041025641025641026
221319	7	16	6	0	0.0
221319	4	43	40	0	0.0
221319	4	47	109	0	0.0
221319	6	46	138	12	0.08695652173913043
221319	6	42	1	0	0.0
221319	2	6	33	27	0.8181818181818182
221319	8	46	4	0	0.0
221319	2	27	480	2	0.004166666666666667
221319	7	15	43	0	0.0
221319	2	31	16	0	0.0
221319	4	46	8	0	0.0
221319	7	29	82	0	0.0
221319	8	52	15	0	0.0
221319	6	41	17	0	0.0
221319	7	17	3	0	0.0
221319	6	43	23	1	0.043478260869565216
221319	2	19	1547	12	0.007756948933419522
221319	5	10	11	10	0.9090909090909091
221319	5	38	2529	19	0.007512850929221036
221319	2	25	717	7	0.009762900976290097
221319	4	44	11	1	0.09090909090909091
221319	8	50	26	0	0.0
221319	5	11	1	1	1.0
221319	5	39	1	0	0.0
221319	7	28	124	0	0.0
221319	8	51	7	1	0.14285714285714285
221319	4	51	1	0	0.0
221319	2	30	15	0	0.0
221319	6	40	2018	40	0.019821605550049554
221319	2	24	38	1	0.02631578947368421
233326	7	31	198	0	0.0
221319	4	2	532	8	0.015037593984962405
233326	2	8	13	0	0.0
233326	7	19	1605	0	0.0
221319	7	14	6	0	0.0
233326	3	41	51	0	0.0
221319	6	54	8412	18	0.0021398002853067048
221319	4	45	22	0	0.0
233326	7	25	6	0	0.0
233326	1	50	3	0	0.0
233326	5	21	29	0	0.0
233326	5	35	70	0	0.0
233326	8	48	222	0	0.0
233326	1	44	357	64	0.1792717086834734
233326	5	34	219	1	0.0045662100456621
233326	2	9	3803	0	0.0
233326	8	49	6	0	0.0
233326	3	40	1	0	0.0
233326	7	24	1501	0	0.0
233326	3	8	27	0	0.0
233326	7	30	233	0	0.0
233326	7	18	3	0	0.0
233326	5	20	15673	295	0.0188221782683596
233326	1	45	4057	215	0.05299482376140005
233326	1	46	88	1	0.011363636363636364
233326	7	26	2	0	0.0
233326	1	8	22	0	0.0
233326	7	32	33	0	0.0
233326	3	42	33	0	0.0
233326	1	47	169	0	0.0
233326	5	23	19	0	0.0
233326	2	29	15801	2198	0.13910511992911842
233326	7	37	11	0	0.0
233326	5	36	54	0	0.0
233326	7	27	2	0	0.0
233326	3	43	135	0	0.0
233326	4	8	45	0	0.0
233326	4	9	14	0	0.0
233326	7	33	166	0	0.0
233326	7	23	16	0	0.0
233326	5	22	9998	100	0.010002000400080016
233326	5	26	534	4	0.00749063670411985
233326	2	12	177	1	0.005649717514124294
233326	3	46	26	0	0.0
233326	7	36	462	0	0.0
233326	7	22	691	9	0.013024602026049204
233326	1	43	2467	149	0.060397243615727604
233326	5	8	126	4	0.031746031746031744
233326	2	13	106	0	0.0
233326	7	34	90	1	0.011111111111111112
233326	5	32	12	0	0.0
233326	1	42	2245	42	0.018708240534521157
233326	7	8	2410	0	0.0
233326	7	20	4446	2	0.000449842555105713
233326	5	33	92	1	0.010869565217391304
233326	8	6	219	27	0.1232876712328767
233326	3	44	3	0	0.0
233326	5	18	773	1	0.00129366106080207
233326	7	21	420	0	0.0
233326	5	19	9	0	0.0
233326	2	10	2647	0	0.0
233326	5	24	558	4	0.007168458781362007
233326	7	35	99	0	0.0
233326	2	39	5673	3	0.0005288207297726071
233326	6	49	3001	27	0.008997000999666778
233326	5	25	1	0	0.0
233326	1	41	3248	22	0.0067733990147783255
233326	5	30	2505	1	0.0003992015968063872
233326	2	11	961	1	0.001040582726326743
233326	5	31	36	0	0.0
233326	3	45	19	0	0.0
233326	7	52	50	0	0.0
233326	3	22	476	0	0.0
233326	6	48	10938	258	0.023587493143170598
233326	3	36	71	0	0.0
233326	8	16	11	0	0.0
233326	1	27	1125	1	0.0008888888888888889
233326	1	33	423	4	0.009456264775413711
233326	1	32	15	0	0.0
233326	7	53	1	0	0.0
233326	3	37	506	3	0.005928853754940711
233326	1	9	785	0	0.0
233326	4	16	9	0	0.0
233326	7	51	10	0	0.0
233326	1	30	4	0	0.0
233326	3	23	2695	0	0.0
233326	6	39	1	0	0.0
233326	8	14	1	0	0.0
233326	3	35	182	0	0.0
233326	1	24	23	1	0.043478260869565216
233326	3	21	1718	1	0.0005820721769499418
233326	5	40	2491	1	0.0004014452027298274
233326	3	9	36	0	0.0
233326	5	54	33	0	0.0
233326	8	28	95	0	0.0
233326	4	28	3	0	0.0
233326	8	29	164	0	0.0
233326	1	31	387	0	0.0
233326	8	15	4	0	0.0
233326	1	25	3122	33	0.01057014734144779
233326	1	19	14591	132	0.009046672606401206
233326	3	34	165	0	0.0
233326	3	20	634	0	0.0
233326	6	38	1589	4	0.0025173064820641915
233326	4	29	2035	0	0.0
233326	7	40	6	0	0.0
233326	4	11	45	0	0.0
233326	8	39	8	0	0.0
233326	1	35	102	2	0.0196078431372549
233326	3	30	6	0	0.0
233326	6	14	4361	2	0.00045861041045631735
233326	4	39	450	0	0.0
233326	7	44	2	0	0.0
233326	7	50	10	0	0.0
233326	5	50	1499	171	0.11407605070046697
233326	5	44	1	1	1.0
233326	3	24	174	0	0.0
233326	6	28	189	8	0.042328042328042326
233326	5	51	477	134	0.2809224318658281
233326	1	21	8459	89	0.010521338219647713
233326	6	29	216	17	0.0787037037037037
233326	1	20	77	0	0.0
233326	1	34	78	2	0.02564102564102564
233326	8	38	12	0	0.0
233326	3	25	1036	0	0.0
233326	6	15	1752	3	0.0017123287671232876
233326	4	10	14	0	0.0
233326	3	31	353	0	0.0
233326	1	22	82	0	0.0
233326	7	43	1	0	0.0
233326	4	12	1	0	0.0
233326	6	17	75	0	0.0
233326	3	27	141	0	0.0
233326	1	36	66	0	0.0
233326	3	33	129	0	0.0
233326	5	53	28	5	0.17857142857142858
233326	1	23	558	1	0.0017921146953405018
233326	3	19	10619	16	0.0015067332140502872
233326	6	16	3669	29	0.007904061052057782
233326	3	32	10	0	0.0
233326	4	13	9	0	0.0
233326	5	52	5576	556	0.09971305595408896
233326	4	36	54	0	0.0
233326	1	37	12833	20	0.0015584820384945063
233326	8	36	23	0	0.0
233326	6	33	80	5	0.0625
233326	1	12	137	0	0.0
233326	4	22	992	0	0.0
233326	8	22	1492	0	0.0
233326	6	27	5	1	0.2
233326	2	42	1513	1	0.0006609385327164573
233326	6	7	89	6	0.06741573033707865
233326	6	26	148	0	0.0
233326	4	5	5	0	0.0
233326	2	43	747	0	0.0
233326	4	23	3222	0	0.0
233326	4	37	109	0	0.0
233326	2	1	3306	422	0.12764670296430733
233326	1	13	144	0	0.0
233326	8	23	451	0	0.0
233326	4	35	30	0	0.0
233326	2	3	100	3	0.03
233326	1	11	725	0	0.0
233326	3	28	1	0	0.0
233326	6	5	4192	1089	0.25978053435114506
233326	4	21	2305	0	0.0
233326	8	35	43	0	0.0
233326	8	21	1437	0	0.0
233326	6	18	1348	14	0.010385756676557863
233326	6	24	855	100	0.11695906432748537
233326	1	39	9602	26	0.0027077692147469278
233326	4	7	15	0	0.0
233326	5	7	600	21	0.035
233326	5	49	1721	120	0.06972690296339337
233326	6	25	6	0	0.0
233326	1	10	1046	9	0.008604206500956023
233326	5	48	2287	87	0.03804110188019239
233326	3	29	392	0	0.0
233326	4	20	35	0	0.0
233326	8	34	71	0	0.0
233326	4	34	143	0	0.0
233326	8	20	2097	0	0.0
233326	6	19	29	1	0.034482758620689655
233326	6	30	18853	2179	0.11557842253222299
233326	1	3	1378	25	0.018142235123367198
233326	7	1	45	0	0.0
233326	7	49	8	0	0.0
233326	4	24	318	0	0.0
233326	4	30	324	0	0.0
233326	2	41	10145	88	0.008674223755544603
233326	6	21	1256	31	0.024681528662420384
233326	5	3	11	0	0.0
233326	3	11	46	0	0.0
233326	8	24	2977	0	0.0
233326	6	35	85	9	0.10588235294117647
233326	3	39	203	0	0.0
233326	2	45	1884	0	0.0
233326	8	25	17	0	0.0
233326	8	18	4	0	0.0
233326	8	19	493	0	0.0
233326	2	44	432	0	0.0
233326	8	30	1411	0	0.0
233326	1	15	1	0	0.0
233326	6	20	3349	16	0.00477754553598089
233326	6	34	222	42	0.1891891891891892
233326	3	10	24	0	0.0
233326	6	1	3	0	0.0
233326	7	48	13	0	0.0
233326	1	29	3253	1	0.0003074085459575776
233326	4	3	1356	0	0.0
233326	4	25	330	0	0.0
233326	3	12	19	0	0.0
233326	4	33	104	0	0.0
233326	4	1	447	2	0.0044742729306487695
233326	6	36	29	0	0.0
233326	4	19	4760	0	0.0
233326	6	3	11	2	0.18181818181818182
233326	4	27	2015	0	0.0
233326	8	27	26	0	0.0
233326	2	46	74	0	0.0
233326	2	52	1	0	0.0
233326	8	33	144	0	0.0
233326	3	7	72	0	0.0
233326	2	47	6416	0	0.0
233326	1	5	7	5	0.7142857142857143
233326	6	44	1	0	0.0
233326	6	23	185	12	0.06486486486486487
233326	3	13	4	0	0.0
233326	6	22	12019	1518	0.12630002496047923
233326	2	34	11	2	0.18181818181818182
233326	4	26	1	0	0.0
233326	7	38	178	0	0.0
233326	8	26	10	0	0.0
233326	6	50	2081	1	0.0004805382027871216
233326	8	41	2	0	0.0
233326	4	6	30	2	0.06666666666666667
233326	2	20	2	0	0.0
233326	4	41	695	0	0.0
233326	5	28	109	0	0.0
233326	5	15	2716	123	0.04528718703976436
233326	2	21	7813	987	0.12632791501343915
233326	2	23	547	75	0.13711151736745886
233326	2	22	140	3	0.02142857142857143
233326	2	35	13	1	0.07692307692307693
233326	4	40	1	0	0.0
233326	7	39	2	0	0.0
233326	5	17	11	0	0.0
233326	5	14	557	0	0.0
233326	6	51	324	0	0.0
233326	6	53	18	0	0.0
233326	2	36	27	0	0.0
233326	8	40	27	0	0.0
233326	4	42	25	0	0.0
233326	4	43	8	0	0.0
233326	2	37	2706	3	0.0011086474501108647
233326	7	16	4	0	0.0
233326	2	6	19	10	0.5263157894736842
233326	6	52	3871	2	0.0005166623611469904
233326	5	16	1667	0	0.0
233326	2	33	139	13	0.09352517985611511
233326	6	43	3	0	0.0
233326	8	52	6	0	0.0
233326	7	29	12	0	0.0
233326	2	31	12	0	0.0
233326	5	10	1	0	0.0
233326	2	25	664	2	0.0030120481927710845
233326	2	24	30	0	0.0
233326	4	44	1	0	0.0
233326	2	32	2	0	0.0
233326	2	27	1711	42	0.024547048509643482
233326	8	50	3	0	0.0
233326	5	38	2484	3	0.0012077294685990338
233326	2	30	60	0	0.0
233326	7	15	15	0	0.0
233326	8	51	1	0	0.0
233326	5	39	1	0	0.0
233326	2	19	3355	7	0.0020864381520119225
233326	4	46	2	0	0.0
233326	6	40	690	4	0.005797101449275362
239136	7	25	35	0	0.0
233326	4	2	423	73	0.17257683215130024
233326	4	45	2	0	0.0
239136	1	44	182	35	0.19230769230769232
239136	3	41	163	0	0.0
233326	7	28	8	0	0.0
239136	7	19	2525	0	0.0
233326	7	14	4	0	0.0
239136	2	8	109	0	0.0
239136	2	9	1752	2	0.001141552511415525
239136	2	15	8	0	0.0
239136	8	48	968	0	0.0
239136	2	14	3	0	0.0
239136	2	29	15158	978	0.06452038527510226
239136	5	35	150	0	0.0
239136	5	20	17954	80	0.00445583156956667
239136	2	28	54	0	0.0
239136	7	31	192	0	0.0
239136	5	34	61	1	0.01639344262295082
239136	1	45	2969	156	0.05254294375210509
233326	6	54	10838	1	9.226794611551947e-05
239136	8	49	2	0	0.0
239136	7	30	998	0	0.0
239136	7	18	4	0	0.0
239136	1	8	63	0	0.0
239136	7	24	1022	1	0.0009784735812133072
239136	5	21	914	0	0.0
239136	1	51	9	9	1.0
239136	7	32	848	0	0.0
239136	3	40	103	0	0.0
239136	7	26	328	0	0.0
239136	5	23	114	0	0.0
239136	5	37	3	0	0.0
239136	3	8	214	0	0.0
239136	2	16	23	0	0.0
239136	3	42	19	0	0.0
239136	1	47	88	4	0.045454545454545456
239136	1	46	128	5	0.0390625
239136	5	22	964	2	0.002074688796680498
239136	4	9	8	0	0.0
239136	7	23	59	0	0.0
239136	7	27	5	0	0.0
239136	7	33	292	0	0.0
239136	7	37	6	0	0.0
239136	3	43	21	0	0.0
239136	4	8	240	0	0.0
239136	5	27	2	0	0.0
239136	5	36	100	3	0.03
239136	5	26	1715	4	0.0023323615160349854
239136	5	32	130	0	0.0
239136	5	33	521	0	0.0
239136	2	12	151	0	0.0
239136	2	13	291	0	0.0
239136	1	42	691	31	0.04486251808972504
239136	1	43	1556	137	0.08804627249357326
239136	7	22	975	0	0.0
239136	3	44	23	0	0.0
239136	5	8	314	10	0.03184713375796178
239136	3	46	15	0	0.0
239136	7	34	150	0	0.0
239136	3	50	6	0	0.0
239136	7	36	1156	0	0.0
239136	8	6	914	47	0.05142231947483589
239136	7	20	10043	4	0.0003982873643333665
239136	1	41	3377	95	0.028131477642878294
239136	7	8	4586	0	0.0
239136	2	10	3057	2	0.0006542361792607131
239136	2	38	1	0	0.0
239136	5	19	1183	1	0.0008453085376162299
239136	5	18	591	2	0.00338409475465313
239136	5	25	14	0	0.0
239136	3	51	10	0	0.0
239136	5	31	110	0	0.0
239136	5	24	1593	5	0.003138731952291274
239136	2	11	810	1	0.0012345679012345679
239136	6	49	1293	9	0.0069605568445475635
239136	1	40	35	0	0.0
239136	7	21	544	0	0.0
239136	3	45	5	0	0.0
239136	7	35	192	0	0.0
239136	2	39	5243	0	0.0
239136	5	30	3294	2	0.0006071645415907711
239136	6	48	21123	1318	0.06239643989963547
239136	1	33	135	0	0.0
239136	3	22	1177	0	0.0
239136	1	27	150	0	0.0
239136	7	52	1	0	0.0
239136	3	36	157	0	0.0
239136	1	26	7	0	0.0
239136	1	9	128	0	0.0
239136	3	37	106	0	0.0
239136	1	32	128	0	0.0
239136	3	35	480	0	0.0
239136	3	21	1357	0	0.0
239136	4	14	5	0	0.0
239136	4	28	360	0	0.0
239136	8	16	105	0	0.0
239136	3	23	2548	0	0.0
239136	6	9	2	0	0.0
239136	4	16	40	0	0.0
239136	7	51	37	0	0.0
239136	3	9	9	0	0.0
239136	1	30	74	0	0.0
239136	8	28	902	0	0.0
239136	1	24	254	0	0.0
239136	5	54	118	4	0.03389830508474576
239136	5	40	2116	0	0.0
239136	6	11	11	0	0.0
239136	1	25	1789	4	0.0022358859698155395
239136	8	14	21	0	0.0
239136	6	39	135	5	0.037037037037037035
239136	6	10	2	1	0.5
239136	6	38	2802	28	0.009992862241256246
239136	1	31	1483	1	0.0006743088334457181
239136	8	29	408	0	0.0
239136	8	15	70	0	0.0
239136	3	20	3036	0	0.0
239136	7	50	6	0	0.0
239136	7	44	7	1	0.14285714285714285
239136	8	39	78	0	0.0
239136	4	11	14	0	0.0
239136	4	29	2140	0	0.0
239136	6	14	3401	11	0.003234342840341076
239136	3	18	1	0	0.0
239136	8	11	14	0	0.0
239136	3	34	328	0	0.0
239136	7	40	97	1	0.010309278350515464
239136	4	15	23	0	0.0
239136	4	39	675	0	0.0
239136	1	19	19792	47	0.0023746968472109944
239136	3	30	311	0	0.0
239136	3	24	468	0	0.0
239136	1	35	45	0	0.0
239136	5	44	11	11	1.0
239136	3	31	1117	0	0.0
239136	6	29	1323	169	0.12773998488284202
239136	5	51	490	135	0.2755102040816326
239136	6	15	2208	7	0.003170289855072464
239136	3	25	769	0	0.0
239136	5	50	971	111	0.11431513903192585
239136	1	21	2477	9	0.0036334275333064193
239136	4	38	5	0	0.0
239136	6	28	547	23	0.04204753199268738
239136	8	38	141	0	0.0
239136	8	10	2	0	0.0
239136	1	20	241	0	0.0
239136	4	10	17	0	0.0
239136	1	34	187	0	0.0
239136	7	41	1	0	0.0
239136	7	43	2	0	0.0
239136	3	27	192	0	0.0
239136	4	12	3	0	0.0
239136	6	17	96	0	0.0
239136	3	33	166	0	0.0
239136	1	36	95	0	0.0
239136	5	53	7	0	0.0
239136	1	23	743	6	0.008075370121130552
239136	3	19	11717	0	0.0
239136	1	22	529	0	0.0
239136	5	52	4194	541	0.12899380066762042
239136	3	32	53	0	0.0
239136	4	13	5	0	0.0
239136	1	37	9750	6	0.0006153846153846154
239136	6	16	3459	44	0.012720439433362244
239136	3	26	277	0	0.0
239136	4	36	151	0	0.0
239136	1	12	34	0	0.0
239136	4	22	2274	0	0.0
239136	8	22	2176	0	0.0
239136	8	36	51	0	0.0
239136	6	33	579	37	0.06390328151986183
239136	6	27	75	1	0.013333333333333334
239136	6	7	441	22	0.049886621315192746
239136	8	37	5	0	0.0
239136	2	43	978	2	0.002044989775051125
239136	8	23	921	0	0.0
239136	6	32	10	0	0.0
239136	4	5	112	0	0.0
239136	2	42	1694	6	0.0035419126328217238
239136	1	13	157	0	0.0
239136	4	37	109	0	0.0
239136	3	16	10	0	0.0
239136	6	26	572	14	0.024475524475524476
239136	4	23	4961	0	0.0
239136	4	35	45	0	0.0
239136	2	1	2982	555	0.18611670020120724
239136	3	28	246	0	0.0
239136	1	11	329	0	0.0
239136	4	21	4041	0	0.0
239136	6	5	3525	929	0.26354609929078016
239136	2	3	240	3	0.0125
239136	8	35	120	0	0.0
239136	6	24	3869	239	0.061773067976221244
239136	6	18	895	15	0.01675977653631285
239136	4	7	118	0	0.0
239136	5	7	1022	3	0.0029354207436399216
239136	6	31	14	0	0.0
239136	2	40	31	0	0.0
239136	8	21	2521	0	0.0
239136	1	39	8472	3	0.0003541076487252125
239136	5	49	919	93	0.10119695321001088
239136	6	30	14369	1841	0.12812304266128471
239136	5	48	4614	267	0.05786736020806242
239136	1	38	7	0	0.0
239136	4	34	484	0	0.0
239136	6	25	171	3	0.017543859649122806
239136	7	1	89	0	0.0
239136	4	30	1357	0	0.0
239136	1	10	915	59	0.06448087431693988
239136	1	3	1485	0	0.0
239136	6	19	1526	54	0.035386631716906945
239136	3	39	154	0	0.0
239136	4	20	723	0	0.0
239136	8	20	8362	0	0.0
239136	3	29	480	0	0.0
239136	7	49	1	0	0.0
239136	8	34	109	0	0.0
239136	4	24	1463	0	0.0
239136	3	15	9	0	0.0
239136	5	3	116	0	0.0
239136	3	11	21	0	0.0
239136	2	41	20532	158	0.007695304889927917
239136	8	18	36	0	0.0
239136	6	35	290	52	0.1793103448275862
239136	8	24	3472	0	0.0
239136	1	28	26	0	0.0
239136	6	21	5394	416	0.0771227289581016
239136	8	30	6641	0	0.0
239136	8	25	141	0	0.0
239136	2	5	40	15	0.375
239136	2	44	121	1	0.008264462809917356
239136	6	34	23	0	0.0
239136	2	51	3	3	1.0
239136	8	31	1	0	0.0
239136	1	15	2	0	0.0
239136	3	10	39	0	0.0
239136	8	19	1632	0	0.0
239136	2	45	4479	1	0.00022326412145568208
239136	6	20	3524	110	0.031214528944381384
239136	1	29	1283	0	0.0
239136	4	31	145	0	0.0
239136	4	3	2290	0	0.0
239136	3	38	23	0	0.0
239136	4	33	296	0	0.0
239136	4	19	8978	0	0.0
239136	6	3	113	9	0.07964601769911504
239136	4	27	351	0	0.0
239136	4	25	759	0	0.0
239136	6	1	96	6	0.0625
239136	7	48	38	0	0.0
239136	4	1	942	3	0.0031847133757961785
239136	6	36	193	13	0.06735751295336788
239136	3	12	1	0	0.0
239136	8	33	734	0	0.0
239136	2	46	52	0	0.0
239136	6	22	3711	436	0.11748854756130422
239136	8	27	72	0	0.0
239136	2	7	23	1	0.043478260869565216
239136	3	7	232	0	0.0
239136	6	37	1	0	0.0
239136	6	23	1094	94	0.08592321755027423
239136	3	13	1	0	0.0
239136	8	32	10	0	0.0
239136	2	53	1	0	0.0
239136	1	5	36	8	0.2222222222222222
239136	4	26	93	0	0.0
239136	7	38	154	0	0.0
239136	8	26	551	0	0.0
239136	7	10	4	3	0.75
239136	4	6	261	8	0.03065134099616858
239136	4	41	1413	0	0.0
239136	2	47	8182	0	0.0
239136	8	41	3	0	0.0
239136	6	50	389	2	0.005141388174807198
239136	5	29	22	0	0.0
239136	5	15	853	106	0.1242672919109027
239136	2	34	177	0	0.0
239136	5	14	472	7	0.014830508474576272
239136	5	28	333	0	0.0
239136	6	44	2	1	0.5
239136	2	20	36	0	0.0
239136	2	35	64	0	0.0
239136	8	40	219	0	0.0
239136	6	51	216	2	0.009259259259259259
239136	7	39	10	0	0.0
239136	7	11	1	0	0.0
239136	4	40	113	0	0.0
239136	4	42	30	0	0.0
239136	6	47	2	0	0.0
239136	2	21	7474	114	0.015252876639015252
239136	5	17	27	0	0.0
239136	6	53	5	0	0.0
239136	2	37	1731	0	0.0
239136	6	46	9	0	0.0
239136	2	6	185	22	0.11891891891891893
239136	2	23	961	6	0.006243496357960458
239136	2	22	2261	20	0.008845643520566122
239136	4	43	14	0	0.0
239136	5	16	1543	4	0.002592352559948153
239136	6	52	3975	5	0.0012578616352201257
239136	7	16	55	0	0.0
239136	8	9	3	0	0.0
239136	2	36	168	3	0.017857142857142856
239136	4	46	2	0	0.0
239136	2	33	95	0	0.0
239136	4	44	2	0	0.0
239136	2	32	28	0	0.0
239136	7	17	1	0	0.0
239136	2	31	346	0	0.0
239136	6	41	3	0	0.0
239136	8	52	1	0	0.0
239136	2	27	497	1	0.002012072434607646
239136	7	15	77	0	0.0
239136	2	26	1	0	0.0
239136	7	29	17	0	0.0
239136	5	38	3060	19	0.006209150326797385
239136	5	10	2	2	1.0
239136	2	24	815	0	0.0
239136	2	25	734	0	0.0
239136	7	14	12	0	0.0
239136	5	39	10	0	0.0
239136	2	18	2	0	0.0
239136	6	40	1681	12	0.007138607971445568
239136	4	45	1	0	0.0
239136	2	19	5848	7	0.0011969904240766074
239136	2	30	1706	21	0.0123094958968347
239136	8	51	2	0	0.0
246133	2	8	17	1	0.058823529411764705
239136	7	28	231	0	0.0
246133	7	25	3	0	0.0
239136	4	2	877	27	0.03078677309007982
246133	7	31	139	0	0.0
239136	6	54	4689	5	0.0010663254425250586
246133	7	19	674	0	0.0
246133	4	48	5	0	0.0
246133	3	41	92	0	0.0
246133	1	50	9	0	0.0
246133	8	48	539	0	0.0
246133	2	9	4199	3	0.0007144558228149559
246133	5	35	32	5	0.15625
246133	5	21	192	3	0.015625
246133	1	44	190	0	0.0
246133	5	34	112	9	0.08035714285714286
246133	2	14	39	1	0.02564102564102564
246133	8	49	144	0	0.0
246133	3	40	5	0	0.0
246133	7	18	21	0	0.0
246133	5	20	8950	273	0.030502793296089386
246133	2	15	1	0	0.0
246133	1	45	2793	5	0.0017901897601145722
246133	7	30	447	0	0.0
246133	3	8	6	0	0.0
246133	3	42	21	0	0.0
246133	7	24	5757	0	0.0
246133	2	29	25070	3847	0.15345033905065816
246133	7	32	180	0	0.0
246133	7	26	118	0	0.0
246133	1	46	143	0	0.0
246133	1	47	396	0	0.0
246133	1	53	5	0	0.0
246133	5	36	16	1	0.0625
246133	2	16	129	9	0.06976744186046512
246133	3	43	87	0	0.0
246133	7	27	8	0	0.0
246133	5	23	23	0	0.0
246133	1	8	1	0	0.0
246133	5	22	1548	55	0.0355297157622739
246133	4	8	8	0	0.0
246133	7	33	164	0	0.0
246133	7	23	396	0	0.0
246133	3	46	32	0	0.0
246133	2	13	161	9	0.055900621118012424
246133	1	43	1767	3	0.001697792869269949
246133	4	9	40	0	0.0
246133	2	12	262	1	0.003816793893129771
246133	1	42	753	1	0.0013280212483399733
246133	7	37	6	0	0.0
246133	5	32	58	0	0.0
246133	5	26	929	7	0.007534983853606028
246133	7	22	1324	0	0.0
246133	7	36	807	0	0.0
246133	7	8	2340	0	0.0
246133	5	8	122	4	0.03278688524590164
246133	5	33	47	4	0.0851063829787234
246133	8	6	663	90	0.13574660633484162
246133	7	34	231	0	0.0
246133	3	44	15	0	0.0
246133	7	20	7568	2	0.0002642706131078224
246133	5	19	57	1	0.017543859649122806
246133	5	24	562	7	0.012455516014234875
246133	2	39	2288	8	0.0034965034965034965
246133	2	11	1019	26	0.02551521099116781
246133	6	48	8764	711	0.08112733911455956
246133	5	30	1782	0	0.0
246133	5	18	258	0	0.0
246133	6	49	2522	87	0.0344964314036479
246133	1	41	2685	6	0.0022346368715083797
246133	2	10	5563	8	0.0014380729822038468
246133	3	45	182	0	0.0
246133	7	52	306	0	0.0
246133	7	35	105	0	0.0
246133	7	21	1401	0	0.0
246133	6	9	24	2	0.08333333333333333
246133	3	22	92	0	0.0
246133	3	36	16	0	0.0
246133	8	17	12	0	0.0
246133	1	27	115	5	0.043478260869565216
246133	1	33	440	14	0.031818181818181815
246133	8	16	144	0	0.0
246133	3	37	55	0	0.0
246133	3	35	1216	0	0.0
246133	6	13	1	0	0.0
246133	4	14	4	0	0.0
246133	7	53	2	0	0.0
246133	4	28	12	0	0.0
246133	7	51	46	0	0.0
246133	3	21	2123	0	0.0
246133	3	9	3	0	0.0
246133	4	16	35	0	0.0
246133	1	30	1	0	0.0
246133	8	14	28	0	0.0
246133	1	24	7	1	0.14285714285714285
246133	3	23	2326	0	0.0
246133	1	9	60	0	0.0
246133	6	39	2	0	0.0
246133	6	11	39	4	0.10256410256410256
246133	8	29	414	0	0.0
246133	4	15	2	0	0.0
246133	5	54	801	3	0.003745318352059925
246133	6	10	2	0	0.0
246133	5	40	1132	3	0.00265017667844523
246133	3	20	1580	0	0.0
246133	1	31	1436	0	0.0
246133	8	28	625	0	0.0
246133	1	19	7587	63	0.00830367734282325
246133	8	15	101	0	0.0
246133	3	30	4	0	0.0
246133	2	48	21	0	0.0
246133	3	24	67	0	0.0
246133	7	50	29	0	0.0
246133	1	25	190	5	0.02631578947368421
246133	4	11	166	0	0.0
246133	4	39	346	0	0.0
246133	3	34	115	0	0.0
246133	6	38	2437	5	0.002051702913418137
246133	6	14	3425	23	0.006715328467153284
246133	4	29	6017	0	0.0
246133	8	39	1	0	0.0
246133	1	35	20	0	0.0
246133	7	40	23	0	0.0
246133	1	21	3842	363	0.09448204060385217
246133	8	11	4	0	0.0
246133	3	31	727	0	0.0
246133	6	28	1270	232	0.1826771653543307
246133	6	29	606	129	0.21287128712871287
246133	5	51	307	39	0.1270358306188925
246133	1	20	32	0	0.0
246133	3	25	438	0	0.0
246133	1	34	14	0	0.0
246133	5	50	1435	53	0.036933797909407665
246133	7	43	1	0	0.0
246133	7	41	3	0	0.0
246133	4	38	1	0	0.0
246133	4	12	43	0	0.0
246133	4	10	329	0	0.0
246133	3	19	11740	0	0.0
246133	6	17	368	2	0.005434782608695652
246133	1	36	14	0	0.0
246133	3	33	527	0	0.0
246133	6	15	4052	69	0.01702862783810464
246133	8	38	72	0	0.0
246133	1	22	32	1	0.03125
246133	5	53	190	5	0.02631578947368421
246133	3	27	58	0	0.0
246133	1	37	4991	0	0.0
246133	5	52	5413	88	0.01625715869203769
246133	3	32	25	0	0.0
246133	7	42	1	0	0.0
246133	4	13	90	0	0.0
246133	6	16	2608	96	0.03680981595092025
246133	1	23	136	2	0.014705882352941176
246133	8	22	3020	0	0.0
246133	4	36	65	0	0.0
246133	3	26	1	0	0.0
246133	2	43	1456	10	0.006868131868131868
246133	4	22	692	0	0.0
246133	8	36	11	0	0.0
246133	2	42	956	37	0.038702928870292884
246133	6	26	395	3	0.007594936708860759
246133	6	32	2	0	0.0
246133	6	33	58	5	0.08620689655172414
246133	6	7	261	11	0.0421455938697318
246133	1	12	22	0	0.0
246133	1	13	20	0	0.0
246133	4	37	59	0	0.0
246133	8	23	120	0	0.0
246133	4	5	2	0	0.0
246133	4	23	6049	0	0.0
246133	3	16	2	0	0.0
246133	2	3	167	8	0.04790419161676647
246133	3	28	1	0	0.0
246133	2	1	2058	26	0.012633624878522837
246133	3	14	1	0	0.0
246133	4	35	46	0	0.0
246133	6	18	1266	80	0.0631911532385466
246133	6	24	2321	639	0.2753123653597587
246133	1	11	106	0	0.0
246133	1	39	2835	4	0.0014109347442680777
246133	6	5	3879	642	0.16550657385924208
246133	8	35	112	0	0.0
246133	8	21	1139	0	0.0
246133	4	7	65	0	0.0
246133	4	21	6019	0	0.0
246133	5	49	2180	30	0.013761467889908258
246133	2	54	4	0	0.0
246133	8	34	51	0	0.0
246133	3	29	483	0	0.0
246133	4	20	534	0	0.0
246133	5	48	3061	49	0.016007840574975497
246133	7	49	36	0	0.0
246133	4	34	134	0	0.0
246133	1	10	363	2	0.005509641873278237
246133	5	7	881	16	0.018161180476730987
246133	4	24	169	0	0.0
246133	1	3	1250	16	0.0128
246133	6	19	13	0	0.0
246133	7	1	8	0	0.0
246133	8	20	1827	0	0.0
246133	6	30	23316	5393	0.23130039457882998
246133	3	11	17	0	0.0
246133	6	21	480	114	0.2375
246133	5	3	12	0	0.0
246133	8	18	115	0	0.0
246133	4	30	392	0	0.0
246133	8	25	3	0	0.0
246133	8	30	6506	0	0.0
246133	2	44	377	5	0.013262599469496022
246133	2	51	3	0	0.0
246133	2	45	2583	1	0.00038714672861014324
246133	2	5	1	0	0.0
246133	2	41	9006	342	0.0379746835443038
246133	3	39	28	0	0.0
246133	2	50	39	3	0.07692307692307693
246133	6	35	113	27	0.23893805309734514
246133	8	24	7779	0	0.0
246133	6	20	2500	83	0.0332
246133	3	38	3	0	0.0
246133	3	10	111	0	0.0
246133	4	33	122	0	0.0
246133	8	19	168	0	0.0
246133	6	3	3	0	0.0
246133	3	12	8	0	0.0
246133	4	3	2131	0	0.0
246133	4	25	204	0	0.0
246133	4	19	4023	0	0.0
246133	4	27	455	0	0.0
246133	7	48	81	0	0.0
246133	6	36	19	5	0.2631578947368421
246133	8	27	6	0	0.0
246133	1	29	507	0	0.0
246133	6	34	95	19	0.2
246133	4	1	163	0	0.0
246133	2	52	1	0	0.0
246133	8	33	190	0	0.0
246133	6	22	3747	1044	0.27862289831865494
246133	2	46	519	18	0.03468208092485549
246133	3	13	3	0	0.0
246133	3	7	354	0	0.0
246133	2	7	3	0	0.0
246133	8	26	114	0	0.0
246133	2	53	29	1	0.034482758620689655
246133	7	38	125	0	0.0
246133	3	48	2	0	0.0
246133	6	23	37	4	0.10810810810810811
246133	2	47	5464	2	0.00036603221083455345
246133	6	44	23	0	0.0
246133	6	50	969	4	0.0041279669762641896
246133	8	41	10	0	0.0
246133	4	41	870	0	0.0
246133	4	6	25	3	0.12
246133	7	10	1	0	0.0
246133	2	34	30	2	0.06666666666666667
246133	2	20	1	0	0.0
246133	5	29	6	0	0.0
246133	5	15	709	3	0.004231311706629055
246133	6	45	2	1	0.5
246133	5	14	277	0	0.0
246133	2	35	32	1	0.03125
246133	4	40	4	0	0.0
246133	8	54	15	0	0.0
246133	5	28	334	1	0.0029940119760479044
246133	2	21	11537	1852	0.16052700008667764
246133	6	53	159	0	0.0
246133	8	42	2	0	0.0
246133	7	39	3	0	0.0
246133	6	51	428	6	0.014018691588785047
246133	2	37	1018	5	0.004911591355599214
246133	8	40	160	0	0.0
246133	5	16	780	0	0.0
246133	4	42	255	0	0.0
246133	6	52	3532	1	0.00028312570781426955
246133	5	17	104	7	0.0673076923076923
246133	2	22	293	15	0.051194539249146756
246133	2	36	50	6	0.12
246133	2	23	1001	117	0.11688311688311688
246133	4	43	85	0	0.0
246133	2	6	74	7	0.0945945945945946
246133	2	27	597	29	0.048576214405360134
246133	4	47	85	0	0.0
246133	4	53	2	0	0.0
246133	6	46	131	1	0.007633587786259542
246133	8	9	4	0	0.0
246133	7	16	53	0	0.0
246133	8	52	14	0	0.0
246133	8	53	1	0	0.0
246133	8	46	1	0	0.0
246133	2	33	189	16	0.08465608465608465
246133	7	29	678	0	0.0
246133	6	43	129	0	0.0
246133	4	46	24	0	0.0
246133	4	44	59	0	0.0
246133	7	17	21	0	0.0
246133	7	15	62	0	0.0
246133	6	41	125	1	0.008
246133	4	50	3	0	0.0
246133	8	50	6	0	0.0
246133	2	25	194	13	0.06701030927835051
246133	2	31	19	0	0.0
246133	2	30	697	57	0.08177905308464849
246133	4	2	835	86	0.1029940119760479
246133	2	18	9	0	0.0
246133	2	19	1341	25	0.018642803877703208
246133	4	45	35	0	0.0
246133	6	40	1010	37	0.03663366336633663
246133	5	38	2550	16	0.006274509803921568
246133	8	51	23	0	0.0
246133	2	24	23	0	0.0
246133	6	54	8246	31	0.0037593984962406013
249947	7	31	308	0	0.0
249947	1	50	3	1	0.3333333333333333
249947	1	44	105	8	0.0761904761904762
246133	7	14	13	0	0.0
249947	7	25	2	0	0.0
249947	2	8	39	0	0.0
249947	8	48	92	0	0.0
246133	7	28	130	0	0.0
249947	2	15	5	0	0.0
249947	7	19	831	0	0.0
249947	5	20	5515	491	0.08902991840435177
249947	3	41	163	0	0.0
249947	2	9	1666	3	0.001800720288115246
249947	5	34	34	1	0.029411764705882353
249947	2	29	16903	1956	0.11571910311778974
249947	5	21	546	0	0.0
249947	2	14	2	0	0.0
249947	1	45	1861	118	0.06340677055346589
249947	2	28	4	0	0.0
249947	7	26	15	0	0.0
249947	8	49	17	0	0.0
249947	3	40	7	0	0.0
249947	7	24	75	0	0.0
249947	1	8	17	0	0.0
249947	7	18	15	0	0.0
249947	5	35	54	0	0.0
249947	7	30	570	0	0.0
249947	3	8	27	0	0.0
249947	7	32	59	0	0.0
249947	3	42	41	0	0.0
249947	1	47	210	11	0.05238095238095238
249947	4	8	103	0	0.0
249947	7	27	3	0	0.0
249947	5	23	121	0	0.0
249947	3	43	68	0	0.0
249947	7	23	75	0	0.0
249947	5	26	49	3	0.061224489795918366
249947	2	16	2	0	0.0
249947	4	9	34	0	0.0
249947	2	13	413	2	0.004842615012106538
249947	7	33	262	0	0.0
249947	5	36	17	0	0.0
249947	5	22	1380	6	0.004347826086956522
249947	1	46	41	3	0.07317073170731707
249947	7	37	19	0	0.0
249947	1	42	767	38	0.04954367666232073
249947	5	32	4	0	0.0
249947	3	44	34	0	0.0
249947	1	43	949	82	0.08640674394099052
249947	2	12	100	0	0.0
249947	5	33	149	0	0.0
249947	3	50	51	0	0.0
249947	8	6	582	34	0.058419243986254296
249947	5	8	231	2	0.008658008658008658
249947	7	22	1185	0	0.0
249947	5	27	3	0	0.0
249947	3	46	53	0	0.0
249947	7	8	4695	0	0.0
249947	7	36	575	0	0.0
249947	7	20	6935	0	0.0
249947	7	34	214	0	0.0
249947	1	41	4485	168	0.03745819397993311
249947	2	10	3265	5	0.0015313935681470138
249947	2	39	2043	2	0.0009789525208027412
249947	5	19	41	1	0.024390243902439025
249947	5	18	372	8	0.021505376344086023
249947	5	24	160	0	0.0
249947	2	11	777	8	0.010296010296010296
249947	5	25	1	0	0.0
249947	6	49	1277	20	0.015661707126076743
249947	5	30	2784	2	0.0007183908045977011
249947	3	45	122	0	0.0
249947	3	51	4	0	0.0
249947	1	40	4	0	0.0
249947	7	35	118	0	0.0
249947	7	52	124	0	0.0
249947	7	21	197	0	0.0
249947	6	48	15501	546	0.03522353396555061
249947	8	17	1	0	0.0
249947	3	22	469	0	0.0
249947	1	27	15	0	0.0
249947	3	36	82	0	0.0
249947	5	43	1	1	1.0
249947	1	33	317	0	0.0
249947	7	51	16	0	0.0
249947	3	35	1125	0	0.0
249947	1	9	204	2	0.00980392156862745
249947	3	37	502	0	0.0
249947	8	16	39	0	0.0
249947	1	26	1	0	0.0
249947	7	53	1	0	0.0
249947	4	16	2	0	0.0
249947	3	23	3034	0	0.0
249947	6	39	14	0	0.0
249947	4	28	27	0	0.0
249947	1	30	14	0	0.0
249947	2	48	4	0	0.0
249947	5	54	230	19	0.08260869565217391
249947	1	24	52	0	0.0
249947	3	9	31	0	0.0
249947	8	14	32	0	0.0
249947	3	21	2814	0	0.0
249947	8	28	194	0	0.0
249947	5	40	510	2	0.00392156862745098
249947	4	14	3	0	0.0
249947	8	29	160	0	0.0
249947	1	31	1379	0	0.0
249947	1	25	255	0	0.0
249947	6	10	11	0	0.0
249947	1	19	5244	17	0.0032418001525553013
249947	8	15	234	0	0.0
249947	4	15	16	0	0.0
249947	3	30	14	0	0.0
249947	7	44	1	0	0.0
249947	6	38	1992	113	0.056726907630522086
249947	7	50	121	0	0.0
249947	7	40	79	0	0.0
249947	4	11	18	0	0.0
249947	3	34	384	0	0.0
249947	4	29	1907	0	0.0
249947	8	39	17	0	0.0
249947	3	24	2	0	0.0
249947	6	14	3211	19	0.005917159763313609
249947	8	11	2	0	0.0
249947	4	39	430	0	0.0
249947	3	20	1516	0	0.0
249947	1	35	104	2	0.019230769230769232
249947	5	45	1	0	0.0
249947	1	21	1515	3	0.0019801980198019802
249947	5	51	352	62	0.17613636363636365
249947	6	15	2233	12	0.005373936408419167
249947	8	38	58	1	0.017241379310344827
249947	5	50	1012	172	0.16996047430830039
249947	8	10	13	0	0.0
249947	1	20	484	0	0.0
249947	6	28	25	2	0.08
249947	6	29	422	100	0.23696682464454977
249947	1	34	328	1	0.003048780487804878
249947	3	25	27	0	0.0
249947	4	38	7	0	0.0
249947	3	31	922	0	0.0
249947	4	10	145	0	0.0
249947	3	33	935	0	0.0
249947	7	43	3	0	0.0
249947	1	22	740	2	0.002702702702702703
249947	6	17	49	0	0.0
249947	1	23	296	0	0.0
249947	1	36	74	0	0.0
249947	5	52	4299	281	0.0653640381484066
249947	6	16	3212	62	0.019302615193026153
249947	3	19	11011	0	0.0
249947	3	26	1	0	0.0
249947	3	32	50	0	0.0
249947	5	53	33	6	0.18181818181818182
249947	3	27	21	0	0.0
249947	1	37	6090	1	0.00016420361247947455
249947	4	22	2131	0	0.0
249947	4	36	134	0	0.0
249947	8	22	4058	0	0.0
249947	6	32	1	0	0.0
249947	1	12	16	0	0.0
249947	6	33	353	10	0.028328611898016998
249947	1	13	159	0	0.0
249947	8	36	26	0	0.0
249947	6	7	300	12	0.04
249947	2	43	855	0	0.0
249947	2	42	2043	64	0.03132648066568772
249947	6	27	14	0	0.0
249947	8	37	4	0	0.0
249947	4	23	5875	0	0.0
249947	8	23	351	0	0.0
249947	4	5	25	0	0.0
249947	6	26	30	0	0.0
249947	3	16	1	0	0.0
249947	4	37	89	0	0.0
249947	2	3	384	0	0.0
249947	8	35	141	0	0.0
249947	2	40	10	0	0.0
249947	1	11	485	0	0.0
249947	4	35	56	0	0.0
249947	1	39	4159	0	0.0
249947	2	1	2203	341	0.15478892419428053
249947	6	24	1130	129	0.11415929203539824
249947	3	28	3	0	0.0
249947	4	21	3115	0	0.0
249947	4	7	9	0	0.0
249947	6	18	1151	30	0.026064291920069503
249947	3	14	2	0	0.0
249947	6	5	3243	797	0.24576009867406723
249947	8	21	2207	0	0.0
249947	6	25	6	0	0.0
249947	5	49	529	49	0.09262759924385633
249947	2	54	1	0	0.0
249947	3	15	8	0	0.0
249947	4	34	506	0	0.0
249947	1	10	792	29	0.036616161616161616
249947	6	30	22768	3404	0.1495080815179199
249947	8	20	1995	0	0.0
249947	8	34	193	0	0.0
249947	3	29	564	0	0.0
249947	1	3	2648	0	0.0
249947	5	7	1262	46	0.03645007923930269
249947	6	19	37	1	0.02702702702702703
249947	4	20	1161	0	0.0
249947	5	48	3800	428	0.11263157894736842
249947	7	1	13	0	0.0
249947	7	49	18	0	0.0
249947	3	39	29	0	0.0
249947	4	30	207	0	0.0
249947	4	24	409	0	0.0
249947	3	11	17	0	0.0
249947	6	35	186	11	0.05913978494623656
249947	5	3	4	0	0.0
249947	1	28	2	0	0.0
249947	2	50	15	0	0.0
249947	1	15	1	0	0.0
249947	8	18	8	0	0.0
249947	2	45	3565	1	0.00028050490883590464
249947	6	34	80	4	0.05
249947	2	5	27	2	0.07407407407407407
249947	8	30	2207	0	0.0
249947	8	24	2420	0	0.0
249947	2	44	256	3	0.01171875
249947	2	41	13645	660	0.04836936606815683
249947	6	21	4176	356	0.08524904214559387
249947	8	25	7	0	0.0
249947	8	19	242	0	0.0
249947	6	20	2098	141	0.06720686367969494
249947	1	29	1107	0	0.0
249947	4	25	109	0	0.0
249947	6	3	18	1	0.05555555555555555
249947	7	48	48	1	0.020833333333333332
249947	3	38	2	0	0.0
249947	4	1	443	0	0.0
249947	3	12	2	0	0.0
249947	4	27	452	0	0.0
249947	4	3	2708	0	0.0
249947	6	1	27	4	0.14814814814814814
249947	4	19	1008	0	0.0
249947	6	22	7541	1181	0.15661052910754542
249947	4	31	45	0	0.0
249947	6	36	48	6	0.125
249947	3	10	165	0	0.0
249947	4	33	77	0	0.0
249947	8	33	297	0	0.0
249947	2	53	4	0	0.0
249947	3	13	1	0	0.0
249947	8	32	1	0	0.0
249947	8	27	25	0	0.0
249947	2	46	72	2	0.027777777777777776
249947	1	5	11	2	0.18181818181818182
249947	2	7	7	0	0.0
249947	3	7	192	0	0.0
249947	7	10	2	0	0.0
249947	6	37	6	0	0.0
249947	6	23	382	19	0.049738219895287955
249947	4	6	74	3	0.04054054054054054
249947	8	26	29	0	0.0
249947	4	26	2	0	0.0
249947	2	47	5281	11	0.0020829388373414127
249947	7	38	101	0	0.0
249947	8	41	2	0	0.0
249947	4	41	490	0	0.0
249947	6	50	621	1	0.001610305958132045
249947	2	34	260	0	0.0
249947	5	15	1269	160	0.12608353033884948
249947	6	44	2	0	0.0
249947	2	20	120	2	0.016666666666666666
249947	6	51	452	4	0.008849557522123894
249947	5	28	6	0	0.0
249947	2	23	2307	121	0.05244906805374946
249947	5	29	10	0	0.0
249947	7	39	3	0	0.0
249947	2	21	7219	227	0.03144479844853858
249947	2	35	42	0	0.0
249947	6	53	34	0	0.0
249947	4	42	11	0	0.0
249947	4	40	15	0	0.0
249947	8	40	186	0	0.0
249947	5	14	192	7	0.036458333333333336
249947	5	16	517	17	0.03288201160541586
249947	2	37	1266	1	0.0007898894154818325
249947	2	36	79	0	0.0
249947	2	22	901	11	0.01220865704772475
249947	2	27	328	1	0.003048780487804878
249947	6	46	8	0	0.0
249947	8	52	4	0	0.0
249947	7	16	25	0	0.0
249947	5	17	25	4	0.16
249947	4	47	6	0	0.0
249947	4	53	1	0	0.0
249947	6	52	2373	3	0.0012642225031605564
249947	2	6	47	4	0.0851063829787234
249947	2	33	141	1	0.0070921985815602835
249947	4	43	16	0	0.0
249947	2	26	1	0	0.0
249947	8	9	1	0	0.0
249947	6	43	10	0	0.0
249947	7	17	2	0	0.0
249947	7	29	20	0	0.0
249947	6	41	22	1	0.045454545454545456
249947	4	46	10	0	0.0
249947	2	31	227	0	0.0
249947	2	25	115	0	0.0
249947	2	19	965	4	0.004145077720207254
249947	4	50	1	0	0.0
249947	7	15	112	0	0.0
249947	5	38	1840	8	0.004347826086956522
249947	8	50	3	0	0.0
249947	5	39	3	0	0.0
249947	6	40	513	5	0.009746588693957114
249947	2	30	180	9	0.05
249947	4	2	748	3	0.004010695187165776
249947	8	51	4	0	0.0
249947	4	45	22	0	0.0
249947	2	24	147	0	0.0
249947	7	14	9	0	0.0
251833	3	41	50	0	0.0
251833	7	31	5	0	0.0
249947	7	28	95	0	0.0
251833	2	8	10	0	0.0
251833	1	44	124	11	0.08870967741935484
249947	6	54	5137	11	0.0021413276231263384
251833	2	14	3	3	1.0
251833	2	9	2916	1	0.0003429355281207133
251833	5	34	113	7	0.061946902654867256
251833	8	48	344	0	0.0
251833	7	19	964	0	0.0
251833	8	49	1	0	0.0
251833	5	21	133	0	0.0
251833	1	45	911	30	0.03293084522502744
251833	1	51	31	31	1.0
251833	2	28	2	0	0.0
251833	2	15	41	41	1.0
251833	3	40	8	0	0.0
251833	5	35	104	1	0.009615384615384616
251833	7	18	3	0	0.0
251833	5	20	12247	371	0.030293133012166244
251833	2	29	17182	2451	0.14264928413455943
251833	7	30	361	0	0.0
251833	7	26	41	0	0.0
251833	3	8	10	0	0.0
251833	1	47	225	6	0.02666666666666667
251833	3	42	1	0	0.0
251833	1	8	2	0	0.0
251833	1	46	17	1	0.058823529411764705
251833	5	22	1869	11	0.005885500267522739
251833	3	43	4	0	0.0
251833	5	23	19	0	0.0
251833	7	32	299	0	0.0
251833	7	33	138	0	0.0
251833	7	27	9	0	0.0
251833	7	24	21	0	0.0
251833	2	16	18	0	0.0
251833	5	36	71	0	0.0
251833	4	8	41	0	0.0
251833	7	37	1	0	0.0
251833	5	37	9	6	0.6666666666666666
251833	7	23	61	0	0.0
251833	4	9	2	0	0.0
251833	1	43	478	20	0.04184100418410042
251833	7	34	223	0	0.0
251833	1	42	443	10	0.022573363431151242
251833	5	33	399	3	0.007518796992481203
251833	7	22	337	1	0.002967359050445104
251833	7	36	776	0	0.0
251833	3	46	3	0	0.0
251833	5	26	1300	14	0.010769230769230769
251833	3	44	1	0	0.0
251833	2	13	648	4	0.006172839506172839
251833	7	20	2561	0	0.0
251833	2	12	153	0	0.0
251833	8	6	940	103	0.10957446808510639
251833	5	8	465	7	0.015053763440860216
251833	5	32	256	3	0.01171875
251833	7	8	2192	0	0.0
251833	3	50	1	0	0.0
251833	5	19	69	0	0.0
251833	5	31	91	0	0.0
251833	2	10	4630	0	0.0
251833	5	24	306	2	0.006535947712418301
251833	2	38	1	1	1.0
251833	1	41	2235	10	0.0044742729306487695
251833	7	35	136	0	0.0
251833	2	39	3479	0	0.0
251833	2	11	2335	2	0.0008565310492505353
251833	6	49	336	13	0.03869047619047619
251833	6	9	4	1	0.25
251833	5	30	5125	0	0.0
251833	6	48	12155	882	0.07256273138626079
251833	3	45	6	0	0.0
251833	7	21	361	0	0.0
251833	3	22	124	0	0.0
251833	5	18	202	0	0.0
251833	7	52	39	16	0.41025641025641024
251833	3	36	26	0	0.0
251833	1	27	179	1	0.00558659217877095
251833	1	33	53	5	0.09433962264150944
251833	5	43	1	1	1.0
251833	3	37	92	0	0.0
251833	1	9	157	0	0.0
251833	8	16	6	0	0.0
251833	3	23	892	0	0.0
251833	7	53	6	1	0.16666666666666666
251833	3	21	664	0	0.0
251833	4	16	8	0	0.0
251833	4	28	11	0	0.0
251833	6	11	18	0	0.0
251833	8	28	421	0	0.0
251833	2	48	1	0	0.0
251833	8	14	1	0	0.0
251833	1	24	4	0	0.0
251833	3	35	581	0	0.0
251833	5	40	2035	4	0.0019656019656019656
251833	1	30	6	0	0.0
251833	1	19	3742	378	0.10101549973276323
251833	7	51	9	3	0.3333333333333333
251833	5	54	71	3	0.04225352112676056
251833	3	9	5	0	0.0
251833	6	10	51	51	1.0
251833	8	29	467	0	0.0
251833	1	31	47	2	0.0425531914893617
251833	1	25	951	59	0.06203995793901157
251833	4	11	2	0	0.0
251833	8	15	69	0	0.0
251833	4	15	3	0	0.0
251833	6	38	2466	17	0.006893755068937551
251833	3	30	3	0	0.0
251833	7	40	116	1	0.008620689655172414
251833	3	20	344	0	0.0
251833	8	11	4	0	0.0
251833	4	29	925	0	0.0
251833	6	14	3123	5	0.001601024655779699
251833	4	39	239	0	0.0
251833	7	44	1	1	1.0
251833	3	34	80	0	0.0
251833	1	21	1679	11	0.006551518761167362
251833	3	24	1	0	0.0
251833	1	35	5	1	0.2
251833	7	50	9	3	0.3333333333333333
251833	8	39	1	0	0.0
251833	6	28	110	1	0.00909090909090909
251833	5	44	29	29	1.0
251833	5	51	96	50	0.5208333333333334
251833	8	10	1	0	0.0
251833	1	34	6	0	0.0
251833	3	25	58	0	0.0
251833	4	10	1	1	1.0
251833	3	19	5573	0	0.0
251833	7	43	2	2	1.0
251833	6	29	2759	291	0.10547299746284886
251833	8	38	107	1	0.009345794392523364
251833	3	31	660	0	0.0
251833	4	38	2	0	0.0
251833	5	50	565	134	0.23716814159292035
251833	6	15	4515	23	0.0050941306755260245
251833	3	27	41	0	0.0
251833	6	17	186	5	0.026881720430107527
251833	3	33	235	0	0.0
251833	1	22	64	0	0.0
251833	5	53	53	14	0.2641509433962264
251833	5	52	944	248	0.2627118644067797
251833	6	16	1709	9	0.0052662375658279695
251833	1	12	22	0	0.0
251833	3	32	47	0	0.0
251833	3	26	3	0	0.0
251833	4	22	772	0	0.0
251833	1	37	7440	38	0.00510752688172043
251833	8	22	1902	0	0.0
251833	4	36	22	0	0.0
251833	8	36	29	0	0.0
251833	1	36	10	0	0.0
251833	6	33	42	5	0.11904761904761904
251833	1	23	1990	87	0.043718592964824124
251833	4	13	1	0	0.0
251833	6	27	3	0	0.0
251833	6	26	322	2	0.006211180124223602
251833	1	13	40	0	0.0
251833	4	5	4	0	0.0
251833	2	42	1152	10	0.008680555555555556
251833	4	23	2148	0	0.0
251833	6	7	235	34	0.14468085106382977
251833	6	32	12	0	0.0
251833	1	11	183	0	0.0
251833	8	23	106	0	0.0
251833	3	28	2	0	0.0
251833	2	43	518	0	0.0
251833	4	35	4	0	0.0
251833	4	37	12	0	0.0
251833	4	21	3318	0	0.0
251833	2	1	5716	168	0.02939118264520644
251833	2	3	174	0	0.0
251833	8	35	26	0	0.0
251833	6	5	3780	678	0.17936507936507937
251833	6	18	618	5	0.008090614886731391
251833	6	31	1	0	0.0
251833	5	7	1507	37	0.0245520902455209
251833	4	7	6	0	0.0
251833	5	49	58	6	0.10344827586206896
251833	6	24	1281	111	0.08665105386416862
251833	8	21	1511	0	0.0
251833	1	39	5442	23	0.004226387357589121
251833	1	10	1646	24	0.014580801944106925
251833	5	48	2001	121	0.06046976511744128
251833	2	54	1	0	0.0
251833	8	34	55	0	0.0
251833	6	19	26	0	0.0
251833	4	34	24	0	0.0
251833	8	20	3699	1	0.0002703433360367667
251833	3	29	269	0	0.0
251833	2	41	8147	57	0.006996440407511967
251833	1	3	1120	40	0.03571428571428571
251833	4	20	10	0	0.0
251833	3	39	35	0	0.0
251833	4	24	70	0	0.0
251833	4	30	175	0	0.0
251833	7	1	12	7	0.5833333333333334
251833	3	11	3	0	0.0
251833	8	18	3	0	0.0
251833	6	21	1835	79	0.04305177111716621
251833	5	3	19	0	0.0
251833	6	35	44	7	0.1590909090909091
251833	8	19	87	0	0.0
251833	6	30	31500	4256	0.1351111111111111
251833	8	24	672	1	0.001488095238095238
251833	2	5	58	49	0.8448275862068966
251833	1	15	17	17	1.0
251833	2	44	394	7	0.017766497461928935
251833	3	10	18	0	0.0
251833	6	34	27	4	0.14814814814814814
251833	1	29	1035	0	0.0
251833	6	20	3264	189	0.057904411764705885
251833	4	19	4726	0	0.0
251833	2	50	2	0	0.0
251833	2	51	7	6	0.8571428571428571
251833	8	30	1753	0	0.0
251833	2	45	2179	6	0.0027535566773749425
251833	4	3	570	0	0.0
251833	4	31	23	0	0.0
251833	7	48	39	1	0.02564102564102564
251833	6	3	5	0	0.0
251833	3	38	2	0	0.0
251833	4	25	113	0	0.0
251833	3	12	1	0	0.0
251833	4	27	363	0	0.0
251833	4	33	122	0	0.0
251833	6	36	29	0	0.0
251833	6	1	41	34	0.8292682926829268
251833	8	27	8	0	0.0
251833	8	33	199	0	0.0
251833	3	7	22	0	0.0
251833	4	1	845	1	0.001183431952662722
251833	2	7	22	20	0.9090909090909091
251833	8	32	22	0	0.0
251833	6	22	5239	459	0.08761213972132087
251833	1	5	31	27	0.8709677419354839
251833	2	46	116	0	0.0
251833	8	26	62	0	0.0
251833	2	47	6571	2	0.00030436767615279255
251833	6	37	2	2	1.0
251833	4	41	89	0	0.0
251833	4	6	20	2	0.1
251833	2	34	6	0	0.0
251833	4	26	3	0	0.0
251833	7	38	147	0	0.0
251833	6	23	95	11	0.11578947368421053
251833	7	10	5	4	0.8
251833	5	15	1227	108	0.08801955990220049
251833	6	50	1750	17	0.009714285714285713
251833	5	29	37	0	0.0
251833	5	28	32	0	0.0
251833	2	21	6872	481	0.0699941792782305
251833	6	53	84	2	0.023809523809523808
251833	5	16	448	0	0.0
251833	2	35	2	0	0.0
251833	5	14	183	0	0.0
251833	2	37	1449	0	0.0
251833	4	40	2	0	0.0
251833	6	51	242	9	0.0371900826446281
251833	8	40	405	0	0.0
251833	6	47	1	0	0.0
251833	6	52	2710	15	0.005535055350553505
251833	5	17	28	6	0.21428571428571427
251833	2	22	334	2	0.005988023952095809
251833	2	23	1635	14	0.00856269113149847
251833	7	39	2	0	0.0
251833	2	36	21	2	0.09523809523809523
251833	6	46	1	0	0.0
251833	7	16	14	0	0.0
251833	8	53	5	0	0.0
251833	2	6	131	103	0.7862595419847328
251833	6	43	5	0	0.0
251833	7	17	2	0	0.0
251833	4	44	1	0	0.0
251833	7	15	70	5	0.07142857142857142
251833	8	52	1	0	0.0
251833	2	33	26	0	0.0
251833	7	29	51	0	0.0
251833	2	27	204	1	0.004901960784313725
251833	2	25	432	0	0.0
251833	6	41	1	0	0.0
251833	5	38	4698	8	0.0017028522775649213
251833	2	30	349	12	0.034383954154727794
251833	2	19	1600	2	0.00125
251833	8	51	1	0	0.0
251833	8	50	6	0	0.0
251833	4	2	458	7	0.015283842794759825
251833	5	10	21	19	0.9047619047619048
251833	2	24	5	0	0.0
251833	2	31	6	0	0.0
251833	6	40	1067	4	0.0037488284910965324
257845	7	25	6	0	0.0
251833	6	54	6113	74	0.012105349255684607
251833	7	28	28	0	0.0
251833	7	14	1	0	0.0
257845	3	41	139	0	0.0
257845	2	8	25	0	0.0
257845	7	19	1745	0	0.0
257845	2	14	6	0	0.0
257845	7	31	7	0	0.0
257845	4	48	3	0	0.0
257845	2	9	3264	22	0.006740196078431373
257845	8	48	186	0	0.0
257845	5	34	321	2	0.006230529595015576
257845	5	21	732	0	0.0
257845	5	35	196	0	0.0
257845	1	44	229	25	0.1091703056768559
257845	2	15	2	0	0.0
257845	1	50	2	0	0.0
257845	8	49	3	0	0.0
257845	3	40	6	0	0.0
257845	1	45	3521	222	0.06305026980971315
257845	7	18	23	0	0.0
257845	7	30	551	1	0.0018148820326678765
257845	7	32	143	0	0.0
257845	1	8	4	0	0.0
257845	7	26	130	0	0.0
257845	7	24	1073	1	0.0009319664492078285
257845	3	8	20	0	0.0
257845	1	53	1	0	0.0
257845	5	20	17851	25	0.0014004817657274102
257845	2	16	47	14	0.2978723404255319
257845	3	42	22	0	0.0
257845	1	47	439	25	0.05694760820045558
257845	1	46	30	1	0.03333333333333333
257845	5	36	231	0	0.0
257845	5	22	2445	3	0.001226993865030675
257845	5	23	19	0	0.0
257845	3	43	68	0	0.0
257845	2	29	21578	5422	0.2512744461951988
257845	7	33	285	0	0.0
257845	4	8	129	0	0.0
257845	7	23	71	0	0.0
257845	7	37	3	0	0.0
257845	5	32	89	0	0.0
257845	7	22	1152	0	0.0
257845	5	27	1	0	0.0
257845	1	42	1023	65	0.0635386119257087
257845	2	13	155	3	0.01935483870967742
257845	2	12	337	25	0.07418397626112759
257845	5	33	517	1	0.0019342359767891683
257845	5	26	960	0	0.0
257845	5	8	173	4	0.023121387283236993
257845	1	43	1794	139	0.07748049052396878
257845	3	46	20	0	0.0
257845	7	36	1742	0	0.0
257845	7	8	2044	0	0.0
257845	7	20	7048	1	0.00014188422247446084
257845	3	44	15	0	0.0
257845	5	19	788	0	0.0
257845	5	18	396	6	0.015151515151515152
257845	5	30	2408	2	0.0008305647840531562
257845	2	39	4553	15	0.0032945310784098397
257845	7	34	355	0	0.0
257845	1	41	2829	45	0.015906680805938492
257845	8	6	584	60	0.10273972602739725
257845	2	10	4690	40	0.008528784648187633
257845	2	11	1315	54	0.04106463878326996
257845	5	24	239	0	0.0
257845	3	50	18	0	0.0
257845	6	48	10816	1209	0.11177884615384616
257845	3	45	57	0	0.0
257845	3	51	2	0	0.0
257845	3	22	459	0	0.0
257845	8	17	1	1	1.0
257845	3	36	128	0	0.0
257845	7	52	38	1	0.02631578947368421
257845	6	49	2131	178	0.08352885969028626
257845	6	9	11	0	0.0
257845	1	27	128	2	0.015625
257845	1	33	187	1	0.0053475935828877
257845	7	21	774	0	0.0
257845	8	16	17	0	0.0
257845	7	35	138	0	0.0
257845	4	16	64	0	0.0
257845	3	37	487	0	0.0
257845	1	9	141	3	0.02127659574468085
257845	7	53	7	0	0.0
257845	4	28	39	0	0.0
257845	3	35	647	0	0.0
257845	8	14	7	0	0.0
257845	3	23	338	0	0.0
257845	4	14	9	0	0.0
257845	3	9	2	0	0.0
257845	6	39	2	0	0.0
257845	7	51	17	0	0.0
257845	3	21	1236	0	0.0
257845	1	24	39	0	0.0
257845	1	30	29	0	0.0
257845	8	28	184	0	0.0
257845	2	48	39	0	0.0
257845	5	40	1119	0	0.0
257845	6	11	43	3	0.06976744186046512
257845	5	54	84	4	0.047619047619047616
257845	6	10	1	0	0.0
257845	8	15	31	1	0.03225806451612903
257845	1	25	1331	1	0.0007513148009015778
257845	7	40	64	0	0.0
257845	7	50	29	0	0.0
257845	4	15	7	0	0.0
257845	8	29	893	0	0.0
257845	4	11	4	0	0.0
257845	6	38	1138	37	0.03251318101933216
257845	3	34	101	0	0.0
257845	3	20	808	0	0.0
257845	1	31	1243	0	0.0
257845	4	29	648	0	0.0
257845	1	19	25430	48	0.0018875344081793158
257845	3	24	173	0	0.0
257845	3	30	5	0	0.0
257845	1	35	63	0	0.0
257845	6	28	253	11	0.043478260869565216
257845	3	18	1	0	0.0
257845	8	39	5	0	0.0
257845	6	14	3350	3	0.0008955223880597015
257845	4	39	197	0	0.0
257845	1	20	61	0	0.0
257845	5	50	416	83	0.19951923076923078
257845	5	51	102	30	0.29411764705882354
257845	1	21	5127	13	0.0025355958650282815
257845	8	10	1	0	0.0
257845	8	11	9	0	0.0
257845	1	34	31	0	0.0
257845	6	29	2638	251	0.09514783927217589
257845	8	38	23	0	0.0
257845	3	31	327	0	0.0
257845	3	25	190	0	0.0
257845	6	15	3121	26	0.008330663248958666
257845	4	10	27	0	0.0
257845	3	33	236	0	0.0
257845	6	17	294	1	0.003401360544217687
257845	1	36	57	0	0.0
257845	7	43	2	0	0.0
257845	3	27	12	0	0.0
257845	1	22	135	0	0.0
257845	3	19	11452	0	0.0
257845	5	53	44	4	0.09090909090909091
257845	4	36	69	0	0.0
257845	3	26	14	0	0.0
257845	1	37	3999	5	0.001250312578144536
257845	3	32	2	0	0.0
257845	8	22	1524	0	0.0
257845	1	12	74	0	0.0
257845	6	16	2155	6	0.0027842227378190253
257845	4	22	1440	0	0.0
257845	5	52	4035	746	0.1848822800495663
257845	6	7	294	22	0.07482993197278912
257845	6	27	2	0	0.0
257845	2	42	1610	77	0.04782608695652174
257845	2	43	728	18	0.024725274725274724
257845	6	33	433	36	0.08314087759815242
257845	4	13	1	0	0.0
257845	8	36	109	0	0.0
257845	1	23	424	3	0.007075471698113208
257845	6	32	4	0	0.0
257845	1	11	203	1	0.0049261083743842365
257845	8	37	1	0	0.0
257845	4	5	16	0	0.0
257845	8	23	174	0	0.0
257845	6	26	636	2	0.0031446540880503146
257845	2	3	176	8	0.045454545454545456
257845	8	35	112	0	0.0
257845	3	28	7	0	0.0
257845	4	23	1256	0	0.0
257845	4	21	2383	0	0.0
257845	4	7	47	0	0.0
257845	1	39	3955	0	0.0
257845	2	1	3017	676	0.22406363937686444
257845	4	35	89	0	0.0
257845	1	13	22	0	0.0
257845	4	37	47	0	0.0
257845	6	5	3901	1444	0.37016149705203794
257845	6	24	828	87	0.10507246376811594
257845	8	21	2380	0	0.0
257845	6	18	1191	22	0.018471872376154493
257845	5	7	871	5	0.0057405281285878304
257845	5	49	1287	172	0.13364413364413363
257845	1	10	1121	61	0.054415700267618196
257845	4	34	126	0	0.0
257845	1	38	6	0	0.0
257845	4	20	411	0	0.0
257845	8	34	119	0	0.0
257845	6	30	17396	1958	0.11255461025523109
257845	5	48	2614	469	0.1794185156847743
257845	6	19	159	3	0.018867924528301886
257845	8	20	6072	0	0.0
257845	3	29	250	0	0.0
257845	1	3	851	3	0.0035252643948296123
257845	7	49	22	0	0.0
257845	6	25	2	0	0.0
257845	3	15	2	0	0.0
257845	7	1	17	0	0.0
257845	3	39	109	0	0.0
257845	4	30	475	0	0.0
257845	3	11	13	0	0.0
257845	1	28	1	0	0.0
257845	4	24	660	0	0.0
257845	2	41	16874	3621	0.2145904942515112
257845	6	35	159	9	0.05660377358490566
257845	5	3	22	0	0.0
257845	8	18	4	0	0.0
257845	8	30	709	1	0.0014104372355430183
257845	6	21	4258	385	0.09041803663691875
257845	2	51	3	2	0.6666666666666666
257845	8	24	1909	0	0.0
257845	2	5	3	1	0.3333333333333333
257845	2	44	359	41	0.11420612813370473
257845	8	25	5	0	0.0
257845	3	10	76	0	0.0
257845	2	50	13	1	0.07692307692307693
257845	6	34	155	12	0.07741935483870968
257845	4	31	31	0	0.0
257845	2	45	4073	43	0.0105573287503069
257845	4	3	2574	0	0.0
257845	3	38	1	0	0.0
257845	4	25	127	0	0.0
257845	6	20	6754	37	0.005478235119928931
257845	8	19	542	0	0.0
257845	1	29	3734	1	0.0002678093197643278
257845	4	1	333	8	0.024024024024024024
257845	6	1	9	0	0.0
257845	4	19	9702	0	0.0
257845	6	36	129	15	0.11627906976744186
257845	4	33	209	0	0.0
257845	7	48	25	0	0.0
257845	2	7	3	1	0.3333333333333333
257845	4	27	160	0	0.0
257845	6	3	14	3	0.21428571428571427
257845	8	33	497	0	0.0
257845	8	27	2	0	0.0
257845	3	12	15	0	0.0
257845	3	7	51	0	0.0
257845	2	46	64	9	0.140625
257845	8	26	94	0	0.0
257845	8	32	9	0	0.0
257845	4	26	11	0	0.0
257845	2	53	7	0	0.0
257845	6	22	6797	678	0.0997498896572017
257845	3	13	1	0	0.0
257845	6	23	113	13	0.11504424778761062
257845	1	5	17	5	0.29411764705882354
257845	2	47	5108	115	0.022513703993735316
257845	7	38	238	1	0.004201680672268907
257845	8	41	2	0	0.0
257845	2	34	6	0	0.0
257845	4	6	76	8	0.10526315789473684
257845	6	44	1	0	0.0
257845	5	29	72	0	0.0
257845	2	20	9	0	0.0
257845	6	50	408	41	0.10049019607843138
257845	5	28	76	0	0.0
257845	5	15	599	103	0.17195325542570952
257845	4	41	1110	0	0.0
257845	2	35	13	1	0.07692307692307693
257845	5	14	182	10	0.054945054945054944
257845	2	21	7575	256	0.03379537953795379
257845	6	51	410	30	0.07317073170731707
257845	8	40	95	0	0.0
257845	4	40	20	0	0.0
257845	5	16	500	0	0.0
257845	7	11	1	0	0.0
257845	4	42	9	0	0.0
257845	6	53	37	3	0.08108108108108109
257845	6	46	15	0	0.0
257845	4	47	12	0	0.0
257845	2	37	942	36	0.03821656050955414
257845	2	23	384	27	0.0703125
257845	7	39	5	0	0.0
257845	7	16	50	0	0.0
257845	5	17	66	7	0.10606060606060606
257845	2	22	346	28	0.08092485549132948
257845	4	43	20	0	0.0
257845	8	9	1	0	0.0
257845	2	36	15	0	0.0
257845	6	52	4461	259	0.05805873122618247
257845	2	6	35	9	0.2571428571428571
257845	8	53	3	0	0.0
257845	8	52	4	0	0.0
257845	2	27	831	22	0.026474127557160047
257845	6	43	20	0	0.0
257845	8	50	1	0	0.0
257845	4	50	1	0	0.0
257845	6	41	11	0	0.0
257845	4	44	2	0	0.0
257845	2	25	429	6	0.013986013986013986
257845	4	46	2	0	0.0
257845	7	17	17	0	0.0
257845	2	31	64	0	0.0
257845	7	29	116	0	0.0
257845	7	15	48	1	0.020833333333333332
257845	5	38	1890	20	0.010582010582010581
257845	2	33	91	0	0.0
257845	2	18	2	0	0.0
257845	2	19	4926	60	0.012180267965895249
257845	4	2	430	17	0.03953488372093023
257845	4	45	15	0	0.0
263436	7	19	1280	0	0.0
257845	2	24	65	3	0.046153846153846156
263436	2	8	61	1	0.01639344262295082
257845	2	30	671	81	0.12071535022354694
257845	7	28	57	0	0.0
263436	2	9	3309	1	0.0003022061045633122
257845	6	54	6122	421	0.06876837634759883
263436	7	31	565	0	0.0
263436	1	44	155	20	0.12903225806451613
257845	7	14	12	0	0.0
263436	3	41	220	0	0.0
257845	6	40	1482	1	0.0006747638326585695
263436	7	25	28	0	0.0
263436	8	48	930	0	0.0
263436	8	49	170	0	0.0
263436	5	34	97	0	0.0
263436	3	40	33	0	0.0
263436	2	28	27	0	0.0
263436	1	51	11	11	1.0
263436	7	30	469	0	0.0
263436	7	24	244	0	0.0
263436	2	15	3	1	0.3333333333333333
263436	7	18	19	0	0.0
263436	2	14	23	1	0.043478260869565216
263436	5	35	50	0	0.0
263436	5	21	511	0	0.0
263436	1	45	2967	138	0.046511627906976744
263436	5	20	7389	23	0.003112735146839897
263436	3	42	7	0	0.0
263436	7	32	71	0	0.0
263436	1	47	586	19	0.032423208191126277
263436	5	23	129	1	0.007751937984496124
263436	2	29	11587	1090	0.09407094157245188
263436	5	37	10	9	0.9
263436	7	26	175	0	0.0
263436	1	8	148	0	0.0
263436	2	16	45	0	0.0
263436	5	36	30	0	0.0
263436	3	8	209	0	0.0
263436	1	46	141	9	0.06382978723404255
263436	5	22	1242	1	0.0008051529790660225
263436	3	43	75	0	0.0
263436	7	33	158	0	0.0
263436	7	27	23	0	0.0
263436	7	37	221	0	0.0
263436	3	46	52	0	0.0
263436	5	33	325	0	0.0
263436	2	13	260	0	0.0
263436	2	12	668	1	0.0014970059880239522
263436	4	8	136	0	0.0
263436	5	27	27	0	0.0
263436	5	26	433	0	0.0
263436	7	22	970	0	0.0
263436	4	9	11	0	0.0
263436	1	43	1768	112	0.06334841628959276
263436	7	23	104	0	0.0
263436	1	42	1288	55	0.042701863354037264
263436	5	32	44	0	0.0
263436	8	6	627	63	0.10047846889952153
263436	7	8	2075	0	0.0
263436	7	36	447	0	0.0
263436	5	31	12	0	0.0
263436	5	8	195	12	0.06153846153846154
263436	3	44	18	0	0.0
263436	2	38	1	0	0.0
263436	5	18	475	15	0.031578947368421054
263436	7	20	4616	2	0.0004332755632582322
263436	2	11	1622	2	0.0012330456226880395
263436	7	34	97	0	0.0
263436	2	39	2574	1	0.0003885003885003885
263436	5	30	1056	5	0.004734848484848485
263436	2	10	4622	2	0.00043271311120726956
263436	5	25	30	0	0.0
263436	5	19	787	0	0.0
263436	1	41	5623	121	0.021518762226569448
263436	5	24	243	0	0.0
263436	6	48	13343	545	0.04084538709435659
263436	1	40	25	0	0.0
263436	3	45	16	0	0.0
263436	7	21	240	0	0.0
263436	1	27	281	0	0.0
263436	6	9	9	0	0.0
263436	3	22	1245	0	0.0
263436	7	52	103	2	0.019417475728155338
263436	3	36	196	0	0.0
263436	8	17	5	0	0.0
263436	7	46	1	1	1.0
263436	6	49	2511	182	0.0724810832337714
263436	1	32	6	0	0.0
263436	4	16	13	0	0.0
263436	7	35	113	0	0.0
263436	3	23	3249	0	0.0
263436	6	12	1	1	1.0
263436	8	16	98	0	0.0
263436	5	43	4	4	1.0
263436	3	37	308	0	0.0
263436	1	33	298	0	0.0
263436	1	26	96	0	0.0
263436	1	9	123	0	0.0
263436	7	53	3	0	0.0
263436	7	51	90	2	0.022222222222222223
263436	6	11	30	0	0.0
263436	3	35	319	0	0.0
263436	8	14	14	0	0.0
263436	6	39	60	1	0.016666666666666666
263436	4	28	157	0	0.0
263436	1	24	168	0	0.0
263436	1	30	45	0	0.0
263436	3	9	8	0	0.0
263436	6	10	10	6	0.6
263436	3	21	2422	0	0.0
263436	5	54	1377	62	0.04502541757443718
263436	5	40	2607	1	0.0003835826620636747
263436	8	28	2533	0	0.0
263436	4	14	7	0	0.0
263436	2	48	2	0	0.0
263436	8	29	493	0	0.0
263436	3	34	720	0	0.0
263436	7	40	39	0	0.0
263436	3	20	4503	0	0.0
263436	8	15	21	0	0.0
263436	4	15	1	0	0.0
263436	1	19	12628	8	0.0006335128286347799
263436	7	44	1	1	1.0
263436	1	31	919	0	0.0
263436	7	50	7	0	0.0
263436	1	25	1369	1	0.0007304601899196494
263436	6	38	929	49	0.0527448869752422
263436	4	11	134	0	0.0
263436	4	29	3613	0	0.0
263436	3	30	14	0	0.0
263436	4	39	1092	0	0.0
263436	3	24	101	0	0.0
263436	8	11	2	0	0.0
263436	6	14	2998	8	0.00266844563042028
263436	5	44	116	115	0.9913793103448276
263436	8	10	2	0	0.0
263436	6	29	687	101	0.1470160116448326
263436	5	51	747	93	0.12449799196787148
263436	6	15	2997	14	0.004671338004671338
263436	6	28	731	79	0.10807113543091655
263436	8	38	99	2	0.020202020202020204
263436	1	21	2999	1	0.00033344448149383126
263436	3	31	556	0	0.0
263436	8	39	49	0	0.0
263436	7	9	2	0	0.0
263436	5	50	1333	110	0.08252063015753938
263436	1	20	2302	0	0.0
263436	1	35	195	0	0.0
263436	1	34	891	0	0.0
263436	3	25	1164	0	0.0
263436	7	41	1	0	0.0
263436	4	10	56	0	0.0
263436	4	12	18	0	0.0
263436	3	27	556	0	0.0
263436	1	22	1561	0	0.0
263436	7	43	1	0	0.0
263436	6	17	357	0	0.0
263436	3	33	236	0	0.0
263436	3	19	15474	0	0.0
263436	3	26	249	0	0.0
263436	1	36	185	0	0.0
263436	5	46	5	4	0.8
263436	5	53	71	5	0.07042253521126761
263436	3	32	69	0	0.0
263436	1	37	5914	5	0.0008454514710855597
263436	1	23	555	0	0.0
263436	4	13	63	0	0.0
263436	6	16	5246	65	0.012390392680137247
263436	5	52	5535	255	0.04607046070460705
263436	4	36	118	0	0.0
263436	6	33	463	30	0.06479481641468683
263436	6	27	160	3	0.01875
263436	8	36	43	0	0.0
263436	8	22	2019	0	0.0
263436	6	26	268	5	0.018656716417910446
263436	1	12	61	1	0.01639344262295082
263436	2	43	1201	4	0.0033305578684429643
263436	6	7	192	30	0.15625
263436	2	42	1506	5	0.0033200531208499337
263436	4	22	3355	0	0.0
263436	8	37	4	0	0.0
263436	4	5	73	0	0.0
263436	1	13	93	0	0.0
263436	4	23	5559	0	0.0
263436	8	23	540	0	0.0
263436	4	37	52	0	0.0
263436	3	28	53	0	0.0
263436	3	16	1	0	0.0
263436	6	18	1776	56	0.03153153153153153
263436	3	14	5	0	0.0
263436	4	35	25	0	0.0
263436	2	1	2388	287	0.12018425460636516
263436	2	3	297	1	0.003367003367003367
263436	1	11	289	4	0.01384083044982699
263436	8	35	104	0	0.0
263436	6	24	413	78	0.18886198547215496
263436	1	39	4217	6	0.0014228124258951862
263436	6	5	4471	1050	0.2348467904271975
263436	8	21	2213	0	0.0
263436	4	21	5059	0	0.0
263436	2	54	55	0	0.0
263436	4	7	54	0	0.0
263436	6	19	312	5	0.016025641025641024
263436	6	25	39	1	0.02564102564102564
263436	6	30	14711	1681	0.11426823465434029
263436	2	40	29	0	0.0
263436	5	7	923	7	0.007583965330444204
263436	4	34	757	0	0.0
263436	1	38	4	0	0.0
263436	5	49	2021	149	0.07372587827808016
263436	8	34	60	0	0.0
263436	1	10	754	29	0.038461538461538464
263436	8	20	2136	0	0.0
263436	4	20	1550	0	0.0
263436	5	48	5423	460	0.08482389821132215
263436	1	3	1445	0	0.0
263436	3	15	6	0	0.0
263436	7	49	24	2	0.08333333333333333
263436	2	41	12280	36	0.0029315960912052116
263436	3	39	338	0	0.0
263436	4	24	1116	0	0.0
263436	8	18	72	0	0.0
263436	3	29	320	0	0.0
263436	7	1	131	2	0.015267175572519083
263436	6	35	96	4	0.041666666666666664
263436	3	11	27	0	0.0
263436	1	28	40	0	0.0
263436	5	3	103	0	0.0
263436	4	30	932	0	0.0
263436	6	21	2609	240	0.09198926791874282
263436	2	50	4	0	0.0
263436	2	45	2630	5	0.0019011406844106464
263436	8	25	71	0	0.0
263436	8	24	4380	0	0.0
263436	2	44	606	9	0.01485148514851485
263436	2	51	14	13	0.9285714285714286
263436	3	10	48	0	0.0
263436	8	19	868	0	0.0
263436	6	20	2355	6	0.0025477707006369425
263436	6	34	103	10	0.0970873786407767
263436	1	15	1	1	1.0
263436	4	19	3050	0	0.0
263436	2	5	107	90	0.8411214953271028
263436	1	29	588	0	0.0
263436	4	3	2738	0	0.0
263436	8	30	13971	0	0.0
263436	4	31	45	0	0.0
263436	7	48	27	4	0.14814814814814814
263436	4	33	96	0	0.0
263436	4	25	867	0	0.0
263436	4	1	413	1	0.002421307506053269
263436	6	36	30	1	0.03333333333333333
263436	3	38	13	0	0.0
263436	6	1	57	26	0.45614035087719296
263436	8	27	152	0	0.0
263436	3	12	12	0	0.0
263436	6	3	38	1	0.02631578947368421
263436	4	27	3030	0	0.0
263436	2	46	226	0	0.0
263436	2	7	15	0	0.0
263436	6	22	3651	822	0.22514379622021363
263436	3	7	167	0	0.0
263436	8	33	610	0	0.0
263436	8	32	2	0	0.0
263436	2	53	21	0	0.0
263436	1	16	2	2	1.0
263436	3	13	6	0	0.0
263436	4	32	1	0	0.0
263436	4	26	151	0	0.0
263436	6	37	2	0	0.0
263436	1	5	153	60	0.39215686274509803
263436	8	26	102	0	0.0
263436	6	23	562	69	0.12277580071174377
263436	4	6	128	12	0.09375
263436	2	47	11347	18	0.0015863223759584031
263436	7	10	3	0	0.0
263436	7	38	211	0	0.0
263436	5	28	232	0	0.0
263436	5	14	448	4	0.008928571428571428
263436	8	41	3	0	0.0
263436	6	44	28	27	0.9642857142857143
263436	5	29	5	0	0.0
263436	2	35	58	0	0.0
263436	4	41	1502	0	0.0
263436	6	50	348	1	0.0028735632183908046
263436	2	34	333	3	0.009009009009009009
263436	6	45	1	0	0.0
263436	6	51	604	16	0.026490066225165563
263436	2	20	85	0	0.0
263436	2	21	6785	287	0.04229918938835667
263436	5	15	1461	41	0.02806297056810404
263436	8	54	1	0	0.0
263436	4	42	56	0	0.0
263436	8	40	424	0	0.0
263436	7	39	11	0	0.0
263436	2	36	74	0	0.0
263436	5	17	37	1	0.02702702702702703
263436	4	40	38	0	0.0
263436	6	53	44	0	0.0
263436	2	23	1536	49	0.031901041666666664
263436	2	22	1197	20	0.01670843776106934
263436	2	37	1077	2	0.0018570102135561746
263436	6	46	8	0	0.0
263436	7	16	33	0	0.0
263436	5	16	1512	13	0.008597883597883597
263436	4	43	28	0	0.0
263436	4	47	15	0	0.0
263436	6	52	1648	19	0.011529126213592233
263436	2	6	124	46	0.3709677419354839
263436	2	26	8	0	0.0
263436	2	33	167	3	0.017964071856287425
263436	2	27	734	2	0.0027247956403269754
263436	4	46	27	0	0.0
263436	5	12	1	1	1.0
263436	7	15	119	2	0.01680672268907563
263436	7	17	1	0	0.0
263436	6	43	35	1	0.02857142857142857
263436	6	41	32	0	0.0
263436	4	44	29	0	0.0
263436	8	50	1	0	0.0
263436	8	52	6	0	0.0
263436	2	25	289	0	0.0
263436	2	31	179	0	0.0
263436	5	38	1813	5	0.0027578599007170436
263436	7	29	40	0	0.0
263436	2	19	2875	4	0.001391304347826087
263436	5	10	24	23	0.9583333333333334
263436	2	18	1	0	0.0
263436	8	51	6	0	0.0
263436	5	39	19	1	0.05263157894736842
263436	2	30	750	35	0.04666666666666667
263436	2	24	277	8	0.02888086642599278
263436	6	40	2127	19	0.008932769158439116
283543	7	25	8	0	0.0
263436	4	45	2	0	0.0
263436	6	54	5035	15	0.0029791459781529296
283543	7	31	58	0	0.0
263436	7	14	7	0	0.0
283543	7	19	2231	0	0.0
283543	2	8	47	0	0.0
263436	7	28	172	0	0.0
283543	3	41	242	0	0.0
263436	4	2	821	24	0.029232643118148598
283543	4	48	15	0	0.0
283543	1	44	378	67	0.17724867724867724
283543	5	34	1132	3	0.00265017667844523
283543	2	28	7	1	0.14285714285714285
283543	5	35	210	2	0.009523809523809525
283543	8	48	1629	3	0.001841620626151013
283543	7	18	1	0	0.0
283543	8	49	54	0	0.0
283543	2	15	18	18	1.0
283543	3	40	5	0	0.0
283543	4	49	2	0	0.0
283543	1	51	29	29	1.0
283543	2	14	1	1	1.0
283543	2	9	7440	17	0.00228494623655914
283543	1	45	2500	215	0.086
283543	5	21	516	13	0.025193798449612403
283543	5	20	21207	548	0.025840524355165748
283543	2	29	20061	2188	0.10906734459897313
283543	3	8	31	0	0.0
283543	7	30	367	6	0.01634877384196185
283543	1	8	15	1	0.06666666666666667
283543	7	26	126	0	0.0
283543	1	53	1	0	0.0
283543	1	47	494	14	0.02834008097165992
283543	7	32	529	0	0.0
283543	7	24	2211	8	0.003618272274988693
283543	2	16	5	2	0.4
283543	5	36	1371	4	0.0029175784099197666
283543	5	32	437	0	0.0
283543	1	46	67	2	0.029850746268656716
283543	4	8	78	0	0.0
283543	7	37	190	0	0.0
283543	4	9	4	0	0.0
283543	3	43	16	0	0.0
283543	5	37	162	4	0.024691358024691357
283543	5	23	17	0	0.0
283543	5	22	2400	39	0.01625
283543	7	33	382	0	0.0
283543	7	23	37	0	0.0
283543	7	27	5	0	0.0
283543	1	42	263	10	0.03802281368821293
283543	2	13	265	2	0.007547169811320755
283543	5	26	1815	35	0.01928374655647383
283543	5	33	441	11	0.024943310657596373
283543	3	46	15	0	0.0
283543	8	6	576	99	0.171875
283543	2	12	332	1	0.0030120481927710845
283543	7	22	1329	18	0.013544018058690745
283543	7	36	1564	1	0.0006393861892583121
283543	3	44	6	0	0.0
283543	3	50	3	0	0.0
283543	7	34	418	1	0.0023923444976076554
283543	5	19	599	7	0.011686143572621035
283543	7	8	2786	0	0.0
283543	6	48	6596	704	0.10673135233474833
283543	2	38	10	1	0.1
283543	1	43	776	68	0.08762886597938144
283543	1	41	1828	29	0.01586433260393873
283543	5	31	81	0	0.0
283543	5	8	170	18	0.10588235294117647
283543	7	20	15630	5	0.0003198976327575176
283543	2	10	6068	15	0.0024719841793012527
283543	2	39	5920	9	0.0015202702702702704
283543	5	30	2285	10	0.00437636761487965
283543	5	24	1350	11	0.008148148148148147
283543	3	45	38	0	0.0
283543	6	9	7	4	0.5714285714285714
283543	1	40	1	1	1.0
283543	3	51	1	0	0.0
283543	7	21	543	0	0.0
283543	3	22	448	0	0.0
283543	7	35	202	0	0.0
283543	3	36	173	0	0.0
283543	1	27	527	0	0.0
283543	2	11	4904	62	0.01264274061990212
283543	6	49	282	5	0.01773049645390071
283543	5	18	446	4	0.008968609865470852
283543	7	52	57	1	0.017543859649122806
283543	1	33	1805	6	0.0033240997229916896
283543	3	37	604	0	0.0
283543	3	23	1355	0	0.0
283543	8	16	11	3	0.2727272727272727
283543	4	16	1	0	0.0
283543	1	9	564	3	0.005319148936170213
283543	4	14	1	0	0.0
283543	6	39	1	1	1.0
283543	7	53	1	0	0.0
283543	4	28	39	0	0.0
283543	7	45	1	0	0.0
283543	1	24	6	0	0.0
283543	8	14	8	1	0.125
283543	3	9	25	0	0.0
283543	7	51	5	1	0.2
283543	3	35	637	0	0.0
283543	3	21	1007	0	0.0
283543	8	28	326	0	0.0
283543	6	10	50	50	1.0
283543	5	40	3330	10	0.003003003003003003
283543	1	25	1311	55	0.041952707856598014
283543	8	29	803	0	0.0
283543	1	18	3	3	1.0
283543	1	31	2973	1	0.0003363605785401951
283543	5	54	360	14	0.03888888888888889
283543	7	50	16	0	0.0
283543	8	15	37	0	0.0
283543	1	19	22104	812	0.036735432500904816
283543	4	29	5194	0	0.0
283543	7	44	2	1	0.5
283543	3	34	417	0	0.0
283543	4	11	32	0	0.0
283543	3	24	89	0	0.0
283543	6	38	2999	70	0.02334111370456819
283543	4	39	78	0	0.0
283543	3	20	1379	0	0.0
283543	3	30	2	0	0.0
283543	7	40	76	0	0.0
283543	8	11	3	0	0.0
283543	6	28	1116	50	0.044802867383512544
283543	6	14	6096	48	0.007874015748031496
283543	5	44	116	112	0.9655172413793104
283543	5	51	145	68	0.4689655172413793
283543	1	35	42	0	0.0
283543	8	39	18	0	0.0
283543	1	20	13	0	0.0
283543	5	45	3	3	1.0
283543	1	21	3431	61	0.017779073156514134
283543	8	10	1	0	0.0
283543	6	29	500	25	0.05
283543	3	25	347	0	0.0
283543	1	34	21	0	0.0
283543	4	38	7	0	0.0
283543	6	15	5789	28	0.0048367593712212815
283543	5	50	1260	151	0.11984126984126985
283543	3	27	84	0	0.0
283543	7	43	1	0	0.0
283543	8	38	133	0	0.0
283543	3	31	794	10	0.012594458438287154
283543	1	36	41	0	0.0
283543	3	33	921	2	0.002171552660152009
283543	4	10	80	33	0.4125
283543	1	22	24	0	0.0
283543	5	53	32	6	0.1875
283543	3	19	14620	24	0.0016415868673050615
283543	5	52	2027	256	0.1262950172668969
283543	6	17	353	5	0.014164305949008499
283543	1	37	10899	82	0.007523626020735847
283543	6	16	5886	163	0.027692830445124023
283543	3	26	3	0	0.0
283543	1	23	197	1	0.005076142131979695
283543	3	32	185	0	0.0
283543	5	46	1	0	0.0
283543	4	13	1	0	0.0
283543	4	22	1204	0	0.0
283543	1	12	25	0	0.0
283543	6	27	2	0	0.0
283543	8	36	65	0	0.0
283543	4	36	22	0	0.0
283543	2	42	523	2	0.0038240917782026767
283543	2	43	1637	2	0.0012217470983506415
283543	6	33	203	13	0.06403940886699508
283543	8	37	25	0	0.0
283543	1	13	59	0	0.0
283543	6	32	11	1	0.09090909090909091
283543	6	26	672	9	0.013392857142857142
283543	8	22	6857	4	0.0005833454863642993
283543	4	5	4	1	0.25
283543	8	23	578	0	0.0
283543	6	7	205	18	0.08780487804878048
283543	4	23	4593	0	0.0
283543	3	28	6	0	0.0
283543	2	3	77	1	0.012987012987012988
283543	4	37	64	0	0.0
283543	4	21	2382	0	0.0
283543	2	1	2817	496	0.17607383741569044
283543	1	11	715	0	0.0
283543	4	35	25	0	0.0
283543	6	18	1627	25	0.015365703749231715
283543	6	5	3329	759	0.22799639531390808
283543	8	35	112	0	0.0
283543	4	7	11	1	0.09090909090909091
283543	6	24	2839	451	0.15885875308207115
283543	8	21	2106	0	0.0
283543	1	39	7572	38	0.005018489170628632
283543	5	49	86	10	0.11627906976744186
283543	2	54	35	0	0.0
283543	5	7	1828	41	0.022428884026258207
283543	6	31	1	0	0.0
283543	5	48	1197	60	0.05012531328320802
283543	8	34	124	1	0.008064516129032258
283543	1	38	1	1	1.0
283543	6	25	2	0	0.0
283543	4	20	112	0	0.0
283543	6	30	18578	2338	0.12584777694046723
283543	6	19	92	3	0.03260869565217391
283543	2	41	6757	236	0.03492674263726506
283543	4	34	181	0	0.0
283543	3	29	378	0	0.0
283543	1	10	1874	148	0.07897545357524013
283543	1	3	1051	15	0.014272121788772598
283543	3	15	1	0	0.0
283543	8	20	11490	0	0.0
283543	4	30	64	0	0.0
283543	7	1	34	0	0.0
283543	4	24	237	0	0.0
283543	3	39	102	0	0.0
283543	5	3	51	3	0.058823529411764705
283543	3	11	55	0	0.0
283543	8	24	3032	1	0.00032981530343007914
283543	8	18	4	0	0.0
283543	6	35	58	6	0.10344827586206896
283543	8	30	4153	4	0.000963159162051529
283543	1	14	1	1	1.0
283543	6	21	1322	96	0.07261724659606657
283543	2	45	2573	2	0.000777302759424796
283543	2	50	15	1	0.06666666666666667
283543	2	51	8	7	0.875
283543	1	15	30	30	1.0
283543	8	25	10	0	0.0
283543	2	44	1192	21	0.01761744966442953
283543	2	5	67	57	0.8507462686567164
283543	6	34	117	7	0.05982905982905983
283543	8	19	821	0	0.0
283543	4	3	2005	0	0.0
283543	1	29	1158	0	0.0
283543	7	48	86	0	0.0
283543	3	10	33	0	0.0
283543	3	38	103	0	0.0
283543	6	1	85	80	0.9411764705882353
283543	4	31	18	0	0.0
283543	6	20	4990	94	0.018837675350701404
283543	4	25	245	0	0.0
283543	6	3	19	3	0.15789473684210525
283543	4	27	286	0	0.0
283543	4	19	8691	0	0.0
283543	4	33	178	0	0.0
283543	4	1	150	15	0.1
283543	6	36	52	0	0.0
283543	8	27	26	0	0.0
283543	2	7	21	6	0.2857142857142857
283543	3	12	6	0	0.0
283543	1	17	2	2	1.0
283543	2	52	1	0	0.0
283543	2	46	157	2	0.012738853503184714
283543	3	7	148	0	0.0
283543	8	33	813	0	0.0
283543	1	16	2	2	1.0
283543	2	53	10	0	0.0
283543	6	22	10204	1233	0.12083496667973344
283543	8	26	148	0	0.0
283543	8	32	4	0	0.0
283543	2	47	9032	15	0.0016607617360496014
283543	6	23	297	34	0.11447811447811448
283543	8	41	40	0	0.0
283543	1	5	62	46	0.7419354838709677
283543	6	37	39	11	0.28205128205128205
283543	7	38	614	1	0.0016286644951140066
283543	7	10	1	0	0.0
283543	4	6	35	6	0.17142857142857143
283543	4	26	10	0	0.0
283543	4	41	1170	0	0.0
283543	6	50	3013	8	0.002655160969133754
283543	5	15	1999	182	0.09104552276138068
283543	6	44	10	9	0.9
283543	2	20	7	1	0.14285714285714285
283543	2	34	62	0	0.0
283543	5	29	11	0	0.0
283543	5	14	639	1	0.001564945226917058
283543	2	35	31	0	0.0
283543	8	40	86	0	0.0
283543	8	54	14	0	0.0
283543	5	28	509	1	0.0019646365422396855
283543	4	40	16	0	0.0
283543	6	47	99	0	0.0
283543	7	39	9	0	0.0
283543	6	51	428	2	0.004672897196261682
283543	4	42	26	0	0.0
283543	6	53	139	2	0.014388489208633094
283543	5	16	1256	1	0.0007961783439490446
283543	2	23	830	58	0.06987951807228916
283543	2	37	2074	1	0.00048216007714561236
283543	2	21	10858	1149	0.10582059311107019
283543	6	46	9	0	0.0
283543	2	22	526	22	0.04182509505703422
283543	2	36	42	1	0.023809523809523808
283543	4	43	37	0	0.0
283543	5	17	50	1	0.02
283543	7	16	24	1	0.041666666666666664
283543	2	6	71	61	0.8591549295774648
283543	6	52	3117	5	0.0016041065126724415
283543	4	47	25	0	0.0
283543	2	26	1	0	0.0
283543	8	53	3	0	0.0
283543	2	32	2	0	0.0
283543	7	29	194	0	0.0
283543	7	17	6	0	0.0
283543	2	33	462	35	0.07575757575757576
283543	6	41	2	0	0.0
283543	4	46	9	0	0.0
283543	8	50	56	0	0.0
283543	8	52	33	0	0.0
283543	2	27	3338	98	0.029358897543439184
283543	4	50	1	0	0.0
283543	4	44	211	20	0.0947867298578199
283543	2	25	587	8	0.013628620102214651
283543	2	18	1	1	1.0
283543	7	15	63	1	0.015873015873015872
283543	5	10	62	59	0.9516129032258065
283543	2	19	5563	146	0.026244831925220206
283543	5	38	7475	50	0.006688963210702341
283543	2	31	178	0	0.0
283543	6	43	3	0	0.0
283543	5	11	1	1	1.0
283543	8	51	35	0	0.0
283543	4	45	33	8	0.24242424242424243
283543	5	39	2	0	0.0
283543	6	40	2553	23	0.009009009009009009
283543	7	28	35	0	0.0
283543	6	54	4393	19	0.004325062599590257
283543	4	2	484	101	0.20867768595041322
283543	7	14	10	0	0.0
283543	2	24	52	5	0.09615384615384616
283543	2	30	38	0	0.0
